t,Man,MV,MVP,MVI,MVD,MVFF,SP,PV,DV
0.000000000000000000e+00,1.000000000000000000e+00,5.500000000000000000e+01,0.000000000000000000e+00,5.500000000000000000e+01,0.000000000000000000e+00,0.000000000000000000e+00,4.800000000000000000e+01,3.200000000000000000e+01,5.000000000000000000e+01
1.000000000000000000e+00,1.000000000000000000e+00,5.500000000000000000e+01,6.654530744336568659e+01,-7.354275320229695012e+01,6.199744575893126353e+01,0.000000000000000000e+00,4.800000000000000000e+01,3.200664451827242374e+01,5.000000000000000000e+01
2.000000000000000000e+00,1.000000000000000000e+00,5.500000000000000000e+01,6.651767234891246972e+01,-6.925232146195443761e+01,5.773464911304196789e+01,0.000000000000000000e+00,4.800000000000000000e+01,3.201947412280217975e+01,5.000000000000000000e+01
3.000000000000000000e+00,1.000000000000000000e+00,5.500000000000000000e+01,6.646431297529937865e+01,-6.520352869639171445e+01,5.373921572109233580e+01,0.000000000000000000e+00,4.800000000000000000e+01,3.203805838942807327e+01,5.000000000000000000e+01
4.000000000000000000e+00,1.000000000000000000e+00,5.500000000000000000e+01,6.638701949178502559e+01,-6.138156067074997679e+01,4.999454117896495120e+01,0.000000000000000000e+00,4.800000000000000000e+01,3.206265853873004801e+01,5.000000000000000000e+01
5.000000000000000000e+00,1.000000000000000000e+00,5.500000000000000000e+01,6.628470546063174140e+01,-5.776718131396270905e+01,4.648247585333096765e+01,0.000000000000000000e+00,4.800000000000000000e+01,3.209285088767977356e+01,5.000000000000000000e+01
6.000000000000000000e+00,1.000000000000000000e+00,5.500000000000000000e+01,6.615913301417569414e+01,-5.434789740549974368e+01,4.318876439132404954e+01,0.000000000000000000e+00,4.800000000000000000e+01,3.212823855031768261e+01,5.000000000000000000e+01
7.000000000000000000e+00,1.000000000000000000e+00,5.500000000000000000e+01,6.601195283355433219e+01,-5.111197468336770555e+01,4.010002184981337336e+01,0.000000000000000000e+00,4.800000000000000000e+01,3.216844976083064012e+01,5.000000000000000000e+01
8.000000000000000000e+00,1.000000000000000000e+00,5.500000000000000000e+01,6.584471112316340680e+01,-4.804839183053974949e+01,3.720368070737634270e+01,0.000000000000000000e+00,4.800000000000000000e+01,3.221313630145126439e+01,5.000000000000000000e+01
9.000000000000000000e+00,1.000000000000000000e+00,5.500000000000000000e+01,6.565885614915217161e+01,-4.514679724058184718e+01,3.448794109142967557e+01,0.000000000000000000e+00,4.800000000000000000e+01,3.226197202862746849e+01,5.000000000000000000e+01
1.000000000000000000e+01,1.000000000000000000e+00,5.500000000000000000e+01,6.545574436920462347e+01,-4.239746839537772871e+01,3.194172402617310169e+01,0.000000000000000000e+00,4.800000000000000000e+01,3.231465149132016990e+01,5.000000000000000000e+01
1.100000000000000000e+01,1.000000000000000000e+00,5.500000000000000000e+01,6.523664617915230224e+01,-3.979127369784812629e+01,2.955462751869582760e+01,0.000000000000000000e+00,4.800000000000000000e+01,3.237088863567110053e+01,5.000000000000000000e+01
1.200000000000000000e+01,1.000000000000000000e+00,5.500000000000000000e+01,6.500275130036669680e+01,-3.731963661195734261e+01,2.731688531159064581e+01,0.000000000000000000e+00,4.800000000000000000e+01,3.243041559064257484e+01,5.000000000000000000e+01
1.300000000000000000e+01,1.000000000000000000e+00,5.500000000000000000e+01,6.475517383038268804e+01,-3.497450197114001469e+01,2.521932814075732665e+01,0.000000000000000000e+00,4.800000000000000000e+01,3.249298152956819052e+01,5.000000000000000000e+01
1.400000000000000000e+01,1.000000000000000000e+00,5.500000000000000000e+01,6.449495697780218961e+01,-3.274830432459759777e+01,2.325334734679540460e+01,0.000000000000000000e+00,4.800000000000000000e+01,3.255835160287014673e+01,5.000000000000000000e+01
1.500000000000000000e+01,1.000000000000000000e+00,5.500000000000000000e+01,6.422307750121007075e+01,-3.063393819873016000e+01,2.141086069752008925e+01,0.000000000000000000e+00,4.800000000000000000e+01,3.262630593749506147e+01,5.000000000000000000e+01
1.600000000000000000e+01,1.000000000000000000e+00,5.500000000000000000e+01,6.394044987060229346e+01,-2.862473015832596346e+01,1.968428028772367000e+01,0.000000000000000000e+00,4.800000000000000000e+01,3.269663869889824070e+01,5.000000000000000000e+01
1.700000000000000000e+01,1.000000000000000000e+00,5.500000000000000000e+01,6.364793016867007935e+01,-2.671441255904703738e+01,1.806648239037695802e+01,0.000000000000000000e+00,4.800000000000000000e+01,3.276915721166723472e+01,5.000000000000000000e+01
1.800000000000000000e+01,1.000000000000000000e+00,5.500000000000000000e+01,6.334631974819831157e+01,-2.489709888925040104e+01,1.655077914105208947e+01,0.000000000000000000e+00,4.800000000000000000e+01,3.284368113511938958e+01,5.000000000000000000e+01
1.900000000000000000e+01,1.000000000000000000e+00,5.500000000000000000e+01,6.303636866082271695e+01,-2.316726060530528386e+01,1.513089194448256691e+01,0.000000000000000000e+00,4.800000000000000000e+01,3.292004169043764250e+01,5.000000000000000000e+01
2.000000000000000000e+01,1.000000000000000000e+00,5.500000000000000000e+01,6.271877887143526209e+01,-2.151970537031386144e+01,1.380092649887859935e+01,0.000000000000000000e+00,4.800000000000000000e+01,3.299808093612316640e+01,5.000000000000000000e+01
2.100000000000000000e+01,1.000000000000000000e+00,5.500000000000000000e+01,6.239420727163579272e+01,-1.994955661155475468e+01,1.255534933991896196e+01,0.000000000000000000e+00,4.800000000000000000e+01,3.307765108874512094e+01,5.000000000000000000e+01
2.200000000000000000e+01,1.000000000000000000e+00,5.500000000000000000e+01,6.206326850478932045e+01,-1.845223431705149864e+01,1.138896581226217997e+01,0.000000000000000000e+00,4.800000000000000000e+01,3.315861388615624605e+01,5.000000000000000000e+01
2.300000000000000000e+01,1.000000000000000000e+00,5.500000000000000000e+01,6.172653761446443355e+01,-1.702343699645212638e+01,1.029689938198769106e+01,0.000000000000000000e+00,4.800000000000000000e+01,3.324083999052015059e+01,5.000000000000000000e+01
2.400000000000000000e+01,1.000000000000000000e+00,5.500000000000000000e+01,6.138455252729153955e+01,-1.565912473590067222e+01,9.274572208609132673e+00,0.000000000000000000e+00,4.800000000000000000e+01,3.332420842866198996e+01,5.000000000000000000e+01
2.500000000000000000e+01,1.000000000000000000e+00,5.500000000000000000e+01,6.103781638059016501e+01,-1.435550328080958948e+01,8.317686900219424473e+00,0.000000000000000000e+00,4.800000000000000000e+01,3.340860606740966432e+01,5.000000000000000000e+01
2.600000000000000000e+01,1.000000000000000000e+00,5.500000000000000711e+01,6.068679970446778782e+01,-1.310900908441694313e+01,7.422209379949156194e+00,0.000000000000000000e+00,4.800000000000000000e+01,3.349392712173867181e+01,5.000000000000000000e+01
2.700000000000000000e+01,1.000000000000000000e+00,5.500000000000000000e+01,6.033194246748553979e+01,-1.191629526374781634e+01,6.584352796262276541e+00,0.000000000000000000e+00,4.800000000000000000e+01,3.358007269367017500e+01,5.000000000000000000e+01
2.800000000000000000e+01,1.000000000000000000e+00,5.500000000000000000e+01,5.997365599441889117e+01,-1.077421840811485509e+01,5.800562413695963926e+00,0.000000000000000000e+00,4.800000000000000000e+01,3.366695034000021280e+01,5.000000000000000000e+01
2.900000000000000000e+01,1.000000000000000000e+00,5.499999999999999289e+01,5.961232476410711456e+01,-9.679826188593633418e+00,5.067501424486517969e+00,0.000000000000000000e+00,4.800000000000000000e+01,3.375447366705798657e+01,5.000000000000000000e+01
3.000000000000000000e+01,1.000000000000000000e+00,5.500000000000000000e+01,5.924830809488675243e+01,-8.630345720015274225e+00,4.382037625128521796e+00,0.000000000000000000e+00,4.800000000000000000e+01,3.384256195080382668e+01,5.000000000000000000e+01
3.100000000000000000e+01,1.000000000000000000e+00,5.500000000000000000e+01,5.888194172463516907e+01,-7.623172629937009503e+00,3.741230905301840881e+00,0.000000000000000000e+00,4.800000000000000000e+01,3.393113978068308256e+01,5.000000000000000000e+01
3.200000000000000000e+01,1.000000000000000000e+00,5.500000000000000000e+01,5.851353929201134463e+01,-6.655860791795493725e+00,3.142321499784148653e+00,0.000000000000000000e+00,4.800000000000000000e+01,3.402013672575100145e+01,5.000000000000000000e+01
3.300000000000000000e+01,1.000000000000000000e+00,5.500000000000000000e+01,5.814339372506977810e+01,-5.726112682028440481e+00,2.582718956958662382e+00,0.000000000000000000e+00,4.800000000000000000e+01,3.410948702167669211e+01,5.000000000000000000e+01
3.400000000000000000e+01,1.000000000000000000e+00,5.500000000000000000e+01,5.777177854303660354e+01,-4.831770323373291376e+00,2.059991780336687839e+00,0.000000000000000000e+00,4.800000000000000000e+01,3.419912927732107732e+01,5.000000000000000000e+01
3.500000000000000000e+01,1.000000000000000000e+00,5.500000000000000000e+01,5.739894907667583368e+01,-3.970806778832453698e+00,1.571857702156620018e+00,0.000000000000000000e+00,4.800000000000000000e+01,3.428900619966543672e+01,5.000000000000000000e+01
3.600000000000000000e+01,1.000000000000000000e+00,5.500000000000000000e+01,5.702514361233402695e+01,-3.141318162936320491e+00,1.116174550602293314e+00,0.000000000000000000e+00,4.800000000000000000e+01,3.437906433594348954e+01,5.000000000000000000e+01
3.700000000000000000e+01,1.000000000000000000e+00,5.500000000000000000e+01,5.665058446443405415e+01,-2.341516138950030967e+00,6.909316745159768125e-01,0.000000000000000000e+00,4.800000000000000000e+01,3.446925383190179559e+01,5.000000000000000000e+01
3.800000000000000000e+01,1.000000000000000000e+00,5.500000000000000000e+01,5.627547898088982237e+01,-1.569720872561672920e+00,2.942418916718506638e-01,0.000000000000000000e+00,4.800000000000000000e+01,3.455952820518027835e+01,5.000000000000000000e+01
3.900000000000000000e+01,1.000000000000000000e+00,5.500000000000000000e+01,5.590002048563520987e+01,-8.243544143704228944e-01,-7.566607126478691603e-02,0.000000000000000000e+00,4.800000000000000000e+01,3.464984413286791209e+01,5.000000000000000000e+01
4.000000000000000000e+01,1.000000000000000000e+00,5.500000000000000000e+01,5.552438916219731624e+01,-1.039344851633439704e-01,-4.204546770339722683e-01,0.000000000000000000e+00,4.800000000000000000e+01,3.474016125234741992e+01,5.000000000000000000e+01
4.100000000000000000e+01,1.000000000000000000e+00,5.500000000000000000e+01,5.514875288199962711e+01,5.929313604565434881e-01,-7.416842424561705949e-01,0.000000000000000000e+00,4.800000000000000000e+01,3.483044197459843616e+01,5.000000000000000000e+01
4.200000000000000000e+01,1.000000000000000000e+00,5.500000000000000000e+01,5.477326798084943960e+01,1.267551215053034586e+00,-1.040819195902474181e+00,0.000000000000000000e+00,4.800000000000000000e+01,3.492065130918037141e+01,5.000000000000000000e+01
4.300000000000000000e+01,1.000000000000000000e+00,5.500000000000000000e+01,5.439807998684841550e+01,1.921153965523244578e+00,-1.319233952371660079e+00,0.000000000000000000e+00,4.800000000000000000e+01,3.501075670016493291e+01,5.000000000000000000e+01
4.400000000000000000e+01,1.000000000000000000e+00,5.500000000000000000e+01,5.402332430276264574e+01,2.554894126716285019e+00,-1.578218429478930762e+00,0.000000000000000000e+00,4.800000000000000000e+01,3.510072787233382741e+01,5.000000000000000000e+01
4.500000000000000000e+01,1.000000000000000000e+00,5.500000000000000000e+01,5.364912684569895873e+01,3.169856380546089536e+00,-1.818983226245048268e+00,0.000000000000000000e+00,4.800000000000000000e+01,3.519053668700011883e+01,5.000000000000000000e+01
4.600000000000000000e+01,1.000000000000000000e+00,5.500000000000000000e+01,5.327560464675566720e+01,3.767059838489386969e+00,-2.042664485245054173e+00,0.000000000000000000e+00,4.800000000000000000e+01,3.528015700685150335e+01,5.000000000000000000e+01
4.700000000000000000e+01,1.000000000000000000e+00,5.500000000000000000e+01,5.290286641315046978e+01,4.347462044274410964e+00,-2.250328457424880746e+00,0.000000000000000000e+00,4.800000000000000000e+01,3.536956456925179282e+01,5.000000000000000000e+01
4.800000000000000000e+01,1.000000000000000000e+00,5.500000000000000000e+01,5.253101305516990038e+01,4.911962732552048294e+00,-2.442975787721948233e+00,0.000000000000000000e+00,4.800000000000000000e+01,3.545873686747164300e+01,5.000000000000000000e+01
4.900000000000000000e+01,1.000000000000000000e+00,5.500000000000000000e+01,5.216013818014043579e+01,5.461407358380562016e+00,-2.621545538520997809e+00,0.000000000000000000e+00,4.800000000000000000e+01,3.554765303935309362e+01,5.000000000000000000e+01
5.000000000000000000e+01,1.000000000000000000e+00,5.500000000000000000e+01,5.179032855548179270e+01,5.996590411460601899e+00,-2.786918966942394604e+00,0.000000000000000000e+00,4.800000000000000000e+01,3.563629376294312578e+01,5.000000000000000000e+01
5.100000000000000000e+01,1.000000000000000000e+00,5.500000000000000000e+01,5.142166454277547416e+01,6.518258528210083114e+00,-2.939923070985557718e+00,0.000000000000000000e+00,4.800000000000000000e+01,3.572464115866061007e+01,5.000000000000000000e+01
5.200000000000000000e+01,1.000000000000000000e+00,5.500000000000000000e+01,5.105422050466042805e+01,7.027113413976088907e+00,-3.081333918636516955e+00,0.000000000000000000e+00,4.800000000000000000e+01,3.581267869758827516e+01,5.000000000000000000e+01
5.300000000000000000e+01,1.000000000000000000e+00,5.500000000000000000e+01,5.068806518625425639e+01,7.523814586935701598e+00,-3.211879773189957987e+00,0.000000000000000000e+00,4.800000000000000000e+01,3.590039111550674988e+01,5.000000000000000000e+01
5.400000000000000000e+01,1.000000000000000000e+00,5.499999999999999289e+01,5.032326207269264273e+01,8.008981954536441350e+00,-3.332244027229084971e+00,0.000000000000000000e+00,4.800000000000000000e+01,3.598776433231184768e+01,5.000000000000000000e+01
5.500000000000000000e+01,1.000000000000000000e+00,5.500000000000000000e+01,4.995986972427945005e+01,8.483198232670199346e+00,-3.443067956949649844e+00,0.000000000000000000e+00,4.800000000000000000e+01,3.607478537647842387e+01,5.000000000000000000e+01
5.600000000000000000e+01,1.000000000000000000e+00,5.500000000000000000e+01,4.959794209064772730e+01,8.947011217153985285e+00,-3.544953307801712139e+00,0.000000000000000000e+00,4.800000000000000000e+01,3.616144231425544575e+01,5.000000000000000000e+01
5.700000000000000000e+01,1.000000000000000000e+00,5.500000000000000000e+01,4.923752880524319409e+01,9.400935916512105806e+00,-3.638464721755299447e+00,0.000000000000000000e+00,4.800000000000000000e+01,3.624772418329644097e+01,5.000000000000000000e+01
5.800000000000000000e+01,1.000000000000000000e+00,5.500000000000000000e+01,4.887867546136062202e+01,9.845456554506823110e+00,-3.724132015867444689e+00,0.000000000000000000e+00,4.800000000000000000e+01,3.633362093044807750e+01,5.000000000000000000e+01
5.900000000000000000e+01,1.000000000000000000e+00,5.500000000000000000e+01,4.852142387088620268e+01,1.028102845035252955e+01,-3.802452321238732225e+00,0.000000000000000000e+00,4.800000000000000000e+01,3.641912335343690188e+01,5.000000000000000000e+01
6.000000000000000000e+01,1.000000000000000000e+00,5.500000000000000000e+01,4.816581230682719905e+01,1.070807978406609884e+01,-3.873892090893297446e+00,0.000000000000000000e+00,4.800000000000000000e+01,3.650422304621057634e+01,5.000000000000000000e+01
6.100000000000000000e+01,1.000000000000000000e+00,5.500000000000000000e+01,4.781187573064219265e+01,1.112701325395402741e+01,-3.938888984596219611e+00,0.000000000000000000e+00,4.800000000000000000e+01,3.658891234770507594e+01,5.000000000000000000e+01
6.200000000000000000e+01,1.000000000000000000e+00,5.500000000000000000e+01,4.745964600532248312e+01,1.153820763281065886e+01,-3.997853638133141985e+00,0.000000000000000000e+00,4.800000000000000000e+01,3.667318429382372358e+01,5.000000000000000000e+01
6.300000000000000000e+01,1.000000000000000000e+00,5.500000000000000000e+01,4.710915209511522050e+01,1.194201922900332846e+01,-4.051171324118549855e+00,0.000000000000000000e+00,4.800000000000000000e+01,3.675703257242723510e+01,5.000000000000000000e+01
6.400000000000000000e+01,1.000000000000000000e+00,5.500000000000000000e+01,4.676042025272349179e+01,1.233878325824422717e+01,-4.099203510967718955e+00,0.000000000000000000e+00,4.800000000000000000e+01,3.684045148114647361e+01,5.000000000000000000e+01
6.500000000000000000e+01,1.000000000000000000e+00,5.500000000000000000e+01,4.641347419476650771e+01,1.272881513149591548e+01,-4.142289326262423188e+00,0.000000000000000000e+00,4.800000000000000000e+01,3.692343588784155628e+01,5.000000000000000000e+01
6.600000000000000000e+01,1.000000000000000000e+00,5.500000000000000000e+01,4.606833526623340447e+01,1.311241166412760784e+01,-4.180746930361012303e+00,0.000000000000000000e+00,4.800000000000000000e+01,3.700598119354167181e+01,5.000000000000000000e+01
6.700000000000000000e+01,1.000000000000000000e+00,5.500000000000000000e+01,4.572502259461960961e+01,1.348985221112551613e+01,-4.214874805745124853e+00,0.000000000000000000e+00,4.800000000000000000e+01,3.708808329771068202e+01,5.000000000000000000e+01
6.800000000000000000e+01,1.000000000000000000e+00,5.500000000000000711e+01,4.538355323438997857e+01,1.386139973287150085e+01,-4.244952967261478527e+00,0.000000000000000000e+00,4.800000000000000000e+01,3.716973856569294554e+01,5.000000000000000000e+01
6.900000000000000000e+01,1.000000000000000000e+00,5.500000000000000000e+01,4.504394230237434726e+01,1.422730179572657683e+01,-4.271244098100924091e+00,0.000000000000000000e+00,4.800000000000000000e+01,3.725094379820313151e+01,5.000000000000000000e+01
7.000000000000000000e+01,1.000000000000000000e+00,5.500000000000000000e+01,4.470620310466183156e+01,1.458779151140034003e+01,-4.293994616062171588e+00,0.000000000000000000e+00,4.800000000000000000e+01,3.733169620273216083e+01,5.000000000000000000e+01
7.100000000000000000e+01,1.000000000000000000e+00,5.500000000000000000e+01,4.437034725552587133e+01,1.494308841884338435e+01,-4.313435674369256567e+00,0.000000000000000000e+00,4.800000000000000000e+01,3.741199336674943510e+01,5.000000000000000000e+01
7.200000000000000000e+01,1.000000000000000000e+00,5.500000000000000000e+01,4.403638478887837948e+01,1.529339931217274540e+01,-4.329784101051124878e+00,0.000000000000000000e+00,4.800000000000000000e+01,3.749183323258913703e+01,5.000000000000000000e+01
7.300000000000000000e+01,1.000000000000000000e+00,5.500000000000000000e+01,4.370432426271963067e+01,1.563891901792771044e+01,-4.343243280647341109e+00,0.000000000000000000e+00,4.800000000000000000e+01,3.757121407391510814e+01,5.000000000000000000e+01
7.400000000000000000e+01,1.000000000000000000e+00,5.500000000000000000e+01,4.337417285702276359e+01,1.597983112474993028e+01,-4.354003981772693876e+00,0.000000000000000000e+00,4.800000000000000000e+01,3.765013447366575861e+01,5.000000000000000000e+01
7.500000000000000000e+01,1.000000000000000000e+00,5.500000000000000711e+01,4.304593646546274499e+01,1.631630866839625682e+01,-4.362245133859000923e+00,0.000000000000000000e+00,4.800000000000000000e+01,3.772859330338634720e+01,5.000000000000000000e+01
7.600000000000000000e+01,1.000000000000000000e+00,5.500000000000000000e+01,4.271961978137504445e+01,1.664851477481335706e+01,-4.368134556188401518e+00,0.000000000000000000e+00,4.800000000000000000e+01,3.780658970386186013e+01,5.000000000000000000e+01
7.700000000000000000e+01,1.000000000000000000e+00,5.500000000000000000e+01,4.239522637830511087e+01,1.697660326383731189e+01,-4.371829642142421868e+00,0.000000000000000000e+00,4.800000000000000000e+01,3.788412306696919529e+01,5.000000000000000000e+01
7.800000000000000000e+01,1.000000000000000000e+00,5.500000000000000711e+01,4.207275878548662718e+01,1.730071921592584872e+01,-4.373478001412475002e+00,0.000000000000000000e+00,4.800000000000000000e+01,3.796119301867237539e+01,5.000000000000000000e+01
7.900000000000000000e+01,1.000000000000000000e+00,5.500000000000000000e+01,4.175221855856578657e+01,1.762099950418347305e+01,-4.373218062749257840e+00,0.000000000000000000e+00,4.800000000000000000e+01,3.803779940308918839e+01,5.000000000000000000e+01
8.000000000000000000e+01,1.000000000000000000e+00,5.500000000000000000e+01,4.143360634586944258e+01,1.793757329380100174e+01,-4.371179639670444317e+00,0.000000000000000000e+00,4.800000000000000000e+01,3.811394226756245018e+01,5.000000000000000000e+01
8.100000000000000000e+01,1.000000000000000000e+00,5.500000000000000000e+01,4.111692195049496235e+01,1.825056251090439474e+01,-4.367484461399356199e+00,0.000000000000000000e+00,4.800000000000000000e+01,3.818962184867280740e+01,5.000000000000000000e+01
8.200000000000000000e+01,1.000000000000000000e+00,5.500000000000000000e+01,4.080216438848409410e+01,1.856008228268226290e+01,-4.362246671166357892e+00,0.000000000000000000e+00,4.800000000000000000e+01,3.826483855913430432e+01,5.000000000000000000e+01
8.300000000000000000e+01,1.000000000000000000e+00,5.500000000000000000e+01,4.048933194332541063e+01,1.886624135055032880e+01,-4.355573293875738550e+00,0.000000000000000000e+00,4.800000000000000000e+01,3.833959297551752599e+01,5.000000000000000000e+01
8.400000000000000000e+01,1.000000000000000000e+00,5.500000000000000000e+01,4.017842221701473449e+01,1.916914245800314731e+01,-4.347564675017881797e+00,0.000000000000000000e+00,4.800000000000000000e+01,3.841388582674835561e+01,5.000000000000000000e+01
8.500000000000000000e+01,1.000000000000000000e+00,5.500000000000000000e+01,3.986943217788974891e+01,1.946888271470077214e+01,-4.338314892590520166e+00,0.000000000000000000e+00,4.800000000000000000e+01,3.848771798333406480e+01,5.000000000000000000e+01
8.600000000000000000e+01,1.000000000000000000e+00,5.500000000000000000e+01,3.956235820543957971e+01,1.976555393824706286e+01,-4.327912143686642565e+00,0.000000000000000000e+00,4.800000000000000000e+01,3.856109044727099189e+01,5.000000000000000000e+01
8.700000000000000000e+01,1.000000000000000000e+00,5.500000000000000000e+01,3.925719613227957439e+01,2.005924297502354392e+01,-4.316439107303118305e+00,0.000000000000000000e+00,4.800000000000000000e+01,3.863400434259129668e+01,5.000000000000000000e+01
8.800000000000000000e+01,1.000000000000000000e+00,5.499999999999999289e+01,3.895394128346813289e+01,2.035003200136231882e+01,-4.303973284830452606e+00,0.000000000000000000e+00,4.800000000000000000e+01,3.870646090650873816e+01,5.000000000000000000e+01
8.900000000000000000e+01,1.000000000000000000e+00,5.500000000000000000e+01,3.865258851333212675e+01,2.063799880626167038e+01,-4.290587319593798021e+00,0.000000000000000000e+00,4.800000000000000000e+01,3.877846148112598712e+01,5.000000000000000000e+01
9.000000000000000000e+01,1.000000000000000000e+00,5.500000000000000000e+01,3.835313223995689214e+01,2.092321705677475308e+01,-4.276349296731643435e+00,0.000000000000000000e+00,4.800000000000000000e+01,3.885000750566837269e+01,5.000000000000000000e+01
9.100000000000000000e+01,1.000000000000000000e+00,5.500000000000000000e+01,3.805556647748666421e+01,2.120575654713327651e+01,-4.261323024619938948e+00,0.000000000000000000e+00,4.800000000000000000e+01,3.892110050921099429e+01,5.000000000000000000e+01
9.200000000000000000e+01,1.000000000000000000e+00,5.500000000000000000e+01,3.775988486637316299e+01,2.148568343260159708e+01,-4.245568298974758292e+00,0.000000000000000000e+00,4.800000000000000000e+01,3.899174210386843242e+01,5.000000000000000000e+01
9.300000000000000000e+01,1.000000000000000000e+00,5.500000000000000000e+01,3.746608070170010762e+01,2.176306044899794756e+01,-4.229141150698053409e+00,0.000000000000000000e+00,4.800000000000000000e+01,3.906193397841803261e+01,5.000000000000000000e+01
9.400000000000000000e+01,1.000000000000000000e+00,5.500000000000000000e+01,3.717414695970452954e+01,2.203794711876056311e+01,-4.212094078465091762e+00,0.000000000000000000e+00,4.800000000000000000e+01,3.913167789232960558e+01,5.000000000000000000e+01
9.500000000000000000e+01,1.000000000000000000e+00,5.500000000000000000e+01,3.688407632260769731e+01,2.231039994438341267e+01,-4.194476266991111757e+00,0.000000000000000000e+00,4.800000000000000000e+01,3.920097567017610629e+01,5.000000000000000000e+01
9.600000000000000000e+01,1.000000000000000000e+00,5.499999999999999289e+01,3.659586120186160940e+01,2.258047258999575391e+01,-4.176333791857364197e+00,0.000000000000000000e+00,4.800000000000000000e+01,3.926982919640143166e+01,5.000000000000000000e+01
9.700000000000000000e+01,1.000000000000000000e+00,5.500000000000000000e+01,3.630949375991009731e+01,2.284821605181254256e+01,-4.157709811722639870e+00,0.000000000000000000e+00,4.800000000000000000e+01,3.933824041042299058e+01,5.000000000000000000e+01
9.800000000000000000e+01,1.000000000000000000e+00,5.500000000000000000e+01,3.602496593055769125e+01,2.311367881813811209e+01,-4.138644748695801567e+00,0.000000000000000000e+00,4.800000000000000000e+01,3.940621130204795008e+01,5.000000000000000000e+01
9.900000000000000000e+01,1.000000000000000000e+00,5.500000000000000000e+01,3.574226943803378020e+01,2.337690701956289985e+01,-4.119176457596680940e+00,0.000000000000000000e+00,4.800000000000000000e+01,3.947374390718372439e+01,5.000000000000000000e+01
1.000000000000000000e+02,1.000000000000000000e+00,5.500000000000000000e+01,3.546139581483306102e+01,2.363794456995637461e+01,-4.099340384789435632e+00,0.000000000000000000e+00,4.800000000000000000e+01,3.954084030382399817e+01,5.000000000000000000e+01
1.010000000000000000e+02,1.000000000000000000e+00,5.500000000000000000e+01,3.518233641840999582e+01,2.389683329881851748e+01,-4.079169717228513292e+00,0.000000000000000000e+00,4.800000000000000000e+01,3.960750260829325953e+01,5.000000000000000000e+01
1.020000000000000000e+02,1.000000000000000000e+00,5.500000000000000000e+01,3.490508244679810446e+01,2.415361307552204551e+01,-4.058695522320151738e+00,0.000000000000000000e+00,4.800000000000000000e+01,3.967373297173347879e+01,5.000000000000000000e+01
1.030000000000000000e+02,1.000000000000000000e+00,5.500000000000000000e+01,3.462962495322215517e+01,2.440832192594153938e+01,-4.037946879163694547e+00,0.000000000000000000e+00,4.800000000000000000e+01,3.973953357681775600e+01,5.000000000000000000e+01
1.040000000000000000e+02,1.000000000000000000e+00,5.500000000000000000e+01,3.435595485976635644e+01,2.466099614193667833e+01,-4.016951001703034763e+00,0.000000000000000000e+00,4.800000000000000000e+01,3.980490663467683987e+01,5.000000000000000000e+01
1.050000000000000000e+02,1.000000000000000000e+00,5.500000000000000000e+01,3.408406297015725528e+01,2.491167038412918799e+01,-3.995733354286444161e+00,0.000000000000000000e+00,4.800000000000000000e+01,3.986985438202498244e+01,5.000000000000000000e+01
1.060000000000000000e+02,1.000000000000000000e+00,5.500000000000000000e+01,3.381393998171748905e+01,2.516037777838367973e+01,-3.974317760101170105e+00,0.000000000000000000e+00,4.800000000000000000e+01,3.993437907847273038e+01,5.000000000000000000e+01
1.070000000000000000e+02,1.000000000000000000e+00,5.500000000000000000e+01,3.354557649654216078e+01,2.540715000637954546e+01,-3.952726502921705354e+00,0.000000000000000000e+00,4.800000000000000000e+01,3.999848300401492907e+01,5.000000000000000000e+01
1.080000000000000000e+02,1.000000000000000000e+00,5.500000000000000000e+01,3.327896303194639671e+01,2.565201739063687114e+01,-3.930980422583267853e+00,0.000000000000000000e+00,4.800000000000000000e+01,4.006216845668285487e+01,5.000000000000000000e+01
1.090000000000000000e+02,1.000000000000000000e+00,5.500000000000000000e+01,3.301409003023033506e+01,2.589500897433603654e+01,-3.909099004566370272e+00,0.000000000000000000e+00,4.800000000000000000e+01,4.012543775035026528e+01,5.000000000000000000e+01
1.100000000000000000e+02,1.000000000000000000e+00,5.500000000000000000e+01,3.275094786780393719e+01,2.613615259625143850e+01,-3.887100464055375681e+00,0.000000000000000000e+00,4.800000000000000000e+01,4.018829321268366073e+01,5.000000000000000000e+01
1.110000000000000000e+02,1.000000000000000000e+00,5.500000000000000000e+01,3.248952686371201537e+01,2.637547496109907996e+01,-3.865001824811095332e+00,0.000000000000000000e+00,4.800000000000000000e+01,4.025073718322767036e+01,5.000000000000000000e+01
1.120000000000000000e+02,1.000000000000000000e+00,5.500000000000000711e+01,3.222981728759729236e+01,2.661300170557933953e+01,-3.842818993176631004e+00,0.000000000000000000e+00,4.800000000000000000e+01,4.031277201161708490e+01,5.000000000000000000e+01
1.130000000000000000e+02,1.000000000000000000e+00,5.500000000000000000e+01,3.197180936713666455e+01,2.684875746037955935e+01,-3.820566827516223007e+00,0.000000000000000000e+00,4.800000000000000000e+01,4.037440005590762837e+01,5.000000000000000000e+01
1.140000000000000000e+02,1.000000000000000000e+00,5.500000000000000000e+01,3.171549329498369119e+01,2.708276590838488929e+01,-3.798259203368580028e+00,0.000000000000000000e+00,4.800000000000000000e+01,4.043562368101795101e+01,5.000000000000000000e+01
1.150000000000000000e+02,1.000000000000000000e+00,5.500000000000000000e+01,3.146085923524845640e+01,2.731504983932998698e+01,-3.775909074578441604e+00,0.000000000000000000e+00,4.800000000000000000e+01,4.049644525727578781e+01,5.000000000000000000e+01
1.160000000000000000e+02,1.000000000000000000e+00,5.500000000000000711e+01,3.120789732954421325e+01,2.754563120110967844e+01,-3.753528530653891249e+00,0.000000000000000000e+00,4.800000000000000000e+01,4.055686715906188766e+01,5.000000000000000000e+01
1.170000000000000000e+02,1.000000000000000000e+00,5.500000000000000000e+01,3.095659770262740906e+01,2.777453114795517664e+01,-3.731128850582585699e+00,0.000000000000000000e+00,4.800000000000000000e+01,4.061689176354538233e+01,5.000000000000000000e+01
1.180000000000000000e+02,1.000000000000000000e+00,5.500000000000000000e+01,3.070695046765737501e+01,2.800177008566699399e+01,-3.708720553324368119e+00,0.000000000000000000e+00,4.800000000000000000e+01,4.067652144950497473e+01,5.000000000000000000e+01
1.190000000000000000e+02,1.000000000000000000e+00,5.499999999999999289e+01,3.045894573109909587e+01,2.822736771408654022e+01,-3.686313445185637860e+00,0.000000000000000000e+00,4.800000000000000000e+01,4.073575859623042561e+01,5.000000000000000000e+01
1.200000000000000000e+02,1.000000000000000000e+00,5.500000000000000000e+01,3.021257359729204239e+01,2.845134306697514148e+01,-3.663916664267185208e+00,0.000000000000000000e+00,4.800000000000000000e+01,4.079460558249935787e+01,5.000000000000000000e+01
1.210000000000000000e+02,1.000000000000000000e+00,5.500000000000000000e+01,2.996782417270568999e+01,2.867371454946051301e+01,-3.641538722166204778e+00,0.000000000000000000e+00,4.800000000000000000e+01,4.085306478562459631e+01,5.000000000000000000e+01
1.220000000000000000e+02,1.000000000000000000e+00,5.500000000000000000e+01,2.972468756990174299e+01,2.889449997319986352e+01,-3.619187543101606064e+00,0.000000000000000000e+00,4.800000000000000000e+01,4.091113858056759511e+01,5.000000000000000000e+01
1.230000000000000000e+02,1.000000000000000000e+00,5.500000000000000000e+01,2.948315391122144291e+01,2.911371658940004892e+01,-3.596870500621490940e+00,0.000000000000000000e+00,4.800000000000000000e+01,4.096882933911372504e+01,5.000000000000000000e+01
1.240000000000000000e+02,1.000000000000000000e+00,5.500000000000000000e+01,2.924321333221561758e+01,2.933138111982603391e+01,-3.574594452041651493e+00,0.000000000000000000e+00,4.800000000000000000e+01,4.102613942910566891e+01,5.000000000000000000e+01
1.250000000000000000e+02,1.000000000000000000e+00,5.500000000000000000e+01,2.900485598483306404e+01,2.954750978592255706e+01,-3.552365770755621099e+00,0.000000000000000000e+00,4.800000000000000000e+01,4.108307121373101012e+01,5.000000000000000000e+01
1.260000000000000000e+02,1.000000000000000000e+00,5.500000000000000000e+01,2.876807204038351173e+01,2.976211833616305924e+01,-3.530190376546571418e+00,0.000000000000000000e+00,4.800000000000000000e+01,4.113962705086082394e+01,5.000000000000000000e+01
1.270000000000000000e+02,1.000000000000000000e+00,5.500000000000000711e+01,2.853285169228848872e+01,2.997522207173676279e+01,-3.508073764025250174e+00,0.000000000000000000e+00,4.800000000000000000e+01,4.119580929243588940e+01,5.000000000000000000e+01
1.280000000000000000e+02,1.000000000000000000e+00,5.500000000000000711e+01,2.829918515863410278e+01,3.018683587067482321e+01,-3.486021029308925545e+00,0.000000000000000000e+00,4.800000000000000000e+01,4.125162028389753743e+01,5.000000000000000000e+01
1.290000000000000000e+02,1.000000000000000000e+00,5.500000000000000000e+01,2.806706268453820030e+01,3.039697421051178949e+01,-3.464036895049989351e+00,0.000000000000000000e+00,4.800000000000000000e+01,4.130706236366035000e+01,5.000000000000000000e+01
1.300000000000000000e+02,1.000000000000000000e+00,5.500000000000000000e+01,2.783647454434345292e+01,3.060565118957276098e+01,-3.442125733916212127e+00,0.000000000000000000e+00,4.800000000000000000e+01,4.136213786262398173e+01,5.000000000000000000e+01
1.310000000000000000e+02,1.000000000000000000e+00,5.500000000000000000e+01,2.760741104364772625e+01,3.081288054697017031e+01,-3.420291590617895672e+00,0.000000000000000000e+00,4.800000000000000000e+01,4.141684910372171657e+01,5.000000000000000000e+01
1.320000000000000000e+02,1.000000000000000000e+00,5.500000000000000000e+01,2.737986252118167130e+01,3.101867568139030951e+01,-3.398538202571980804e+00,0.000000000000000000e+00,4.800000000000000000e+01,4.147119840150324421e+01,5.000000000000000000e+01
1.330000000000000000e+02,1.000000000000000000e+00,5.500000000000000000e+01,2.715381935054399776e+01,3.122304966874252230e+01,-3.376869019286519169e+00,0.000000000000000000e+00,4.800000000000000000e+01,4.152518806174975907e+01,5.000000000000000000e+01
1.340000000000000000e+02,1.000000000000000000e+00,5.500000000000000000e+01,2.692927194180229833e+01,3.142601527874331069e+01,-3.355287220545608573e+00,0.000000000000000000e+00,4.800000000000000000e+01,4.157882038111895895e+01,5.000000000000000000e+01
1.350000000000000000e+02,1.000000000000000000e+00,5.500000000000000000e+01,2.670621074296953523e+01,3.162758499049784788e+01,-3.333795733467384448e+00,0.000000000000000000e+00,4.800000000000000000e+01,4.163209764681842984e+01,5.000000000000000000e+01
1.360000000000000000e+02,1.000000000000000000e+00,5.499999999999999289e+01,2.648462624136246291e+01,3.182777100714375607e+01,-3.312397248506219860e+00,0.000000000000000000e+00,4.800000000000000000e+01,4.168502213630523556e+01,5.000000000000000000e+01
1.370000000000000000e+02,1.000000000000000000e+00,5.500000000000000000e+01,2.626450896485104636e+01,3.202658526961179319e+01,-3.291094234462837331e+00,0.000000000000000000e+00,4.800000000000000000e+01,4.173759611701033378e+01,5.000000000000000000e+01
1.380000000000000000e+02,1.000000000000000000e+00,5.500000000000000000e+01,2.604584948300465186e+01,3.222403946956013954e+01,-3.269888952564792728e+00,0.000000000000000000e+00,4.800000000000000000e+01,4.178982184608598516e+01,5.000000000000000000e+01
1.390000000000000000e+02,1.000000000000000000e+00,5.500000000000000000e+01,2.582863840814258083e+01,3.242014506153117992e+01,-3.248783469673761193e+00,0.000000000000000000e+00,4.800000000000000000e+01,4.184170157017487668e+01,5.000000000000000000e+01
1.400000000000000000e+02,1.000000000000000000e+00,5.500000000000000711e+01,2.561286639629431150e+01,3.261491327438003651e+01,-3.227779670674344903e+00,0.000000000000000000e+00,4.800000000000000000e+01,4.189323752519945288e+01,5.000000000000000000e+01
1.410000000000000000e+02,1.000000000000000000e+00,5.500000000000000000e+01,2.539852414807569403e+01,3.280835512201880988e+01,-3.206879270094503021e+00,0.000000000000000000e+00,4.800000000000000000e+01,4.194443193617013321e+01,5.000000000000000000e+01
1.420000000000000000e+02,1.000000000000000000e+00,5.499999999999999289e+01,2.518560240948657380e+01,3.300048141351842190e+01,-3.186083823004996596e+00,0.000000000000000000e+00,4.800000000000000000e+01,4.199528701701132150e+01,5.000000000000000000e+01
1.430000000000000000e+02,1.000000000000000000e+00,5.500000000000000711e+01,2.497409197263444369e+01,3.319130276260843715e+01,-3.165394735242878177e+00,0.000000000000000000e+00,4.800000000000000000e+01,4.204580497040391407e+01,5.000000000000000000e+01
1.440000000000000000e+02,1.000000000000000000e+00,5.500000000000000711e+01,2.476398367638946141e+01,3.338082959661075932e+01,-3.144813273000217624e+00,0.000000000000000000e+00,4.800000000000000000e+01,4.209598798764331917e+01,5.000000000000000000e+01
1.450000000000000000e+02,1.000000000000000000e+00,5.500000000000000000e+01,2.455526840697496738e+01,3.356907216484264467e+01,-3.124340571817612933e+00,0.000000000000000000e+00,4.800000000000000000e+01,4.214583824851197136e+01,5.000000000000000000e+01
1.460000000000000000e+02,1.000000000000000000e+00,5.500000000000000000e+01,2.434793709849768817e+01,3.375604054652154673e+01,-3.103977645019232234e+00,0.000000000000000000e+00,4.800000000000000000e+01,4.219535792116539596e+01,5.000000000000000000e+01
1.470000000000000000e+02,1.000000000000000000e+00,5.500000000000000000e+01,2.414198073342162942e+01,3.394174465820225350e+01,-3.083725391623886036e+00,0.000000000000000000e+00,4.800000000000000000e+01,4.224454916203089994e+01,5.000000000000000000e+01
1.480000000000000000e+02,1.000000000000000000e+00,5.500000000000000000e+01,2.393739034298940282e+01,3.412619426077496598e+01,-3.063584603764366587e+00,0.000000000000000000e+00,4.800000000000000000e+01,4.229341411571813580e+01,5.000000000000000000e+01
1.490000000000000000e+02,1.000000000000000000e+00,5.500000000000000000e+01,2.373415700759422009e+01,3.430939896605151773e+01,-3.043555973645737822e+00,0.000000000000000000e+00,4.800000000000000000e+01,4.234195491494068619e+01,5.000000000000000000e+01
1.500000000000000000e+02,1.000000000000000000e+00,5.500000000000000000e+01,2.353227185710601077e+01,3.449136824296476789e+01,-3.023640100070780878e+00,0.000000000000000000e+00,4.800000000000000000e+01,4.239017368044801515e+01,5.000000000000000000e+01
1.510000000000000000e+02,1.000000000000000000e+00,5.500000000000000000e+01,2.333172607115446340e+01,3.467211142340518393e+01,-3.003837494559647325e+00,0.000000000000000000e+00,4.800000000000000000e+01,4.243807252096699756e+01,5.000000000000000000e+01
1.520000000000000000e+02,1.000000000000000000e+00,5.500000000000000711e+01,2.313251087937218742e+01,3.485163770771620761e+01,-2.984148587088394144e+00,0.000000000000000000e+00,4.800000000000000000e+01,4.248565353315257198e+01,5.000000000000000000e+01
1.530000000000000000e+02,1.000000000000000000e+00,5.500000000000000000e+01,2.293461756159996412e+01,3.502995616987072225e+01,-2.964573731470683704e+00,0.000000000000000000e+00,4.800000000000000000e+01,4.253291880154667837e+01,5.000000000000000000e+01
1.540000000000000000e+02,1.000000000000000000e+00,5.500000000000000000e+01,2.273803744805752558e+01,3.520707576234626401e+01,-2.945113210403790927e+00,0.000000000000000000e+00,4.800000000000000000e+01,4.257987039854511124e+01,5.000000000000000000e+01
1.550000000000000000e+02,1.000000000000000000e+00,5.499999999999999289e+01,2.254276191948141772e+01,3.538300532071900051e+01,-2.925767240200424446e+00,0.000000000000000000e+00,4.800000000000000000e+01,4.262651038437170570e+01,5.000000000000000000e+01
1.560000000000000000e+02,1.000000000000000000e+00,5.500000000000000000e+01,2.234878240723235976e+01,3.555775356799321685e+01,-2.906535975225578383e+00,0.000000000000000000e+00,4.800000000000000000e+01,4.267284080705931615e+01,5.000000000000000000e+01
1.570000000000000000e+02,1.000000000000000000e+00,5.499999999999999289e+01,2.215609039337435249e+01,3.573132911868211892e+01,-2.887419512056477622e+00,0.000000000000000000e+00,4.800000000000000000e+01,4.271886370243719000e+01,5.000000000000000000e+01
1.580000000000000000e+02,1.000000000000000000e+00,5.500000000000000000e+01,2.196467741072719804e+01,3.590374048265580598e+01,-2.868417893383005790e+00,0.000000000000000000e+00,4.800000000000000000e+01,4.276458109412424591e+01,5.000000000000000000e+01
1.590000000000000000e+02,1.000000000000000000e+00,5.500000000000000000e+01,2.177453504289445263e+01,3.607499606876999110e+01,-2.849531111664444616e+00,0.000000000000000000e+00,4.800000000000000000e+01,4.280999499352794402e+01,5.000000000000000000e+01
1.600000000000000000e+02,1.000000000000000000e+00,5.500000000000000711e+01,2.158565492426813037e+01,3.624510418828985081e+01,-2.830759112557975410e+00,0.000000000000000000e+00,4.800000000000000000e+01,4.285510739984823658e+01,5.000000000000000000e+01
1.610000000000000000e+02,1.000000000000000000e+00,5.499999999999999289e+01,2.139802874001226130e+01,3.641407305812028739e+01,-2.812101798132549124e+00,0.000000000000000000e+00,4.800000000000000000e+01,4.289992030008636448e+01,5.000000000000000000e+01
1.620000000000000000e+02,1.000000000000000000e+00,5.500000000000000000e+01,2.121164822602631972e+01,3.658191080385557825e+01,-2.793559029881894418e+00,0.000000000000000000e+00,4.800000000000000000e+01,4.294443566905808751e+01,5.000000000000000000e+01
1.630000000000000000e+02,1.000000000000000000e+00,5.500000000000000000e+01,2.102650516889018206e+01,3.674862546265860885e+01,-2.775130631548787807e+00,0.000000000000000000e+00,4.800000000000000000e+01,4.298865546941109272e+01,5.000000000000000000e+01
1.640000000000000000e+02,1.000000000000000000e+00,5.499999999999999289e+01,2.084259140579174741e+01,3.691422498598074498e+01,-2.756816391772496821e+00,0.000000000000000000e+00,4.800000000000000000e+01,4.303258165164622540e+01,5.000000000000000000e+01
1.650000000000000000e+02,1.000000000000000000e+00,5.500000000000000000e+01,2.065989882443860637e+01,3.707871724213149633e+01,-2.738616066570102259e+00,0.000000000000000000e+00,4.800000000000000000e+01,4.307621615414233673e+01,5.000000000000000000e+01
1.660000000000000000e+02,1.000000000000000000e+00,5.500000000000000000e+01,2.047841936295473175e+01,3.724211001870752114e+01,-2.720529381662255552e+00,0.000000000000000000e+00,4.800000000000000000e+01,4.311956090318444268e+01,5.000000000000000000e+01
1.670000000000000000e+02,1.000000000000000000e+00,5.500000000000000000e+01,2.029814500976332425e+01,3.740441102488949099e+01,-2.702556034652817907e+00,0.000000000000000000e+00,4.800000000000000000e+01,4.316261781299496647e+01,5.000000000000000000e+01
1.680000000000000000e+02,1.000000000000000000e+00,5.500000000000000000e+01,2.011906780345691459e+01,3.756562789361457533e+01,-2.684695697071487253e+00,0.000000000000000000e+00,4.800000000000000000e+01,4.320538878576784469e+01,5.000000000000000000e+01
1.690000000000000000e+02,1.000000000000000000e+00,5.500000000000000000e+01,1.994117983265547878e+01,3.772576818363244655e+01,-2.666948016287924439e+00,0.000000000000000000e+00,4.800000000000000000e+01,4.324787571170531209e+01,5.000000000000000000e+01
1.700000000000000000e+02,1.000000000000000000e+00,5.500000000000000000e+01,1.976447323585346183e+01,3.788483938145198238e+01,-2.649312617305440209e+00,0.000000000000000000e+00,4.800000000000000000e+01,4.329008046905708085e+01,5.000000000000000000e+01
1.710000000000000000e+02,1.000000000000000000e+00,5.499999999999999289e+01,1.958894020125682900e+01,3.804284890318454160e+01,-2.631789104441377258e+00,0.000000000000000000e+00,4.800000000000000000e+01,4.333200492416185057e+01,5.000000000000000000e+01
1.720000000000000000e+02,1.000000000000000000e+00,5.500000000000000000e+01,1.941457296661042520e+01,3.819980409629125973e+01,-2.614377062901683590e+00,0.000000000000000000e+00,4.800000000000000000e+01,4.337365093149087869e+01,5.000000000000000000e+01
1.730000000000000000e+02,1.000000000000000000e+00,5.500000000000000000e+01,1.924136381901674753e+01,3.835571224123911094e+01,-2.597076060255856689e+00,0.000000000000000000e+00,4.800000000000000000e+01,4.341502033369346947e+01,5.000000000000000000e+01
1.740000000000000000e+02,1.000000000000000000e+00,5.500000000000000000e+01,1.906930509474676683e+01,3.851058055307175465e+01,-2.579885647818522809e+00,0.000000000000000000e+00,4.800000000000000000e+01,4.345611496164431031e+01,5.000000000000000000e+01
1.750000000000000000e+02,1.000000000000000000e+00,5.500000000000000711e+01,1.889838917904305404e+01,3.866441618290070181e+01,-2.562805361943754523e+00,0.000000000000000000e+00,4.800000000000000000e+01,4.349693663449235714e+01,5.000000000000000000e+01
1.760000000000000000e+02,1.000000000000000000e+00,5.500000000000000000e+01,1.872860850591644422e+01,3.881722621932048867e+01,-2.545834725236931106e+00,0.000000000000000000e+00,4.800000000000000000e+01,4.353748715971132555e+01,5.000000000000000000e+01
1.770000000000000000e+02,1.000000000000000000e+00,5.500000000000000000e+01,1.855995555793605334e+01,3.896901768975395441e+01,-2.528973247690003312e+00,0.000000000000000000e+00,4.800000000000000000e+01,4.357776833315144671e+01,5.000000000000000000e+01
1.780000000000000000e+02,1.000000000000000000e+00,5.500000000000000000e+01,1.839242286601403009e+01,3.911979756173003864e+01,-2.512220427744068729e+00,0.000000000000000000e+00,4.800000000000000000e+01,4.361778193909261603e+01,5.000000000000000000e+01
1.790000000000000000e+02,1.000000000000000000e+00,5.500000000000000000e+01,1.822600300918448113e+01,3.926957274410024468e+01,-2.495575753284727583e+00,0.000000000000000000e+00,4.800000000000000000e+01,4.365752975029857907e+01,5.000000000000000000e+01
1.800000000000000000e+02,1.000000000000000000e+00,5.500000000000000000e+01,1.806068861437812600e+01,3.941835008819531083e+01,-2.479038702573431951e+00,0.000000000000000000e+00,4.800000000000000000e+01,4.369701352807229000e+01,5.000000000000000000e+01
1.810000000000000000e+02,1.000000000000000000e+00,5.500000000000000000e+01,1.789647235619205645e+01,3.956613638892767426e+01,-2.462608745119727160e+00,0.000000000000000000e+00,4.800000000000000000e+01,4.373623502231210125e+01,5.000000000000000000e+01
1.820000000000000000e+02,1.000000000000000000e+00,5.500000000000000000e+01,1.773334695665602823e+01,3.971293838584107760e+01,-2.446285342497103610e+00,0.000000000000000000e+00,4.800000000000000000e+01,4.377519597156893383e+01,5.000000000000000000e+01
1.830000000000000000e+02,1.000000000000000000e+00,5.500000000000000000e+01,1.757130518499469929e+01,3.985876276411219266e+01,-2.430067949106891945e+00,0.000000000000000000e+00,4.800000000000000000e+01,4.381389810310418653e+01,5.000000000000000000e+01
1.840000000000000000e+02,1.000000000000000000e+00,5.500000000000000000e+01,1.741033985738676293e+01,4.000361615550605165e+01,-2.413956012892812808e+00,0.000000000000000000e+00,4.800000000000000000e+01,4.385234313294833441e+01,5.000000000000000000e+01
1.850000000000000000e+02,1.000000000000000000e+00,5.500000000000000711e+01,1.725044383672124937e+01,4.014750513928812126e+01,-2.397948976009365740e+00,0.000000000000000000e+00,4.800000000000000000e+01,4.389053276596018804e+01,5.000000000000000000e+01
1.860000000000000000e+02,1.000000000000000000e+00,5.500000000000000000e+01,1.709161003235105625e+01,4.029043624309603899e+01,-2.382046275447097461e+00,0.000000000000000000e+00,4.800000000000000000e+01,4.392846869588673542e+01,5.000000000000000000e+01
1.870000000000000000e+02,1.000000000000000000e+00,5.500000000000000000e+01,1.693383139984405261e+01,4.043241594377334280e+01,-2.366247343617396748e+00,0.000000000000000000e+00,4.800000000000000000e+01,4.396615260542343862e+01,5.000000000000000000e+01
1.880000000000000000e+02,1.000000000000000000e+00,5.500000000000000000e+01,1.677710094073230707e+01,4.057345066816677104e+01,-2.350551608899084322e+00,0.000000000000000000e+00,4.800000000000000000e+01,4.400358616627503494e+01,5.000000000000000000e+01
1.890000000000000000e+02,1.000000000000000000e+00,5.499999999999999289e+01,1.662141170225921982e+01,4.071354679389038012e+01,-2.334958496149604379e+00,0.000000000000000000e+00,4.800000000000000000e+01,4.404077103921666492e+01,5.000000000000000000e+01
1.900000000000000000e+02,1.000000000000000000e+00,5.500000000000000000e+01,1.646675677712526564e+01,4.085271065005727564e+01,-2.319467427182541730e+00,0.000000000000000000e+00,4.800000000000000000e+01,4.407770887415535555e+01,5.000000000000000000e+01
1.910000000000000000e+02,1.000000000000000000e+00,5.500000000000000000e+01,1.631312930323230148e+01,4.099094851798158601e+01,-2.304077821213887045e+00,0.000000000000000000e+00,4.800000000000000000e+01,4.411440131019184463e+01,5.000000000000000000e+01
1.920000000000000000e+02,1.000000000000000000e+00,5.499999999999999289e+01,1.616052246342641396e+01,4.112826663185270348e+01,-2.288789095279121000e+00,0.000000000000000000e+00,4.800000000000000000e+01,4.415084997568255432e+01,5.000000000000000000e+01
1.930000000000000000e+02,1.000000000000000000e+00,5.499999999999999289e+01,1.600892948524018422e+01,4.126467117938218365e+01,-2.273600664622371426e+00,0.000000000000000000e+00,4.800000000000000000e+01,4.418705648830184174e+01,5.000000000000000000e+01
1.940000000000000000e+02,1.000000000000000000e+00,5.500000000000000000e+01,1.585834364063377144e+01,4.140016830242628032e+01,-2.258511943060051763e+00,0.000000000000000000e+00,4.800000000000000000e+01,4.422302245510435625e+01,5.000000000000000000e+01
1.950000000000000000e+02,1.000000000000000000e+00,5.500000000000000000e+01,1.570875824573557189e+01,4.153476409758448540e+01,-2.243522343320058621e+00,0.000000000000000000e+00,4.800000000000000000e+01,4.425874947258754588e+01,5.000000000000000000e+01
1.960000000000000000e+02,1.000000000000000000e+00,5.499999999999999289e+01,1.556016666058223663e+01,4.166846461677612723e+01,-2.228631277358364748e+00,0.000000000000000000e+00,4.800000000000000000e+01,4.429423912675427033e+01,5.000000000000000000e+01
1.970000000000000000e+02,1.000000000000000000e+00,5.500000000000000000e+01,1.541256228885827362e+01,4.180127586779611448e+01,-2.213838156654390765e+00,0.000000000000000000e+00,4.800000000000000000e+01,4.432949299317542113e+01,5.000000000000000000e+01
1.980000000000000000e+02,1.000000000000000000e+00,5.500000000000000000e+01,1.526593857763559647e+01,4.193320381485062143e+01,-2.199142392486216568e+00,0.000000000000000000e+00,4.800000000000000000e+01,4.436451263705259862e+01,5.000000000000000000e+01
1.990000000000000000e+02,1.000000000000000000e+00,5.499999999999999289e+01,1.512028901711284945e+01,4.206425437907434883e+01,-2.184543396187204500e+00,0.000000000000000000e+00,4.800000000000000000e+01,4.439929961328080310e+01,5.000000000000000000e+01
2.000000000000000000e+02,1.000000000000000000e+00,5.500000000000000000e+01,1.497560714035466667e+01,4.219443343903046895e+01,-2.170040579385139612e+00,0.000000000000000000e+00,4.800000000000000000e+01,4.443385546651106921e+01,5.000000000000000000e+01
2.010000000000000000e+02,1.000000000000000000e+00,5.500000000000000000e+01,1.483188652303117472e+01,4.232374683119363112e+01,-2.155633354224805842e+00,0.000000000000000000e+00,4.800000000000000000e+01,4.446818173121304341e+01,5.000000000000000000e+01
2.020000000000000000e+02,1.000000000000000000e+00,5.500000000000000000e+01,1.468912078315772263e+01,4.245220035041741369e+01,-2.141321133575131874e+00,0.000000000000000000e+00,4.800000000000000000e+01,4.450227993173752594e+01,5.000000000000000000e+01
2.030000000000000000e+02,1.000000000000000000e+00,5.500000000000000000e+01,1.454730358083477171e+01,4.257979975038726650e+01,-2.127103331222040428e+00,0.000000000000000000e+00,4.800000000000000000e+01,4.453615158237889915e+01,5.000000000000000000e+01
2.040000000000000000e+02,1.000000000000000000e+00,5.500000000000000000e+01,1.440642861798824370e+01,4.270655074405944163e+01,-2.112979362047679999e+00,0.000000000000000000e+00,4.800000000000000000e+01,4.456979818743741362e+01,5.000000000000000000e+01
2.050000000000000000e+02,1.000000000000000000e+00,5.500000000000000000e+01,1.426648963811047111e+01,4.283245900408638107e+01,-2.098948642196853065e+00,0.000000000000000000e+00,4.800000000000000000e+01,4.460322124128138199e+01,5.000000000000000000e+01
2.060000000000000000e+02,1.000000000000000000e+00,5.500000000000000000e+01,1.412748042600153120e+01,4.295753016323018159e+01,-2.085010589231716338e+00,0.000000000000000000e+00,4.800000000000000000e+01,4.463642222840920937e+01,5.000000000000000000e+01
2.070000000000000000e+02,1.000000000000000000e+00,5.500000000000000711e+01,1.398939480751124975e+01,4.308176981476402290e+01,-2.071164622275271761e+00,0.000000000000000000e+00,4.800000000000000000e+01,4.466940262351126734e+01,5.000000000000000000e+01
2.080000000000000000e+02,1.000000000000000000e+00,5.500000000000000000e+01,1.385222664928186731e+01,4.320518351286258252e+01,-2.057410162144448496e+00,0.000000000000000000e+00,4.800000000000000000e+01,4.470216389153155490e+01,5.000000000000000000e+01
2.090000000000000000e+02,1.000000000000000000e+00,5.500000000000000000e+01,1.371596985849158479e+01,4.332777677298167873e+01,-2.043746631473259967e+00,0.000000000000000000e+00,4.800000000000000000e+01,4.473470748772921013e+01,5.000000000000000000e+01
2.100000000000000000e+02,1.000000000000000000e+00,5.500000000000000000e+01,1.358061838259872722e+01,4.344955507222824309e+01,-2.030173454826970314e+00,0.000000000000000000e+00,4.800000000000000000e+01,4.476703485773980873e+01,5.000000000000000000e+01
2.110000000000000000e+02,1.000000000000000000e+00,5.500000000000000000e+01,1.344616620908680638e+01,4.357052384972082137e+01,-2.016690058807628638e+00,0.000000000000000000e+00,4.800000000000000000e+01,4.479914743763641383e+01,5.000000000000000000e+01
2.120000000000000000e+02,1.000000000000000000e+00,5.500000000000000000e+01,1.331260736521060473e+01,4.369068850694082329e+01,-2.003295872151428902e+00,0.000000000000000000e+00,4.800000000000000000e+01,4.483104665399044109e+01,5.000000000000000000e+01
2.130000000000000000e+02,1.000000000000000000e+00,5.500000000000000000e+01,1.317993591774303042e+01,4.381005440807567197e+01,-1.989990325818701278e+00,0.000000000000000000e+00,4.800000000000000000e+01,4.486273392393226800e+01,5.000000000000000000e+01
2.140000000000000000e+02,1.000000000000000000e+00,5.500000000000000000e+01,1.304814597272304333e+01,4.392862688035371832e+01,-1.976772853076758762e+00,0.000000000000000000e+00,4.800000000000000000e+01,4.489421065521159449e+01,5.000000000000000000e+01
2.150000000000000000e+02,1.000000000000000000e+00,5.500000000000000000e+01,1.291723167520460791e+01,4.404641121437151696e+01,-1.963642889576121986e+00,0.000000000000000000e+00,4.800000000000000000e+01,4.492547824625755482e+01,5.000000000000000000e+01
2.160000000000000000e+02,1.000000000000000000e+00,5.500000000000000000e+01,1.278718720900667805e+01,4.416341266441389735e+01,-1.950599873420568509e+00,0.000000000000000000e+00,4.800000000000000000e+01,4.495653808623858083e+01,5.000000000000000000e+01
2.170000000000000000e+02,1.000000000000000000e+00,5.500000000000000000e+01,1.265800679646423355e+01,4.427963644876719940e+01,-1.937643245231432054e+00,0.000000000000000000e+00,4.800000000000000000e+01,4.498739155512197385e+01,5.000000000000000000e+01
2.180000000000000000e+02,1.000000000000000000e+00,5.500000000000000000e+01,1.252968469818050323e+01,4.439508775002587271e+01,-1.924772448206379050e+00,0.000000000000000000e+00,4.800000000000000000e+01,4.501804002373322078e+01,5.000000000000000000e+01
2.190000000000000000e+02,1.000000000000000000e+00,5.500000000000000000e+01,1.240221521278026628e+01,4.450977171539291533e+01,-1.911986928173175393e+00,0.000000000000000000e+00,4.800000000000000000e+01,4.504848485381503309e+01,5.000000000000000000e+01
2.200000000000000000e+02,1.000000000000000000e+00,5.500000000000000000e+01,1.227559267666431531e+01,4.462369345697438661e+01,-1.899286133638707019e+00,0.000000000000000000e+00,4.800000000000000000e+01,4.507872739808605900e+01,5.000000000000000000e+01
2.210000000000000000e+02,1.000000000000000000e+00,5.500000000000000000e+01,1.214981146376525167e+01,4.473685805206812915e+01,-1.886669515833381938e+00,0.000000000000000000e+00,4.800000000000000000e+01,4.510876900029938952e+01,5.000000000000000000e+01
2.220000000000000000e+02,1.000000000000000000e+00,5.500000000000000000e+01,1.202486598530416551e+01,4.484927054344753117e+01,-1.874136528751700892e+00,0.000000000000000000e+00,4.800000000000000000e+01,4.513861099530067378e+01,5.000000000000000000e+01
2.230000000000000000e+02,1.000000000000000000e+00,5.500000000000000000e+01,1.190075068954892501e+01,4.496093593963961155e+01,-1.861686629188539666e+00,0.000000000000000000e+00,4.800000000000000000e+01,4.516825470908600693e+01,5.000000000000000000e+01
2.240000000000000000e+02,1.000000000000000000e+00,5.499999999999999289e+01,1.177746006157341796e+01,4.507185921519864991e+01,-1.849319276772072085e+00,0.000000000000000000e+00,4.800000000000000000e+01,4.519770145885948409e+01,5.000000000000000000e+01
2.250000000000000000e+02,1.000000000000000000e+00,5.500000000000000711e+01,1.165498862301817340e+01,4.518204531097497778e+01,-1.837033933993147183e+00,0.000000000000000000e+00,4.800000000000000000e+01,4.522695255309044171e+01,5.000000000000000000e+01
2.260000000000000000e+02,1.000000000000000000e+00,5.500000000000000000e+01,1.153333093185230318e+01,4.529149913437914421e+01,-1.824830066231449166e+00,0.000000000000000000e+00,4.800000000000000000e+01,4.525600929157043595e+01,5.000000000000000000e+01
2.270000000000000000e+02,1.000000000000000000e+00,5.500000000000000000e+01,1.141248158213650932e+01,4.540022555964234385e+01,-1.812707141778849618e+00,0.000000000000000000e+00,4.800000000000000000e+01,4.528487296546987295e+01,5.000000000000000000e+01
2.280000000000000000e+02,1.000000000000000000e+00,5.500000000000000000e+01,1.129243520378756749e+01,4.550822942807224791e+01,-1.800664631859814735e+00,0.000000000000000000e+00,4.800000000000000000e+01,4.531354485739429094e+01,5.000000000000000000e+01
2.290000000000000000e+02,1.000000000000000000e+00,5.500000000000000000e+01,1.117318646234423163e+01,4.561551554830483468e+01,-1.788702010649070084e+00,0.000000000000000000e+00,4.800000000000000000e+01,4.534202624144043625e+01,5.000000000000000000e+01
2.300000000000000000e+02,1.000000000000000000e+00,5.500000000000000000e+01,1.105473005873402492e+01,4.572208869655323582e+01,-1.776818755287257412e+00,0.000000000000000000e+00,4.800000000000000000e+01,4.537031838325191302e+01,5.000000000000000000e+01
2.310000000000000000e+02,1.000000000000000000e+00,5.500000000000000000e+01,1.093706072904177340e+01,4.582795361685209912e+01,-1.765014345893871184e+00,0.000000000000000000e+00,4.800000000000000000e+01,4.539842254007458422e+01,5.000000000000000000e+01
2.320000000000000000e+02,1.000000000000000000e+00,5.500000000000000000e+01,1.082017324427919824e+01,4.593311502129915169e+01,-1.753288265578347715e+00,0.000000000000000000e+00,4.800000000000000000e+01,4.542633996081161030e+01,5.000000000000000000e+01
2.330000000000000000e+02,1.000000000000000000e+00,5.500000000000000000e+01,1.070406241015599846e+01,4.603757759029299024e+01,-1.741640000448990255e+00,0.000000000000000000e+00,4.800000000000000000e+01,4.545407188607821070e+01,5.000000000000000000e+01
2.340000000000000000e+02,1.000000000000000000e+00,5.500000000000000711e+01,1.058872306685210063e+01,4.614134597276811434e+01,-1.730069039620212523e+00,0.000000000000000000e+00,4.800000000000000000e+01,4.548161954825606301e+01,5.000000000000000000e+01
2.350000000000000000e+02,1.000000000000000000e+00,5.500000000000000000e+01,1.047415008879140252e+01,4.624442478642647814e+01,-1.718574875217881548e+00,0.000000000000000000e+00,4.800000000000000000e+01,4.550898417154741793e+01,5.000000000000000000e+01
2.360000000000000000e+02,1.000000000000000000e+00,5.500000000000000000e+01,1.036033838441670873e+01,4.634681861796649116e+01,-1.707157002383194566e+00,0.000000000000000000e+00,4.800000000000000000e+01,4.553616697202885888e+01,5.000000000000000000e+01
2.370000000000000000e+02,1.000000000000000000e+00,5.500000000000000000e+01,1.024728289596613706e+01,4.644853202330877906e+01,-1.695814919274915678e+00,0.000000000000000000e+00,4.800000000000000000e+01,4.556316915770477749e+01,5.000000000000000000e+01
2.380000000000000000e+02,1.000000000000000000e+00,5.500000000000000000e+01,1.013497859925070976e+01,4.654956952781964929e+01,-1.684548127070355505e+00,0.000000000000000000e+00,4.800000000000000000e+01,4.558999192856047955e+01,5.000000000000000000e+01
2.390000000000000000e+02,1.000000000000000000e+00,5.499999999999999289e+01,1.002342050343348134e+01,4.664993562653136649e+01,-1.673356129964854722e+00,0.000000000000000000e+00,4.800000000000000000e+01,4.561663647661502807e+01,5.000000000000000000e+01
2.400000000000000000e+02,1.000000000000000000e+00,5.500000000000000000e+01,9.912603650809765909e+00,4.674963478436051645e+01,-1.662238435170282802e+00,0.000000000000000000e+00,4.800000000000000000e+01,4.564310398597370977e+01,5.000000000000000000e+01
2.410000000000000000e+02,1.000000000000000000e+00,5.500000000000000000e+01,9.802523116588913510e+00,4.684867143632326503e+01,-1.651194552912180979e+00,0.000000000000000000e+00,4.800000000000000000e+01,4.566939563288022441e+01,5.000000000000000000e+01
2.420000000000000000e+02,1.000000000000000000e+00,5.500000000000000000e+01,9.693174008677260645e+00,4.694704998774876259e+01,-1.640223996426026343e+00,0.000000000000000000e+00,4.800000000000000000e+01,4.569551258576849762e+01,5.000000000000000000e+01
2.430000000000000000e+02,1.000000000000000000e+00,5.500000000000000000e+01,9.584551467462633312e+00,4.704477481448965648e+01,-1.629326281952291566e+00,0.000000000000000000e+00,4.800000000000000000e+01,4.572145600531425913e+01,5.000000000000000000e+01
2.440000000000000000e+02,1.000000000000000000e+00,5.500000000000000000e+01,9.476650665599825274e+00,4.714185026313110427e+01,-1.618500928730934874e+00,0.000000000000000000e+00,4.800000000000000000e+01,4.574722704448620902e+01,5.000000000000000000e+01
2.450000000000000000e+02,1.000000000000000000e+00,5.500000000000000000e+01,9.369466807797799390e+00,4.723828065119686670e+01,-1.607747458994668088e+00,0.000000000000000000e+00,4.800000000000000000e+01,4.577282684859692807e+01,5.000000000000000000e+01
2.460000000000000000e+02,1.000000000000000000e+00,5.500000000000000000e+01,9.262995130607940553e+00,4.733407026735375212e+01,-1.597065397961695332e+00,0.000000000000000000e+00,4.800000000000000000e+01,4.579825655535344708e+01,5.000000000000000000e+01
2.470000000000000000e+02,1.000000000000000000e+00,5.500000000000000000e+01,9.157230902213742141e+00,4.742922337161388668e+01,-1.586454273827625272e+00,0.000000000000000000e+00,4.800000000000000000e+01,4.582351729490748937e+01,5.000000000000000000e+01
2.480000000000000000e+02,1.000000000000000000e+00,5.500000000000000000e+01,9.052169422221833628e+00,4.752374419553483165e+01,-1.575913617756669716e+00,0.000000000000000000e+00,4.800000000000000000e+01,4.584861018990542192e+01,5.000000000000000000e+01
2.490000000000000000e+02,1.000000000000000000e+00,5.500000000000000000e+01,8.947806021454239200e+00,4.761763694241807343e+01,-1.565442963872315074e+00,0.000000000000000000e+00,4.800000000000000000e+01,4.587353635553788678e+01,5.000000000000000000e+01
2.500000000000000000e+02,1.000000000000000000e+00,5.500000000000000000e+01,8.844136061741949106e+00,4.771090578750544609e+01,-1.555041849247393193e+00,0.000000000000000000e+00,4.800000000000000000e+01,4.589829689958907011e+01,5.000000000000000000e+01
2.510000000000000000e+02,1.000000000000000000e+00,5.500000000000000000e+01,8.741154935720011565e+00,4.780355487817341498e+01,-1.544709813893424544e+00,0.000000000000000000e+00,4.800000000000000000e+01,4.592289292248574384e+01,5.000000000000000000e+01
2.520000000000000000e+02,1.000000000000000000e+00,5.500000000000000000e+01,8.638858066623560816e+00,4.789558833412625205e+01,-1.534446400749811312e+00,0.000000000000000000e+00,4.800000000000000000e+01,4.594732551734593073e+01,5.000000000000000000e+01
2.530000000000000000e+02,1.000000000000000000e+00,5.500000000000000000e+01,8.537240908085415469e+00,4.798701024758689471e+01,-1.524251155672307290e+00,0.000000000000000000e+00,4.800000000000000000e+01,4.597159577002724262e+01,5.000000000000000000e+01
2.540000000000000000e+02,1.000000000000000000e+00,5.500000000000000000e+01,8.436298943935035766e+00,4.807782468348597860e+01,-1.514123627421011475e+00,0.000000000000000000e+00,4.800000000000000000e+01,4.599570475917500545e+01,5.000000000000000000e+01
2.550000000000000000e+02,1.000000000000000000e+00,5.500000000000000000e+01,8.336027687998370794e+00,4.816803567964998933e+01,-1.504063367648354799e+00,0.000000000000000000e+00,4.800000000000000000e+01,4.601965355626997933e+01,5.000000000000000000e+01
2.560000000000000000e+02,1.000000000000000000e+00,5.500000000000000000e+01,8.236422683899382591e+00,4.825764724698695574e+01,-1.494069930886338993e+00,0.000000000000000000e+00,4.800000000000000000e+01,4.604344322567579439e+01,5.000000000000000000e+01
2.570000000000000000e+02,1.000000000000000000e+00,5.500000000000000000e+01,8.137479504862756841e+00,4.834666336967079303e+01,-1.484142874533546319e+00,0.000000000000000000e+00,4.800000000000000000e+01,4.606707482468611659e+01,5.000000000000000000e+01
2.580000000000000000e+02,1.000000000000000000e+00,5.500000000000000000e+01,8.039193753517743346e+00,4.843508800532424630e+01,-1.474281758841990753e+00,0.000000000000000000e+00,4.800000000000000000e+01,4.609054940357148666e+01,5.000000000000000000e+01
2.590000000000000000e+02,1.000000000000000000e+00,5.500000000000000000e+01,7.941561061703337643e+00,4.852292508520026360e+01,-1.464486146903601682e+00,0.000000000000000000e+00,4.800000000000000000e+01,4.611386800562583232e+01,5.000000000000000000e+01
2.600000000000000000e+02,1.000000000000000000e+00,5.500000000000000000e+01,7.844577090274841957e+00,4.861017851436152171e+01,-1.454755604636364108e+00,0.000000000000000000e+00,4.800000000000000000e+01,4.613703166721273163e+01,5.000000000000000000e+01
2.610000000000000000e+02,1.000000000000000000e+00,5.500000000000000000e+01,7.748237528911448457e+00,4.869685217185899972e+01,-1.445089700770442853e+00,0.000000000000000000e+00,4.800000000000000000e+01,4.616004141781132120e+01,5.000000000000000000e+01
2.620000000000000000e+02,1.000000000000000000e+00,5.500000000000000000e+01,7.652538095925303985e+00,4.878294991090857735e+01,-1.435488006833878893e+00,0.000000000000000000e+00,4.800000000000000000e+01,4.618289828006195563e+01,5.000000000000000000e+01
2.630000000000000000e+02,1.000000000000000000e+00,5.500000000000000000e+01,7.557474538071608627e+00,4.886847555906668816e+01,-1.425950097138299011e+00,0.000000000000000000e+00,4.800000000000000000e+01,4.620560326981153310e+01,5.000000000000000000e+01
2.640000000000000000e+02,1.000000000000000000e+00,5.500000000000000000e+01,7.463042630360102514e+00,4.895343291840421074e+01,-1.416475548764307479e+00,0.000000000000000000e+00,4.800000000000000000e+01,4.622815739615855080e+01,5.000000000000000000e+01
2.650000000000000000e+02,1.000000000000000000e+00,5.500000000000000000e+01,7.369238175867677043e+00,4.903782576567915186e+01,-1.407063941546831565e+00,0.000000000000000000e+00,4.800000000000000000e+01,4.625056166149784787e+01,5.000000000000000000e+01
2.660000000000000000e+02,1.000000000000000000e+00,5.500000000000000000e+01,7.276057005552285517e+00,4.912165785250796546e+01,-1.397714858060255638e+00,0.000000000000000000e+00,4.800000000000000000e+01,4.627281706156507113e+01,5.000000000000000000e+01
2.670000000000000000e+02,1.000000000000000000e+00,5.500000000000000000e+01,7.183494978068005743e+00,4.920493290553549315e+01,-1.388427883603498225e+00,0.000000000000000000e+00,4.800000000000000000e+01,4.629492458548084954e+01,5.000000000000000000e+01
2.680000000000000000e+02,1.000000000000000000e+00,5.500000000000000000e+01,7.091547979581315886e+00,4.928765462660366836e+01,-1.379202606184979807e+00,0.000000000000000000e+00,4.800000000000000000e+01,4.631688521579465601e+01,5.000000000000000000e+01
2.690000000000000000e+02,1.000000000000000000e+00,5.500000000000000000e+01,7.000211923588669727e+00,4.936982669291873549e+01,-1.370038616507406326e+00,0.000000000000000000e+00,4.800000000000000000e+01,4.633869992852842046e+01,5.000000000000000000e+01
2.700000000000000000e+02,1.000000000000000000e+00,5.500000000000000000e+01,6.909482750735103096e+00,4.945145275721753109e+01,-1.360935507952630186e+00,0.000000000000000000e+00,4.800000000000000000e+01,4.636036969321984458e+01,5.000000000000000000e+01
2.710000000000000000e+02,1.000000000000000000e+00,5.500000000000000000e+01,6.819356428634089973e+00,4.953253644793230137e+01,-1.351892876566387569e+00,0.000000000000000000e+00,4.800000000000000000e+01,4.638189547296539672e+01,5.000000000000000000e+01
2.720000000000000000e+02,1.000000000000000000e+00,5.500000000000000000e+01,6.729828951688718419e+00,4.961308136935412705e+01,-1.342910321042841471e+00,0.000000000000000000e+00,4.800000000000000000e+01,4.640327822446309369e+01,5.000000000000000000e+01
2.730000000000000000e+02,1.000000000000000000e+00,5.500000000000000000e+01,6.640896340913760021e+00,4.969309110179559497e+01,-1.333987442709354321e+00,0.000000000000000000e+00,4.800000000000000000e+01,4.642451889805491305e+01,5.000000000000000000e+01
2.740000000000000000e+02,1.000000000000000000e+00,5.500000000000000000e+01,6.552554643759273212e+00,4.977256920175160104e+01,-1.325123845510870257e+00,0.000000000000000000e+00,4.800000000000000000e+01,4.644561843776903487e+01,5.000000000000000000e+01
2.750000000000000000e+02,1.000000000000000000e+00,5.500000000000000000e+01,6.464799933934914478e+00,4.985151920205979081e+01,-1.316319135994703293e+00,0.000000000000000000e+00,4.800000000000000000e+01,4.646657778136170691e+01,5.000000000000000000e+01
2.760000000000000000e+02,1.000000000000000000e+00,5.499999999999999289e+01,6.377628311235820746e+00,4.992994461205908152e+01,-1.307572923294906264e+00,0.000000000000000000e+00,4.800000000000000000e+01,4.648739786035888244e+01,5.000000000000000000e+01
2.770000000000000000e+02,1.000000000000000000e+00,5.500000000000000000e+01,6.291035901369432359e+00,5.000784891774739549e+01,-1.298884819116826961e+00,0.000000000000000000e+00,4.800000000000000000e+01,4.650807960009759512e+01,5.000000000000000000e+01
2.780000000000000000e+02,1.000000000000000000e+00,5.500000000000000000e+01,6.205018855783413834e+00,5.008523558193828507e+01,-1.290254437721700453e+00,0.000000000000000000e+00,4.800000000000000000e+01,4.652862391976701417e+01,5.000000000000000000e+01
2.790000000000000000e+02,1.000000000000000000e+00,5.500000000000000711e+01,6.119573351494896229e+00,5.016210804441616489e+01,-1.281681395911056454e+00,0.000000000000000000e+00,4.800000000000000000e+01,4.654903173244927927e+01,5.000000000000000000e+01
2.800000000000000000e+02,1.000000000000000000e+00,5.500000000000000000e+01,6.034695590920649444e+00,5.023846972209069150e+01,-1.273165313011338950e+00,0.000000000000000000e+00,4.800000000000000000e+01,4.656930394516005123e+01,5.000000000000000000e+01
2.810000000000000000e+02,1.000000000000000000e+00,5.500000000000000000e+01,5.950381801708422458e+00,5.031432400915004877e+01,-1.264705810858473445e+00,0.000000000000000000e+00,4.800000000000000000e+01,4.658944145888876420e+01,5.000000000000000000e+01
2.820000000000000000e+02,1.000000000000000000e+00,5.500000000000000000e+01,5.866628236569535026e+00,5.038967427721280501e+01,-1.256302513782335817e+00,0.000000000000000000e+00,4.800000000000000000e+01,4.660944516863866482e+01,5.000000000000000000e+01
2.830000000000000000e+02,1.000000000000000000e+00,5.500000000000000000e+01,5.783431173112348667e+00,5.046452387547910234e+01,-1.247955048591453675e+00,0.000000000000000000e+00,4.800000000000000000e+01,4.662931596346653151e+01,5.000000000000000000e+01
2.840000000000000000e+02,1.000000000000000000e+00,5.500000000000000000e+01,5.700786913677071688e+00,5.053887613088044617e+01,-1.239663044557516969e+00,0.000000000000000000e+00,4.800000000000000000e+01,4.664905472652219487e+01,5.000000000000000000e+01
2.850000000000000000e+02,1.000000000000000000e+00,5.500000000000000000e+01,5.618691785171392006e+00,5.061273434822877704e+01,-1.231426133400173262e+00,0.000000000000000000e+00,4.800000000000000000e+01,4.666866233508772410e+01,5.000000000000000000e+01
2.860000000000000000e+02,1.000000000000000000e+00,5.500000000000000000e+01,5.537142138907498179e+00,5.068610181036407170e+01,-1.223243949271571429e+00,0.000000000000000000e+00,4.800000000000000000e+01,4.668813966061642162e+01,5.000000000000000000e+01
2.870000000000000000e+02,1.000000000000000000e+00,5.500000000000000000e+01,5.456134350439891811e+00,5.075898177830132596e+01,-1.215116128741215107e+00,0.000000000000000000e+00,4.800000000000000000e+01,4.670748756877152630e+01,5.000000000000000000e+01
2.880000000000000000e+02,1.000000000000000000e+00,5.500000000000000000e+01,5.375664819404426531e+00,5.083137749137630124e+01,-1.207042310780725103e+00,0.000000000000000000e+00,4.800000000000000000e+01,4.672670691946466093e+01,5.000000000000000000e+01
2.890000000000000000e+02,1.000000000000000000e+00,5.500000000000000000e+01,5.295729969358395017e+00,5.090329216739025497e+01,-1.199022136748650658e+00,0.000000000000000000e+00,4.800000000000000000e+01,4.674579856689400970e+01,5.000000000000000000e+01
2.900000000000000000e+02,1.000000000000000000e+00,5.500000000000000000e+01,5.216326247621747569e+00,5.097472900275352004e+01,-1.191055250375272268e+00,0.000000000000000000e+00,4.800000000000000000e+01,4.676476335958230379e+01,5.000000000000000000e+01
2.910000000000000000e+02,1.000000000000000000e+00,5.500000000000000000e+01,5.137450125119109146e+00,5.104569117262859379e+01,-1.183141297747700715e+00,0.000000000000000000e+00,4.800000000000000000e+01,4.678360214041450149e+01,5.000000000000000000e+01
2.920000000000000000e+02,1.000000000000000000e+00,5.500000000000000000e+01,5.059098096223060281e+00,5.111618183107174929e+01,-1.175279927294810234e+00,0.000000000000000000e+00,4.800000000000000000e+01,4.680231574667521244e+01,5.000000000000000000e+01
2.930000000000000000e+02,1.000000000000000000e+00,5.500000000000000000e+01,4.981266678598490927e+00,5.118620411117372271e+01,-1.167470789772209416e+00,0.000000000000000000e+00,4.800000000000000000e+01,4.682090501008590877e+01,5.000000000000000000e+01
2.940000000000000000e+02,1.000000000000000000e+00,5.500000000000000000e+01,4.903952413047835357e+00,5.125576112519958372e+01,-1.159713538247414188e+00,0.000000000000000000e+00,4.800000000000000000e+01,4.683937075684189466e+01,5.000000000000000000e+01
2.950000000000000000e+02,1.000000000000000000e+00,5.500000000000000000e+01,4.827151863357309836e+00,5.132485596472778866e+01,-1.152007828085097829e+00,0.000000000000000000e+00,4.800000000000000000e+01,4.685771380764897032e+01,5.000000000000000000e+01
2.960000000000000000e+02,1.000000000000000000e+00,5.500000000000000000e+01,4.750861616144426591e+00,5.139349170078774165e+01,-1.144353316932165354e+00,0.000000000000000000e+00,4.800000000000000000e+01,4.687593497775994678e+01,5.000000000000000000e+01
2.970000000000000000e+02,1.000000000000000000e+00,5.500000000000000000e+01,4.675078280706126854e+00,5.146167138399714247e+01,-1.136749664703268659e+00,0.000000000000000000e+00,4.800000000000000000e+01,4.689403507701081963e+01,5.000000000000000000e+01
2.980000000000000000e+02,1.000000000000000000e+00,5.500000000000000000e+01,4.599798488868328761e+00,5.152939804469765761e+01,-1.129196533565991700e+00,0.000000000000000000e+00,4.800000000000000000e+01,4.691201490985677935e+01,5.000000000000000000e+01
2.990000000000000000e+02,1.000000000000000000e+00,5.500000000000000000e+01,4.525018894836159156e+00,5.159667469309025734e+01,-1.121693587926413160e+00,0.000000000000000000e+00,4.800000000000000000e+01,4.692987527540795156e+01,5.000000000000000000e+01
3.000000000000000000e+02,1.000000000000000000e+00,5.500000000000000000e+01,4.450736175045306275e+00,5.166350431936930221e+01,-1.114240494414611593e+00,0.000000000000000000e+00,4.800000000000000000e+01,4.694761696746487445e+01,5.000000000000000000e+01
3.010000000000000000e+02,1.000000000000000000e+00,5.500000000000000000e+01,4.376947028014464891e+00,5.172988989385567749e+01,-1.106836921870139934e+00,0.000000000000000000e+00,4.800000000000000000e+01,4.696524077455382695e+01,5.000000000000000000e+01
3.020000000000000000e+02,1.000000000000000000e+00,5.500000000000000000e+01,4.303648174198408505e+00,5.179583436712950828e+01,-1.099482541327917229e+00,0.000000000000000000e+00,4.800000000000000000e+01,4.698274747996180878e+01,5.000000000000000000e+01
3.030000000000000000e+02,1.000000000000000000e+00,5.500000000000000000e+01,4.230836355842496843e+00,5.186134067016123339e+01,-1.092177026003733120e+00,0.000000000000000000e+00,4.800000000000000000e+01,4.700013786177137831e+01,5.000000000000000000e+01
3.040000000000000000e+02,1.000000000000000000e+00,5.500000000000000000e+01,4.158508336837789088e+00,5.192641171444240200e+01,-1.084920051280194420e+00,0.000000000000000000e+00,4.800000000000000000e+01,4.701741269289520631e+01,5.000000000000000000e+01
3.050000000000000000e+02,1.000000000000000000e+00,5.500000000000000000e+01,4.086660902577329502e+00,5.199105039211519852e+01,-1.077711294692528909e+00,0.000000000000000000e+00,4.800000000000000000e+01,4.703457274111044484e+01,5.000000000000000000e+01
3.060000000000000000e+02,1.000000000000000000e+00,5.500000000000000000e+01,4.015290859813203106e+00,5.205525957610144161e+01,-1.070550435914644716e+00,0.000000000000000000e+00,4.800000000000000000e+01,4.705161876909281915e+01,5.000000000000000000e+01
3.070000000000000000e+02,1.000000000000000000e+00,5.500000000000000000e+01,3.944395036514745989e+00,5.211904212023031846e+01,-1.063437156745068890e+00,0.000000000000000000e+00,4.800000000000000000e+01,4.706855153445053475e+01,5.000000000000000000e+01
3.080000000000000000e+02,1.000000000000000000e+00,5.500000000000000000e+01,3.873970281727523446e+00,5.218240085936560746e+01,-1.056371141093129573e+00,0.000000000000000000e+00,4.800000000000000000e+01,4.708537178975794291e+01,5.000000000000000000e+01
3.090000000000000000e+02,1.000000000000000000e+00,5.500000000000000000e+01,3.804013465433312202e+00,5.224533860953183506e+01,-1.049352074965148152e+00,0.000000000000000000e+00,4.800000000000000000e+01,4.710208028258896462e+01,5.000000000000000000e+01
3.100000000000000000e+02,1.000000000000000000e+00,5.500000000000000000e+01,3.734521478411086726e+00,5.230785816803955157e+01,-1.042379646450638075e+00,0.000000000000000000e+00,4.800000000000000000e+01,4.711867775555033688e+01,5.000000000000000000e+01
3.110000000000000000e+02,1.000000000000000000e+00,5.500000000000000000e+01,3.665491232098744945e+00,5.236996231361001719e+01,-1.035453545708758583e+00,0.000000000000000000e+00,4.800000000000000000e+01,4.713516494631458897e+01,5.000000000000000000e+01
3.120000000000000000e+02,1.000000000000000000e+00,5.500000000000000000e+01,3.596919658455959290e+00,5.243165380649868723e+01,-1.028573464954648298e+00,0.000000000000000000e+00,4.800000000000000000e+01,4.715154258765284112e+01,5.000000000000000000e+01
3.130000000000000000e+02,1.000000000000000000e+00,5.500000000000000000e+01,3.528803709827761370e+00,5.249293538861824260e+01,-1.021739098446004190e+00,0.000000000000000000e+00,4.800000000000000000e+01,4.716781140746737577e+01,5.000000000000000000e+01
3.140000000000000000e+02,1.000000000000000000e+00,5.500000000000000000e+01,3.461140358809078332e+00,5.255380978366062550e+01,-1.014950142469697170e+00,0.000000000000000000e+00,4.800000000000000000e+01,4.718397212882393887e+01,5.000000000000000000e+01
3.150000000000000000e+02,1.000000000000000000e+00,5.500000000000000000e+01,3.393926598110387438e+00,5.261427969721786724e+01,-1.008206295328255342e+00,0.000000000000000000e+00,4.800000000000000000e+01,4.720002546998394166e+01,5.000000000000000000e+01
3.160000000000000000e+02,1.000000000000000000e+00,5.500000000000000000e+01,3.327159440423785863e+00,5.267434781690310075e+01,-1.001507257326886613e+00,0.000000000000000000e+00,4.800000000000000000e+01,4.721597214443631430e+01,5.000000000000000000e+01
3.170000000000000000e+02,1.000000000000000000e+00,5.500000000000000000e+01,3.260835918290510893e+00,5.273401681246952677e+01,-9.948527307600385505e-01,0.000000000000000000e+00,4.800000000000000000e+01,4.723181286092926001e+01,5.000000000000000000e+01
3.180000000000000000e+02,1.000000000000000000e+00,5.500000000000000000e+01,3.194953083968869123e+00,5.279328933592962159e+01,-9.882424198984909314e-01,0.000000000000000000e+00,4.800000000000000000e+01,4.724754832350172506e+01,5.000000000000000000e+01
3.190000000000000000e+02,1.000000000000000000e+00,5.500000000000000000e+01,3.129508009303352711e+00,5.285216802167288108e+01,-9.816760309762302406e-01,0.000000000000000000e+00,4.800000000000000000e+01,4.726317923151470524e+01,5.000000000000000000e+01
3.200000000000000000e+02,1.000000000000000000e+00,5.500000000000000000e+01,3.064497785594431978e+00,5.291065548658315265e+01,-9.751532721775867385e-01,0.000000000000000000e+00,4.800000000000000000e+01,4.727870627968231076e+01,5.000000000000000000e+01
3.210000000000000000e+02,1.000000000000000000e+00,5.500000000000000000e+01,2.999919523469353422e+00,5.296875433015496526e+01,-9.686738536243153508e-01,0.000000000000000000e+00,4.800000000000000000e+01,4.729413015810264653e+01,5.000000000000000000e+01
3.220000000000000000e+02,1.000000000000000000e+00,5.500000000000000000e+01,2.935770352753707346e+00,5.302646713460913475e+01,-9.622374873628432024e-01,0.000000000000000000e+00,4.800000000000000000e+01,4.730945155228848620e+01,5.000000000000000000e+01
3.230000000000000000e+02,1.000000000000000000e+00,5.500000000000000000e+01,2.872047422343851242e+00,5.308379646500773674e+01,-9.558438873515903156e-01,0.000000000000000000e+00,4.800000000000000000e+01,4.732467114319772605e+01,5.000000000000000000e+01
3.240000000000000000e+02,1.000000000000000000e+00,5.500000000000000000e+01,2.808747900080250215e+00,5.314074486936805641e+01,-9.494927694483037417e-01,0.000000000000000000e+00,4.800000000000000000e+01,4.733978960726366836e+01,5.000000000000000000e+01
3.250000000000000000e+02,1.000000000000000000e+00,5.500000000000000000e+01,2.745868972621524406e+00,5.319731487877607634e+01,-9.431838513975957516e-01,0.000000000000000000e+00,4.800000000000000000e+01,4.735480761642504888e+01,5.000000000000000000e+01
3.260000000000000000e+02,1.000000000000000000e+00,5.500000000000000000e+01,2.683407845319565332e+00,5.325350900749877781e+01,-9.369168528183432487e-01,0.000000000000000000e+00,4.800000000000000000e+01,4.736972583815592941e+01,5.000000000000000000e+01
3.270000000000000000e+02,1.000000000000000000e+00,5.500000000000000000e+01,2.621361742095206449e+00,5.330932975309622179e+01,-9.306914951914249112e-01,0.000000000000000000e+00,4.800000000000000000e+01,4.738454493549536295e+01,5.000000000000000000e+01
3.280000000000000000e+02,1.000000000000000000e+00,5.500000000000000000e+01,2.559727905314845842e+00,5.336477959653257130e+01,-9.245075018474153694e-01,0.000000000000000000e+00,4.800000000000000000e+01,4.739926556707683858e+01,5.000000000000000000e+01
3.290000000000000000e+02,1.000000000000000000e+00,5.500000000000000000e+01,2.498503595667982413e+00,5.341986100228628231e+01,-9.183645979542667259e-01,0.000000000000000000e+00,4.800000000000000000e+01,4.741388838715755583e+01,5.000000000000000000e+01
3.300000000000000000e+02,1.000000000000000000e+00,5.500000000000000000e+01,2.437686092045460384e+00,5.347457641845971210e+01,-9.122625105051717087e-01,0.000000000000000000e+00,4.800000000000000000e+01,4.742841404564752850e+01,5.000000000000000000e+01
3.310000000000000000e+02,1.000000000000000000e+00,5.500000000000000000e+01,2.377272691418425232e+00,5.352892827688816624e+01,-9.062009683065951338e-01,0.000000000000000000e+00,4.800000000000000000e+01,4.744284318813843981e+01,5.000000000000000000e+01
3.320000000000000000e+02,1.000000000000000000e+00,5.500000000000000000e+01,2.317260708718311246e+00,5.358291899324785135e+01,-9.001797019661592625e-01,0.000000000000000000e+00,4.800000000000000000e+01,4.745717645593234835e+01,5.000000000000000000e+01
3.330000000000000000e+02,1.000000000000000000e+00,5.500000000000000000e+01,2.257647476717452584e+00,5.363655096716333048e+01,-8.941984438807799584e-01,0.000000000000000000e+00,4.800000000000000000e+01,4.747141448607018077e+01,5.000000000000000000e+01
3.340000000000000000e+02,1.000000000000000000e+00,5.500000000000000000e+01,2.198430345910579842e+00,5.368982658231420402e+01,-8.882569282247865239e-01,0.000000000000000000e+00,4.800000000000000000e+01,4.748555791136006121e+01,5.000000000000000000e+01
3.350000000000000000e+02,1.000000000000000000e+00,5.500000000000000000e+01,2.139606684396994307e+00,5.374274820654122919e+01,-8.823548909382215033e-01,0.000000000000000000e+00,4.800000000000000000e+01,4.749960736040540610e+01,5.000000000000000000e+01
3.360000000000000000e+02,1.000000000000000000e+00,5.500000000000000000e+01,2.081173877763720981e+00,5.379531819195130993e+01,-8.764920697150301310e-01,0.000000000000000000e+00,4.800000000000000000e+01,4.751356345763288402e+01,5.000000000000000000e+01
3.370000000000000000e+02,1.000000000000000000e+00,5.500000000000000000e+01,2.023129328969219376e+00,5.384753887502231606e+01,-8.706682039915347726e-01,0.000000000000000000e+00,4.800000000000000000e+01,4.752742682332017665e+01,5.000000000000000000e+01
3.380000000000000000e+02,1.000000000000000000e+00,5.500000000000000000e+01,1.965470458227926098e+00,5.389941257670700026e+01,-8.648830349349261315e-01,0.000000000000000000e+00,4.800000000000000000e+01,4.754119807362351224e+01,5.000000000000000000e+01
3.390000000000000000e+02,1.000000000000000000e+00,5.500000000000000000e+01,1.908194702895738004e+00,5.395094160253592008e+01,-8.591363054316591974e-01,0.000000000000000000e+00,4.800000000000000000e+01,4.755487782060507840e+01,5.000000000000000000e+01
3.400000000000000000e+02,1.000000000000000000e+00,5.500000000000000000e+01,1.851299517356002067e+00,5.400212824272016832e+01,-8.534277600761750460e-01,0.000000000000000000e+00,4.800000000000000000e+01,4.756846667226020742e+01,5.000000000000000000e+01
3.410000000000000000e+02,1.000000000000000000e+00,5.500000000000000000e+01,1.794782372906448931e+00,5.405297477225306579e+01,-8.477571451595119489e-01,0.000000000000000000e+00,4.800000000000000000e+01,4.758196523254441956e+01,5.000000000000000000e+01
3.420000000000000000e+02,1.000000000000000000e+00,5.500000000000000000e+01,1.738640757646717550e+00,5.410348345101142087e+01,-8.421242086581441910e-01,0.000000000000000000e+00,4.800000000000000000e+01,4.759537410140022473e+01,5.000000000000000000e+01
3.430000000000000000e+02,1.000000000000000000e+00,5.500000000000000000e+01,1.682872176366884576e+00,5.415365652385576567e+01,-8.365287002226478030e-01,0.000000000000000000e+00,4.800000000000000000e+01,4.760869387478383885e+01,5.000000000000000000e+01
3.440000000000000000e+02,1.000000000000000000e+00,5.500000000000000000e+01,1.627474150436349687e+00,5.420349622073046447e+01,-8.309703711668102732e-01,0.000000000000000000e+00,4.800000000000000000e+01,4.762192514469163740e+01,5.000000000000000000e+01
3.450000000000000000e+02,1.000000000000000000e+00,5.500000000000000000e+01,1.572444217693811597e+00,5.425300475676264966e+01,-8.254489744564658116e-01,0.000000000000000000e+00,4.800000000000000000e+01,4.763506849918646679e+01,5.000000000000000000e+01
3.460000000000000000e+02,1.000000000000000000e+00,5.500000000000000000e+01,1.517779932337838922e+00,5.430218433236070297e+01,-8.199642646985432215e-01,0.000000000000000000e+00,4.800000000000000000e+01,4.764812452242378527e+01,5.000000000000000000e+01
3.470000000000000000e+02,1.000000000000000000e+00,5.500000000000000000e+01,1.463478864818146041e+00,5.435103713331206166e+01,-8.145159981302011465e-01,0.000000000000000000e+00,4.800000000000000000e+01,4.766109379467763318e+01,5.000000000000000000e+01
3.480000000000000000e+02,1.000000000000000000e+00,5.500000000000000000e+01,1.409538601727582163e+00,5.439956533088046342e+01,-8.091039326080454730e-01,0.000000000000000000e+00,4.800000000000000000e+01,4.767397689236641156e+01,5.000000000000000000e+01
3.490000000000000000e+02,1.000000000000000000e+00,5.500000000000000000e+01,1.355956745694915311e+00,5.444777108190242387e+01,-8.037278275973400721e-01,0.000000000000000000e+00,4.800000000000000000e+01,4.768677438807850422e+01,5.000000000000000000e+01
3.500000000000000000e+02,0.000000000000000000e+00,5.496003388989033311e+01,1.302730915278267787e+00,5.445569041877341476e+01,-7.983874441613489914e-01,0.000000000000000000e+00,4.800000000000000000e+01,4.769948685059772231e+01,5.000000000000000000e+01
3.510000000000000000e+02,0.000000000000000000e+00,5.492006454418264383e+01,1.249858744859290827e+00,5.446328834427407628e+01,-7.930825449507190594e-01,0.000000000000000000e+00,4.800000000000000000e+01,4.771211484492860677e+01,5.000000000000000000e+01
3.520000000000000000e+02,0.000000000000000000e+00,5.488009198437299574e+01,1.197337884537929220e+00,5.447056699402810409e+01,-7.878128941930372386e-01,0.000000000000000000e+00,4.800000000000000000e+01,4.772465893232148915e+01,5.000000000000000000e+01
3.530000000000000000e+02,0.000000000000000000e+00,5.484011623181502415e+01,1.145166000028191577e+00,5.447752848946900173e+01,-7.825782576821657122e-01,0.000000000000000000e+00,4.800000000000000000e+01,4.773711967029749559e+01,5.000000000000000000e+01
3.540000000000000000e+02,0.000000000000000000e+00,5.480013730772044767e+01,1.093340772554155738e+00,5.448417493793437671e+01,-7.773784027680853415e-01,0.000000000000000000e+00,4.800000000000000000e+01,4.774949230156230584e+01,5.000000000000000000e+01
3.550000000000000000e+02,0.000000000000000000e+00,5.476019803649374040e+01,1.041881988091643452e+00,5.449050856704131718e+01,-7.721925186392252227e-01,0.000000000000000000e+00,4.800000000000000000e+01,4.776177243194599242e+01,5.000000000000000000e+01
3.560000000000000000e+02,0.000000000000000000e+00,5.472033701406540018e+01,9.908079223524535184e-01,5.449653171550546915e+01,-7.670026237925202661e-01,0.000000000000000000e+00,4.800000000000000000e+01,4.777395600727342639e+01,5.000000000000000000e+01
3.570000000000000000e+02,0.000000000000000000e+00,5.468058897847873112e+01,9.401354369822348955e-01,5.450224682454487635e+01,-7.617932830483763462e-01,0.000000000000000000e+00,4.800000000000000000e+01,4.778603929168318132e+01,5.000000000000000000e+01
3.580000000000000000e+02,0.000000000000000000e+00,5.464098515004775436e+01,8.898800697339368515e-01,5.450765642983201076e+01,-7.565513495181936943e-01,0.000000000000000000e+00,4.800000000000000000e+01,4.779801884730429862e+01,5.000000000000000000e+01
3.590000000000000000e+02,0.000000000000000000e+00,5.460155354348550816e+01,8.400561189938023920e-01,5.451276315395963223e+01,-7.512657294679272457e-01,0.000000000000000000e+00,4.800000000000000000e+01,4.780989152089430405e+01,5.000000000000000000e+01
3.600000000000000000e+02,0.000000000000000000e+00,5.456231920837424809e+01,7.906766993549498856e-01,5.451756969924446139e+01,-7.459271902251571884e-01,0.000000000000000000e+00,4.800000000000000000e+01,4.782165443071539812e+01,5.000000000000000000e+01
3.610000000000000000e+02,0.000000000000000000e+00,5.452330445492594180e+01,7.417537962003692975e-01,5.452207884086269729e+01,-7.405281821371259010e-01,0.000000000000000000e+00,4.800000000000000000e+01,4.783330495368724655e+01,5.000000000000000000e+01
3.620000000000000000e+02,0.000000000000000000e+00,5.448452906567748499e+01,6.932983191355162056e-01,5.452629342031033133e+01,-7.350626737683579881e-01,0.000000000000000000e+00,4.800000000000000000e+01,4.784484071284782658e+01,5.000000000000000000e+01
3.630000000000000000e+02,0.000000000000000000e+00,5.444601049376522894e+01,6.453201541396774710e-01,5.453021633918048394e+01,-7.295259995549278065e-01,0.000000000000000000e+00,4.800000000000000000e+01,4.785625956514794410e+01,5.000000000000000000e+01
3.640000000000000000e+02,0.000000000000000000e+00,5.440776404841562197e+01,5.978282143295710060e-01,5.453385055324935848e+01,-7.239147191633109601e-01,0.000000000000000000e+00,4.800000000000000000e+01,4.786755958959335544e+01,5.000000000000000000e+01
3.650000000000000000e+02,0.000000000000000000e+00,5.436980306833132914e+01,5.508304892772306616e-01,5.453719906686198726e+01,-7.182264878078927772e-01,0.000000000000000000e+00,4.800000000000000000e+01,4.787873907574568477e+01,5.000000000000000000e+01
3.660000000000000000e+02,0.000000000000000000e+00,5.433213908362277778e+01,5.043340928356303543e-01,5.454026492760871037e+01,-7.124599368215571715e-01,0.000000000000000000e+00,4.800000000000000000e+01,4.788979651259030845e+01,5.000000000000000000e+01
3.670000000000000000e+02,0.000000000000000000e+00,5.429478196691087533e+01,4.583453094380627313e-01,5.454305122128310757e+01,-7.066145638102980797e-01,0.000000000000000000e+00,4.800000000000000000e+01,4.790073057777698295e+01,5.000000000000000000e+01
3.680000000000000000e+02,0.000000000000000000e+00,5.425774007419997247e+01,4.128696388472467005e-01,5.454556106711196861e+01,-7.006906317592431765e-01,0.000000000000000000e+00,4.800000000000000000e+01,4.791154012723661992e+01,5.000000000000000000e+01
3.690000000000000000e+02,0.000000000000000000e+00,5.422102037609626279e+01,3.679118393400085951e-01,5.454779761324777354e+01,-6.946890764915181204e-01,0.000000000000000000e+00,4.800000000000000000e+01,4.792222418517594207e+01,5.000000000000000000e+01
3.700000000000000000e+02,0.000000000000000000e+00,5.418462857991867310e+01,3.234759693203258513e-01,5.454976403251416173e+01,-6.886114219158155914e-01,0.000000000000000000e+00,4.800000000000000000e+01,4.793278193444940882e+01,5.000000000000000000e+01
3.710000000000000000e+02,0.000000000000000000e+00,5.414856924323006382e+01,2.795654273632748321e-01,5.455146351839479024e+01,-6.824597025280029206e-01,0.000000000000000000e+00,4.800000000000000000e+01,4.794321270730684148e+01,5.000000000000000000e+01
3.720000000000000000e+02,0.000000000000000000e+00,5.411284587928765433e+01,2.361829906964142134e-01,5.455289928125616683e+01,-6.762363926649279655e-01,0.000000000000000000e+00,4.800000000000000000e+01,4.795351597651333719e+01,5.000000000000000000e+01
3.730000000000000000e+02,0.000000000000000000e+00,5.407746105489201227e+01,1.933308521327880003e-01,5.455407454479496465e+01,-6.699443420357427126e-01,0.000000000000000000e+00,4.800000000000000000e+01,4.796369134683700963e+01,5.000000000000000000e+01
3.740000000000000000e+02,0.000000000000000000e+00,5.404241648109025675e+01,1.510106554741078855e-01,5.455499254270058174e+01,-6.635867170844382823e-01,0.000000000000000000e+00,4.800000000000000000e+01,4.797373854689912775e+01,5.000000000000000000e+01
3.750000000000000000e+02,0.000000000000000000e+00,5.400771309716638058e+01,1.092235294066920409e-01,5.455565651552372231e+01,-6.571669477640351698e-01,0.000000000000000000e+00,4.800000000000000000e+01,4.798365742138011569e+01,5.000000000000000000e+01
3.760000000000000000e+02,0.000000000000000000e+00,5.397335114833215641e+01,6.797011991734851211e-02,5.455606970774206133e+01,-6.506886793272544933e-01,0.000000000000000000e+00,4.800000000000000000e+01,4.799344792357430833e+01,5.000000000000000000e+01
3.770000000000000000e+02,0.000000000000000000e+00,5.393933025750960297e+01,2.725062125875503047e-02,5.455623536501415316e+01,-6.441557287633004059e-01,0.000000000000000000e+00,4.800000000000000000e+01,4.800311010828546898e+01,5.000000000000000000e+01
3.780000000000000000e+02,0.000000000000000000e+00,5.390564949157825225e+01,-1.293519450241827247e-02,5.455615673161292278e+01,-6.375720455322526625e-01,0.000000000000000000e+00,4.800000000000000000e+01,4.801264412505474866e+01,5.000000000000000000e+01
3.790000000000000000e+02,0.000000000000000000e+00,5.387230742243927750e+01,-5.258794932003826861e-02,5.455583704803043332e+01,-6.309416762711215210e-01,0.000000000000000000e+00,4.800000000000000000e+01,4.802205021171221233e+01,5.000000000000000000e+01
3.800000000000000000e+02,0.000000000000000000e+00,5.383930218323111916e+01,-9.170863234877953130e-02,5.455527954874563790e+01,-6.242687331657426064e-01,0.000000000000000000e+00,4.800000000000000000e+01,4.803132868824256718e+01,5.000000000000000000e+01
3.810000000000000000e+02,0.000000000000000000e+00,5.380663152001439187e+01,-1.302985744311868088e-01,5.455448746014727135e+01,-6.175573657016935059e-01,0.000000000000000000e+00,4.800000000000000000e+01,4.804047995095581314e+01,5.000000000000000000e+01
3.820000000000000000e+02,0.000000000000000000e+00,5.377429283922381842e+01,-1.683594238529343701e-01,5.455346399860409434e+01,-6.108117355273439131e-01,0.000000000000000000e+00,4.800000000000000000e+01,4.804950446695281130e+01,5.000000000000000000e+01
3.830000000000000000e+02,0.000000000000000000e+00,5.374228325117281457e+01,-2.058931233246727721e-01,5.455221236867507173e+01,-6.040359941775829133e-01,0.000000000000000000e+00,4.800000000000000000e+01,4.805840276887619211e+01,5.000000000000000000e+01
3.840000000000000000e+02,0.000000000000000000e+00,5.371059960987604143e+01,-2.429018881506270489e-01,5.455073576145227321e+01,-5.972342634256053717e-01,0.000000000000000000e+00,4.800000000000000000e+01,4.806717544993639990e+01,5.000000000000000000e+01
3.850000000000000000e+02,0.000000000000000000e+00,5.367923854944440620e+01,-2.793881855415094595e-01,5.454903735302952583e+01,-5.904106180436119455e-01,0.000000000000000000e+00,4.800000000000000000e+01,4.807582315920299720e+01,5.000000000000000000e+01
3.860000000000000000e+02,0.000000000000000000e+00,5.364819651728993932e+01,-3.153547150306694746e-01,5.454712030309013215e+01,-5.835690707695226909e-01,0.000000000000000000e+00,4.800000000000000000e+01,4.808434659715136661e+01,5.000000000000000000e+01
3.870000000000000000e+02,0.000000000000000000e+00,5.361746980436394949e+01,-3.508043899524627141e-01,5.454498775360713836e+01,-5.767135592907253194e-01,0.000000000000000000e+00,4.800000000000000000e+01,4.809274651145470614e+01,5.000000000000000000e+01
3.880000000000000000e+02,0.000000000000000000e+00,5.358705457264137806e+01,-3.857403199408160899e-01,5.454264282765004879e+01,-5.698479350678578026e-01,0.000000000000000000e+00,4.800000000000000000e+01,4.810102369301158376e+01,5.000000000000000000e+01
3.890000000000000000e+02,0.000000000000000000e+00,5.355694688004928850e+01,-4.201657944075021800e-01,5.454008862829194726e+01,-5.629759538351535308e-01,0.000000000000000000e+00,4.800000000000000000e+01,4.810917897219933081e+01,5.000000000000000000e+01
3.900000000000000000e+02,0.000000000000000000e+00,5.352714270302654143e+01,-4.540842669596965031e-01,5.453732823761134085e+01,-5.561012676251049225e-01,0.000000000000000000e+00,4.800000000000000000e+01,4.811721321534379570e+01,5.000000000000000000e+01
3.910000000000000000e+02,0.000000000000000000e+00,5.349763795688933499e+01,-4.874993407173945359e-01,5.453436471578326916e+01,-5.492274181765415264e-01,0.000000000000000000e+00,4.800000000000000000e+01,4.812512732139592231e+01,5.000000000000000000e+01
3.920000000000000000e+02,0.000000000000000000e+00,5.346842851416879228e+01,-5.204147544910299183e-01,5.453120110025444944e+01,-5.423578315946289141e-01,0.000000000000000000e+00,4.800000000000000000e+01,4.813292221880610100e+01,5.000000000000000000e+01
3.930000000000000000e+02,0.000000000000000000e+00,5.343951022107362547e+01,-5.528343697816446856e-01,5.452784040499741991e+01,-5.354958141421515272e-01,0.000000000000000000e+00,4.800000000000000000e+01,4.814059886258731069e+01,5.000000000000000000e+01
3.940000000000000000e+02,0.000000000000000000e+00,5.341087891222274209e+01,-5.847621585662572397e-01,5.452428561983896316e+01,-5.286445490499660504e-01,0.000000000000000000e+00,4.800000000000000000e+01,4.814815823155814201e+01,5.000000000000000000e+01
3.950000000000000000e+02,0.000000000000000000e+00,5.338253042378440938e+01,-6.162021918313702606e-01,5.452053970985822673e+01,-5.218070942424448688e-01,0.000000000000000000e+00,4.800000000000000000e+01,4.815560132575735963e+01,5.000000000000000000e+01
3.960000000000000000e+02,0.000000000000000000e+00,5.335446060514721722e+01,-6.471586288199245862e-01,5.451660561485019940e+01,-5.149863808830559275e-01,0.000000000000000000e+00,4.800000000000000000e+01,4.816292916402170476e+01,5.000000000000000000e+01
3.970000000000000000e+02,0.000000000000000000e+00,5.332666532924140768e+01,-6.776357069571812275e-01,5.451248624885045757e+01,-5.081852126518698887e-01,0.000000000000000000e+00,4.800000000000000000e+01,4.817014278171875219e+01,5.000000000000000000e+01
3.980000000000000000e+02,0.000000000000000000e+00,5.329914050162245331e+01,-7.076377324214889741e-01,5.450818449971719559e+01,-5.014062656732565237e-01,0.000000000000000000e+00,4.800000000000000000e+01,4.817724322862731867e+01,5.000000000000000000e+01
3.990000000000000000e+02,0.000000000000000000e+00,5.327188206841788087e+01,-7.371690713287296637e-01,5.450370322876686657e+01,-4.946520890202596998e-01,0.000000000000000000e+00,4.800000000000000000e+01,4.818423156695764931e+01,5.000000000000000000e+01
4.000000000000000000e+02,0.000000000000000000e+00,5.324488602323565800e+01,-7.662341414981115317e-01,5.449904527045988800e+01,-4.879251057261200786e-01,0.000000000000000000e+00,4.800000000000000000e+01,4.819110886950436168e+01,5.000000000000000000e+01
4.010000000000000000e+02,0.000000000000000000e+00,5.321814841312181699e+01,-7.948374047701125544e-01,5.449421343213301583e+01,-4.812276142410829016e-01,0.000000000000000000e+00,4.800000000000000000e+01,4.819787621792497134e+01,5.000000000000000000e+01
4.020000000000000000e+02,0.000000000000000000e+00,5.319166534365229637e+01,-8.229833598467278799e-01,5.448921049377528192e+01,-4.745617902762518936e-01,0.000000000000000000e+00,4.800000000000000000e+01,4.820453470113751848e+01,5.000000000000000000e+01
4.030000000000000000e+02,0.000000000000000000e+00,5.316543298323442457e+01,-8.506765356270677980e-01,5.448403920784441823e+01,-4.679296889829277495e-01,0.000000000000000000e+00,4.800000000000000000e+01,4.821108541383058821e+01,5.000000000000000000e+01
4.040000000000000000e+02,0.000000000000000000e+00,5.313944756669202718e+01,-8.779214850104104517e-01,5.447870229912095397e+01,-4.613332474185132259e-01,0.000000000000000000e+00,4.800000000000000000e+01,4.821752945507967070e+01,5.000000000000000000e+01
4.050000000000000000e+02,0.000000000000000000e+00,5.311370539819982639e+01,-9.047227791415307641e-01,5.447320246459729987e+01,-4.547742872559422667e-01,0.000000000000000000e+00,4.800000000000000000e+01,4.822386792706397785e+01,5.000000000000000000e+01
4.060000000000000000e+02,0.000000000000000000e+00,5.308820285362825331e+01,-9.310850020738357102e-01,5.446754237339928295e+01,-4.482545176971933221e-01,0.000000000000000000e+00,4.800000000000000000e+01,4.823010193387780475e+01,5.000000000000000000e+01
4.070000000000000000e+02,0.000000000000000000e+00,5.306293638235797516e+01,-9.570127458257199349e-01,5.446172466673773016e+01,-4.417755385540326207e-01,0.000000000000000000e+00,4.800000000000000000e+01,4.823623258043127748e+01,5.000000000000000000e+01
4.080000000000000000e+02,0.000000000000000000e+00,5.303790250861457167e+01,-9.825106058086857663e-01,5.445575195788782707e+01,-4.353388434645695804e-01,0.000000000000000000e+00,4.800000000000000000e+01,4.824226097143505854e+01,5.000000000000000000e+01
4.090000000000000000e+02,0.000000000000000000e+00,5.301309783237422835e+01,-1.007583176604650133e+00,5.444962683219418409e+01,-4.289458232153084416e-01,0.000000000000000000e+00,4.800000000000000000e+01,4.824818821046409312e+01,5.000000000000000000e+01
4.100000000000000000e+02,0.000000000000000000e+00,5.298851902988509721e+01,-1.032235048071989070e+00,5.444335184709952102e+01,-4.225977691424331883e-01,0.000000000000000000e+00,4.800000000000000000e+01,4.825401539909589133e+01,5.000000000000000000e+01
4.110000000000000000e+02,0.000000000000000000e+00,5.296416285384415090e+01,-1.056470801761582701e+00,5.443692953219519381e+01,-4.162958765894557711e-01,0.000000000000000000e+00,4.800000000000000000e+01,4.825974363611831564e+01,5.000000000000000000e+01
4.120000000000000000e+02,0.000000000000000000e+00,5.294002613327189266e+01,-1.080295007621938641e+00,5.443036238929171589e+01,-4.100412483978823630e-01,0.000000000000000000e+00,4.800000000000000000e+01,4.826537401680332096e+01,5.000000000000000000e+01
4.130000000000000000e+02,0.000000000000000000e+00,5.291610577311416108e+01,-1.103712220978617875e+00,5.442365289250765414e+01,-4.038348984148750764e-01,0.000000000000000000e+00,4.800000000000000000e+01,4.827090763224170189e+01,5.000000000000000000e+01
4.140000000000000000e+02,0.000000000000000000e+00,5.289239875361035104e+01,-1.126726979767393777e+00,5.441680348837532932e+01,-3.976777549975850645e-01,0.000000000000000000e+00,4.800000000000000000e+01,4.827634556873584870e+01,5.000000000000000000e+01
4.150000000000000000e+02,0.000000000000000000e+00,5.286890212945046130e+01,-1.149343802008674809e+00,5.440981659596189957e+01,-3.915706645027657862e-01,0.000000000000000000e+00,4.800000000000000000e+01,4.828168890724607820e+01,5.000000000000000000e+01
4.160000000000000000e+02,0.000000000000000000e+00,5.284561302875417965e+01,-1.171567183504749643e+00,5.440269460700442039e+01,-3.855143947454923725e-01,0.000000000000000000e+00,4.800000000000000000e+01,4.828693872288752686e+01,5.000000000000000000e+01
4.170000000000000000e+02,0.000000000000000000e+00,5.282252865189288116e+01,-1.193401595747324073e+00,5.439543988605763047e+01,-3.795096384174241333e-01,0.000000000000000000e+00,4.800000000000000000e+01,4.829209608447408186e+01,5.000000000000000000e+01
4.180000000000000000e+02,0.000000000000000000e+00,5.279964627017884027e+01,-1.214851484020693206e+00,5.438805477065324823e+01,-3.735570164537199700e-01,0.000000000000000000e+00,4.800000000000000000e+01,4.829716205410636576e+01,5.000000000000000000e+01
4.190000000000000000e+02,0.000000000000000000e+00,5.277696322444104737e+01,-1.235921265688136206e+00,5.438054157146973466e+01,-3.676570813405515836e-01,0.000000000000000000e+00,4.800000000000000000e+01,4.830213768680059161e+01,5.000000000000000000e+01
4.200000000000000000e+02,0.000000000000000000e+00,5.275447692350815032e+01,-1.256615328648293728e+00,5.437290257251138570e+01,-3.618103203549398739e-01,0.000000000000000000e+00,4.800000000000000000e+01,4.830702403015575896e+01,5.000000000000000000e+01
4.210000000000000000e+02,0.000000000000000000e+00,5.273218484261312966e+01,-1.276938029951009801e+00,5.436514003129587991e+01,-3.560171587317381148e-01,0.000000000000000000e+00,4.800000000000000000e+01,4.831182212405624909e+01,5.000000000000000000e+01
4.220000000000000000e+02,0.000000000000000000e+00,5.271008452173757064e+01,-1.296893694560400823e+00,5.435725617904931539e+01,-3.502779627513425975e-01,0.000000000000000000e+00,4.800000000000000000e+01,4.831653300040767363e+01,5.000000000000000000e+01
4.230000000000000000e+02,0.000000000000000000e+00,5.268817356390648143e+01,-1.316486614256227261e+00,5.434925322090793998e+01,-3.445930427452335021e-01,0.000000000000000000e+00,4.800000000000000000e+01,4.832115768290333335e+01,5.000000000000000000e+01
4.240000000000000000e+02,0.000000000000000000e+00,5.266644963344849373e+01,-1.335721046662579070e+00,5.434113333612579311e+01,-3.389626560147195877e-01,0.000000000000000000e+00,4.800000000000000000e+01,4.832569718681907034e+01,5.000000000000000000e+01
4.250000000000000000e+02,0.000000000000000000e+00,5.264491045423265092e+01,-1.354601214394646647e+00,5.433289867828752762e+01,-3.333870096602285504e-01,0.000000000000000000e+00,4.800000000000000000e+01,4.833015251883479380e+01,5.000000000000000000e+01
4.260000000000000000e+02,0.000000000000000000e+00,5.262355380788869752e+01,-1.373131304316433265e+00,5.432455137552572211e+01,-3.278662633205938204e-01,0.000000000000000000e+00,4.800000000000000000e+01,4.833452467688022125e+01,5.000000000000000000e+01
4.270000000000000000e+02,0.000000000000000000e+00,5.260237753202400057e+01,-1.391315466899180509e+00,5.431609353074214397e+01,-3.224005318189622771e-01,0.000000000000000000e+00,4.800000000000000000e+01,4.833881465000331445e+01,5.000000000000000000e+01
4.280000000000000000e+02,0.000000000000000000e+00,5.258137951844227587e+01,-1.409157815674181302e+00,5.430752722183227377e+01,-3.169898877158131012e-01,0.000000000000000000e+00,4.800000000000000000e+01,4.834302341825966209e+01,5.000000000000000000e+01
4.290000000000000000e+02,0.000000000000000000e+00,5.256055771137130961e+01,-1.426662426772714598e+00,5.429885450191268603e+01,-3.116343637686628809e-01,0.000000000000000000e+00,4.800000000000000000e+01,4.834715195262091925e+01,5.000000000000000000e+01
4.300000000000000000e+02,0.000000000000000000e+00,5.253991010570796050e+01,-1.443833338545236877e+00,5.429007739955071088e+01,-3.063339552975105073e-01,0.000000000000000000e+00,4.800000000000000000e+01,4.835120121490125200e+01,5.000000000000000000e+01
4.310000000000000000e+02,0.000000000000000000e+00,5.251943474528211908e+01,-1.460674551255459752e+00,5.428119791899596436e+01,-3.010886224583889659e-01,0.000000000000000000e+00,4.800000000000000000e+01,4.835517215769984034e+01,5.000000000000000000e+01
4.320000000000000000e+02,0.000000000000000000e+00,5.249912972114836407e+01,-1.477190026841214809e+00,5.427221804041334252e+01,-2.958982924237610335e-01,0.000000000000000000e+00,4.800000000000000000e+01,4.835906572435848716e+01,5.000000000000000000e+01
4.330000000000000000e+02,0.000000000000000000e+00,5.247899316990647378e+01,-1.493383688738145532e+00,5.426313972011705999e+01,-2.907628614724350191e-01,0.000000000000000000e+00,4.800000000000000000e+01,4.836288284893295497e+01,5.000000000000000000e+01
4.340000000000000000e+02,0.000000000000000000e+00,5.245902327205510574e+01,-1.509259421760494657e+00,5.425396489080544882e+01,-2.856821969898435953e-01,0.000000000000000000e+00,4.800000000000000000e+01,4.836662445617677974e+01,5.000000000000000000e+01
4.350000000000000000e+02,0.000000000000000000e+00,5.243921825038237472e+01,-1.524821072033784919e+00,5.424469546179612678e+01,-2.806561393799657522e-01,0.000000000000000000e+00,4.800000000000000000e+01,4.837029146153665238e+01,5.000000000000000000e+01
4.360000000000000000e+02,0.000000000000000000e+00,5.241957636839430990e+01,-1.540072446975609521e+00,5.423533331926132206e+01,-2.756845038914063073e-01,0.000000000000000000e+00,4.800000000000000000e+01,4.837388477115823093e+01,5.000000000000000000e+01
4.370000000000000000e+02,0.000000000000000000e+00,5.240009592878412548e+01,-1.555017315319806359e+00,5.422588032646302736e+01,-2.707670823590943021e-01,0.000000000000000000e+00,4.800000000000000000e+01,4.837740528190141731e+01,5.000000000000000000e+01
4.380000000000000000e+02,0.000000000000000000e+00,5.238077527194415239e+01,-1.569659407179994304e+00,5.421633832398777031e+01,-2.659036448636230565e-01,0.000000000000000000e+00,4.800000000000000000e+01,4.838085388136435938e+01,5.000000000000000000e+01
4.390000000000000000e+02,0.000000000000000000e+00,5.236161277452038121e+01,-1.584002414149401128e+00,5.420670912998077995e+01,-2.610939413109967244e-01,0.000000000000000000e+00,4.800000000000000000e+01,4.838423144791519803e+01,5.000000000000000000e+01
4.400000000000000000e+02,0.000000000000000000e+00,5.234260684801203922e+01,-1.598049989432900109e+00,5.419699454037936448e+01,-2.563377029344233171e-01,0.000000000000000000e+00,4.800000000000000000e+01,4.838753885073089123e+01,5.000000000000000000e+01
4.410000000000000000e+02,0.000000000000000000e+00,5.232375593741588915e+01,-1.611805748008485084e+00,5.418719632914527295e+01,-2.516346437208945575e-01,0.000000000000000000e+00,4.800000000000000000e+01,4.839077694984247557e+01,5.000000000000000000e+01
4.420000000000000000e+02,0.000000000000000000e+00,5.230505851991521382e+01,-1.625273266815514317e+00,5.417731624849594141e+01,-2.469844617652136864e-01,0.000000000000000000e+00,4.800000000000000000e+01,4.839394659618587013e+01,5.000000000000000000e+01
4.430000000000000000e+02,0.000000000000000000e+00,5.228651310361547644e+01,-1.638456084966009918e+00,5.416735602913444581e+01,-2.423868405529614745e-01,0.000000000000000000e+00,4.800000000000000000e+01,4.839704863165793824e+01,5.000000000000000000e+01
4.440000000000000000e+02,0.000000000000000000e+00,5.226811822632407001e+01,-1.651357703977822444e+00,5.415731738047804811e+01,-2.378414501761551281e-01,0.000000000000000000e+00,4.800000000000000000e+01,4.840008388917695470e+01,5.000000000000000000e+01
4.450000000000000000e+02,0.000000000000000000e+00,5.224987245437617389e+01,-1.663981588026118397e+00,5.414720199088518626e+01,-2.333479484828965000e-01,0.000000000000000000e+00,4.800000000000000000e+01,4.840305319274722251e+01,5.000000000000000000e+01
4.460000000000000000e+02,0.000000000000000000e+00,5.223177438150420215e+01,-1.676331164212128133e+00,5.413701152788085835e+01,-2.289059821645293424e-01,0.000000000000000000e+00,4.800000000000000000e+01,4.840595735752711448e+01,5.000000000000000000e+01
4.470000000000000000e+02,0.000000000000000000e+00,5.221382262775237137e+01,-1.688409822846134833e+00,5.412674763838027303e+01,-2.245151877817685160e-01,0.000000000000000000e+00,4.800000000000000000e+01,4.840879718990024116e+01,5.000000000000000000e+01
4.480000000000000000e+02,0.000000000000000000e+00,5.219601583843442683e+01,-1.700220917743468396e+00,5.411641194891070938e+01,-2.201751927328153280e-01,0.000000000000000000e+00,4.800000000000000000e+01,4.841157348754944678e+01,5.000000000000000000e+01
4.490000000000000000e+02,0.000000000000000000e+00,5.217835268313295671e+01,-1.711767766532261037e+00,5.410600606583148675e+01,-2.158856161662674189e-01,0.000000000000000000e+00,4.800000000000000000e+01,4.841428703953290835e+01,5.000000000000000000e+01
4.500000000000000000e+02,0.000000000000000000e+00,5.216083185474229822e+01,-1.723053650969948780e+00,5.409553157555203740e+01,-2.116460698397879536e-01,0.000000000000000000e+00,4.800000000000000000e+01,4.841693862636242329e+01,5.000000000000000000e+01
4.510000000000000000e+02,0.000000000000000000e+00,5.214345206855051629e+01,-1.734081817268877002e+00,5.408499004474796834e+01,-2.074561589285712215e-01,0.000000000000000000e+00,4.800000000000000000e+01,4.841952902008323179e+01,5.000000000000000000e+01
4.520000000000000000e+02,0.000000000000000000e+00,5.212621206136236651e+01,-1.744855476428287311e+00,5.407438302057515500e+01,-2.033154827845029267e-01,0.000000000000000000e+00,4.800000000000000000e+01,4.842205898435528866e+01,5.000000000000000000e+01
4.530000000000000000e+02,0.000000000000000000e+00,5.210911059066031470e+01,-1.755377804572334499e+00,5.406371203088170319e+01,-1.992236356490542926e-01,0.000000000000000000e+00,4.800000000000000000e+01,4.842452927453567213e+01,5.000000000000000000e+01
4.540000000000000000e+02,0.000000000000000000e+00,5.209214643380322229e+01,-1.765651943292831039e+00,5.405297858441791448e+01,-1.951802073218603384e-01,0.000000000000000000e+00,4.800000000000000000e+01,4.842694063776178837e+01,5.000000000000000000e+01
4.550000000000000000e+02,0.000000000000000000e+00,5.207531838726209372e+01,-1.775680999995301823e+00,5.404218417104408445e+01,-1.911847837866897937e-01,0.000000000000000000e+00,4.800000000000000000e+01,4.842929381303534342e+01,5.000000000000000000e+01
4.560000000000000000e+02,0.000000000000000000e+00,5.205862526589035610e+01,-1.785468048248229689e+00,5.403133026193619060e+01,-1.872369477976081331e-01,0.000000000000000000e+00,4.800000000000000000e+01,4.843158953130675570e+01,5.000000000000000000e+01
4.570000000000000000e+02,0.000000000000000000e+00,5.204206590222855056e+01,-1.795016128134134803e+00,5.402041830978947701e+01,-1.833362794267879015e-01,0.000000000000000000e+00,4.800000000000000000e+01,4.843382851555981006e+01,5.000000000000000000e+01
4.580000000000000000e+02,0.000000000000000000e+00,5.202563914584239058e+01,-1.804328246601657249e+00,5.400944974901986484e+01,-1.794823565758165984e-01,0.000000000000000000e+00,4.800000000000000000e+01,4.843601148089648234e+01,5.000000000000000000e+01
4.590000000000000000e+02,0.000000000000000000e+00,5.200934386269214826e+01,-1.813407377818348820e+00,5.399842599596321691e+01,-1.756747554527211819e-01,0.000000000000000000e+00,4.800000000000000000e+01,4.843813913462179244e+01,5.000000000000000000e+01
4.600000000000000000e+02,0.000000000000000000e+00,5.199317893453240913e+01,-1.822256463523585390e+00,5.398734844907249908e+01,-1.719130510165018388e-01,0.000000000000000000e+00,4.800000000000000000e+01,4.844021217632837306e+01,5.000000000000000000e+01
4.610000000000000000e+02,0.000000000000000000e+00,5.197714325834226656e+01,-1.830878413380293335e+00,5.397621848911273901e+01,-1.681968173901840224e-01,0.000000000000000000e+00,4.800000000000000000e+01,4.844223129798093908e+01,5.000000000000000000e+01
4.620000000000000000e+02,0.000000000000000000e+00,5.196123574578239612e+01,-1.839276105326265842e+00,5.396503747935391715e+01,-1.645256282452560170e-01,0.000000000000000000e+00,4.800000000000000000e+01,4.844419718400028785e+01,5.000000000000000000e+01
4.630000000000000000e+02,0.000000000000000000e+00,5.194545532268013233e+01,-1.847452385923527007e+00,5.395380676576167644e+01,-1.608990571580160844e-01,0.000000000000000000e+00,4.800000000000000000e+01,4.844611051134681645e+01,5.000000000000000000e+01
4.640000000000000000e+02,0.000000000000000000e+00,5.192980092854057261e+01,-1.855410070705686199e+00,5.394252767718595720e+01,-1.573166779396936998e-01,0.000000000000000000e+00,4.800000000000000000e+01,4.844797194960358411e+01,5.000000000000000000e+01
4.650000000000000000e+02,0.000000000000000000e+00,5.191427151608186819e+01,-1.863151944523401493e+00,5.393120152554751456e+01,-1.537780649422475776e-01,0.000000000000000000e+00,4.800000000000000000e+01,4.844978216105867830e+01,5.000000000000000000e+01
4.660000000000000000e+02,0.000000000000000000e+00,5.189886605079485804e+01,-1.870680761886948096e+00,5.391982960602236830e+01,-1.502827933405664340e-01,0.000000000000000000e+00,4.800000000000000000e+01,4.845154180078694139e+01,5.000000000000000000e+01
4.670000000000000000e+02,0.000000000000000000e+00,5.188358351052512063e+01,-1.877999247306124886e+00,5.390841319722415648e+01,-1.468304393929057428e-01,0.000000000000000000e+00,4.800000000000000000e+01,4.845325151673090147e+01,5.000000000000000000e+01
4.680000000000000000e+02,0.000000000000000000e+00,5.186842288507718735e+01,-1.885110095626852722e+00,5.389695356138447835e+01,-1.434205806804418892e-01,0.000000000000000000e+00,4.800000000000000000e+01,4.845491194978104943e+01,5.000000000000000000e+01
4.690000000000000000e+02,0.000000000000000000e+00,5.185338317583822487e+01,-1.892015972365054033e+00,5.388545194453119791e+01,-1.400527963279216692e-01,0.000000000000000000e+00,4.800000000000000000e+01,4.845652373385510714e+01,5.000000000000000000e+01
4.700000000000000000e+02,0.000000000000000000e+00,5.183846339542305515e+01,-1.898719514036334877e+00,5.387390957666471536e+01,-1.367266672053224774e-01,0.000000000000000000e+00,4.800000000000000000e+01,4.845808749597657084e+01,5.000000000000000000e+01
4.710000000000000000e+02,0.000000000000000000e+00,5.182366256733671861e+01,-1.905223328482652967e+00,5.386232767193229876e+01,-1.334417761129224334e-01,0.000000000000000000e+00,4.800000000000000000e+01,4.845960385635228818e+01,5.000000000000000000e+01
4.720000000000000000e+02,0.000000000000000000e+00,5.180897972565546894e+01,-1.911529995194968468e+00,5.385070742880041195e+01,-1.301977079499775924e-01,0.000000000000000000e+00,4.800000000000000000e+01,4.846107342844923949e+01,5.000000000000000000e+01
4.730000000000000000e+02,0.000000000000000000e+00,5.179441391472376210e+01,-1.917642065632582105e+00,5.383905003022513824e+01,-1.269940498687881503e-01,0.000000000000000000e+00,4.800000000000000000e+01,4.846249681907018214e+01,5.000000000000000000e+01
4.740000000000000000e+02,0.000000000000000000e+00,5.177996418886907293e+01,-1.923562063537746614e+00,5.382735664382065011e+01,-1.238303914138300099e-01,0.000000000000000000e+00,4.800000000000000000e+01,4.846387462842854177e+01,5.000000000000000000e+01
4.750000000000000000e+02,0.000000000000000000e+00,5.176562961213022618e+01,-1.929292485247145805e+00,5.381562842202583141e+01,-1.207063246484593177e-01,0.000000000000000000e+00,4.800000000000000000e+01,4.846520745022223764e+01,5.000000000000000000e+01
4.760000000000000000e+02,0.000000000000000000e+00,5.175140925800122460e+01,-1.934835799998940065e+00,5.380386650226899548e+01,-1.176214442688279516e-01,0.000000000000000000e+00,4.800000000000000000e+01,4.846649587170661277e+01,5.000000000000000000e+01
4.770000000000000000e+02,0.000000000000000000e+00,5.173730220918815093e+01,-1.940194450236089052e+00,5.379207200713078407e+01,-1.145753477065446085e-01,0.000000000000000000e+00,4.800000000000000000e+01,4.846774047376629824e+01,5.000000000000000000e+01
4.780000000000000000e+02,0.000000000000000000e+00,5.172330755737979047e+01,-1.945370851905239951e+00,5.378024604450521906e+01,-1.115676352201899757e-01,0.000000000000000000e+00,4.800000000000000000e+01,4.846894183098618214e+01,5.000000000000000000e+01
4.790000000000000000e+02,0.000000000000000000e+00,5.170942440303000609e+01,-1.950367394751894912e+00,5.376838970775900606e+01,-1.085979099771084422e-01,0.000000000000000000e+00,4.800000000000000000e+01,4.847010051172144074e+01,5.000000000000000000e+01
4.800000000000000000e+02,0.000000000000000000e+00,5.169565185515137529e+01,-1.955186442611675623e+00,5.375650407588902624e+01,-1.056657781259757040e-01,0.000000000000000000e+00,4.800000000000000000e+01,4.847121707816647529e+01,5.000000000000000000e+01
4.810000000000000000e+02,0.000000000000000000e+00,5.168198903112089937e+01,-1.959830333697036187e+00,5.374459021367810152e+01,-1.027708488601668940e-01,0.000000000000000000e+00,4.800000000000000000e+01,4.847229208642303888e+01,5.000000000000000000e+01
4.820000000000000000e+02,0.000000000000000000e+00,5.166843505649477208e+01,-1.964301380880610015e+00,5.373264917184904021e+01,-9.991273447365538185e-02,0.000000000000000000e+00,4.800000000000000000e+01,4.847332608656724062e+01,5.000000000000000000e+01
4.830000000000000000e+02,0.000000000000000000e+00,5.165498906483435348e+01,-1.968601871973884254e+00,5.372068198721697740e+01,-9.709105040874112247e-02,0.000000000000000000e+00,4.800000000000000000e+01,4.847431962271582506e+01,5.000000000000000000e+01
4.840000000000000000e+02,0.000000000000000000e+00,5.164165019753948371e+01,-1.972734070002862383e+00,5.370868968284005973e+01,-9.430541529770887499e-02,0.000000000000000000e+00,4.800000000000000000e+01,4.847527323309130054e+01,5.000000000000000000e+01
4.850000000000000000e+02,0.000000000000000000e+00,5.162841760369234123e+01,-1.976700213478937318e+00,5.369667326816845332e+01,-9.155545099717914137e-02,0.000000000000000000e+00,4.800000000000000000e+01,4.847618745008625751e+01,5.000000000000000000e+01
4.860000000000000000e+02,0.000000000000000000e+00,5.161529043990839227e+01,-1.980502516666397428e+00,5.368463373919176007e+01,-8.884078261697279932e-02,0.000000000000000000e+00,4.800000000000000000e+01,4.847706280032679160e+01,5.000000000000000000e+01
4.870000000000000000e+02,0.000000000000000000e+00,5.160226787019504968e+01,-1.984143169846207755e+00,5.367257207858479262e+01,-8.616103854353392155e-02,0.000000000000000000e+00,4.800000000000000000e+01,4.847789980473493188e+01,5.000000000000000000e+01
4.880000000000000000e+02,0.000000000000000000e+00,5.158934906581825430e+01,-1.987624339575654320e+00,5.366048925585180740e+01,-8.351585045789737538e-02,0.000000000000000000e+00,4.800000000000000000e+01,4.847869897859030175e+01,5.000000000000000000e+01
4.890000000000000000e+02,0.000000000000000000e+00,5.157653320517491835e+01,-1.990948168944797425e+00,5.364838622746916741e+01,-8.090485334945493601e-02,0.000000000000000000e+00,4.800000000000000000e+01,4.847946083159081354e+01,5.000000000000000000e+01
4.900000000000000000e+02,0.000000000000000000e+00,5.156381947367249552e+01,-1.994116777828904175e+00,5.363626393702644179e+01,-7.832768552503617532e-02,0.000000000000000000e+00,4.800000000000000000e+01,4.848018586791259565e+01,5.000000000000000000e+01
4.910000000000000000e+02,0.000000000000000000e+00,5.155120706361393701e+01,-1.997132263137691544e+00,5.362412331536602750e+01,-7.578398861439519796e-02,0.000000000000000000e+00,4.800000000000000000e+01,4.848087458626896762e+01,5.000000000000000000e+01
4.920000000000000000e+02,0.000000000000000000e+00,5.153869517408903533e+01,-1.999996699060607952e+00,5.361196528072127876e+01,-7.327340757163322560e-02,0.000000000000000000e+00,4.800000000000000000e+01,4.848152747996870460e+01,5.000000000000000000e+01
4.930000000000000000e+02,0.000000000000000000e+00,5.152628301087020901e+01,-2.002712137309159868e+00,5.359979073885313738e+01,-7.079559067377050319e-02,0.000000000000000000e+00,4.800000000000000000e+01,4.848214503697340660e+01,5.000000000000000000e+01
4.940000000000000000e+02,0.000000000000000000e+00,5.151396978631385792e+01,-2.005280607355516054e+00,5.358760058318532060e+01,-6.835018951594687420e-02,0.000000000000000000e+00,4.800000000000000000e+01,4.848272773995417140e+01,5.000000000000000000e+01
4.950000000000000000e+02,0.000000000000000000e+00,5.150175471926562665e+01,-2.007704116668213690e+00,5.357539569493809495e+01,-6.593685900425211299e-02,0.000000000000000000e+00,4.800000000000000000e+01,4.848327606634734366e+01,5.000000000000000000e+01
4.960000000000000000e+02,0.000000000000000000e+00,5.148963703497112476e+01,-2.009984650944023787e+00,5.356317694326062195e+01,-6.355525734546708938e-02,0.000000000000000000e+00,4.800000000000000000e+01,4.848379048840965311e+01,5.000000000000000000e+01
4.970000000000000000e+02,0.000000000000000000e+00,5.147761596498950354e+01,-2.012124174337275750e+00,5.355094518536191828e+01,-6.120504603513819697e-02,0.000000000000000000e+00,4.800000000000000000e+01,4.848427147327251419e+01,5.000000000000000000e+01
4.980000000000000000e+02,0.000000000000000000e+00,5.146569074711150904e+01,-2.014124629685694057e+00,5.353870126664042317e+01,-5.888588984321804082e-02,0.000000000000000000e+00,4.800000000000000000e+01,4.848471948299567202e+01,5.000000000000000000e+01
4.990000000000000000e+02,0.000000000000000000e+00,5.145386062528059057e+01,-2.015987938733516227e+00,5.352644602081225855e+01,-5.659745679815445657e-02,0.000000000000000000e+00,4.800000000000000000e+01,4.848513497461996735e+01,5.000000000000000000e+01
5.000000000000000000e+02,0.000000000000000000e+00,5.144212484951849262e+01,-2.017716002350946169e+00,5.351418027003808930e+01,-5.433941816865291846e-02,0.000000000000000000e+00,4.800000000000000000e+01,4.848551840021967507e+01,5.000000000000000000e+01
5.010000000000000000e+02,0.000000000000000000e+00,5.143048267585185584e+01,-2.019310700751833831e+00,5.350190482504871881e+01,-5.211144844503340368e-02,0.000000000000000000e+00,4.800000000000000000e+01,4.848587020695384808e+01,5.000000000000000000e+01
5.020000000000000000e+02,0.000000000000000000e+00,5.141893336624411148e+01,-2.020773893707220825e+00,5.348962048526934154e+01,-4.991322531800680695e-02,0.000000000000000000e+00,4.800000000000000000e+01,4.848619083711727740e+01,5.000000000000000000e+01
5.030000000000000000e+02,0.000000000000000000e+00,5.140747618852785195e+01,-2.022107420757284668e+00,5.347732803894255227e+01,-4.774442965741514805e-02,0.000000000000000000e+00,4.800000000000000000e+01,4.848648072819054278e+01,5.000000000000000000e+01
5.040000000000000000e+02,0.000000000000000000e+00,5.139611041634162802e+01,-2.023313101419505156e+00,5.346502826325003355e+01,-4.560474548890049856e-02,0.000000000000000000e+00,4.800000000000000000e+01,4.848674031288966546e+01,5.000000000000000000e+01
5.050000000000000000e+02,0.000000000000000000e+00,5.138483532906724349e+01,-2.024392735395174725e+00,5.345272192443304249e+01,-4.349385997062663045e-02,0.000000000000000000e+00,4.800000000000000000e+01,4.848697001921489402e+01,5.000000000000000000e+01
5.060000000000000000e+02,0.000000000000000000e+00,5.137365021177109980e+01,-2.025348102772301040e+00,5.344040977791163272e+01,-4.141146336823260665e-02,0.000000000000000000e+00,4.800000000000000000e+01,4.848717027049906392e+01,5.000000000000000000e+01
5.070000000000000000e+02,0.000000000000000000e+00,5.136255435514606660e+01,-2.026180964226739434e+00,5.342809256840265419e+01,-3.935724902984617107e-02,0.000000000000000000e+00,4.800000000000000000e+01,4.848734148545530331e+01,5.000000000000000000e+01
5.080000000000000000e+02,0.000000000000000000e+00,5.135154705545569698e+01,-2.026893061220605308e+00,5.341577103003657356e+01,-3.733091336027175716e-02,0.000000000000000000e+00,4.800000000000000000e+01,4.848748407822404261e+01,5.000000000000000000e+01
5.090000000000000000e+02,0.000000000000000000e+00,5.134062761448102208e+01,-2.027486116197790178e+00,5.340344588647305812e+01,-3.533215579424443115e-02,0.000000000000000000e+00,4.800000000000000000e+01,4.848759845841962601e+01,5.000000000000000000e+01
5.100000000000000000e+02,0.000000000000000000e+00,5.132979533946765116e+01,-2.027961832777823492e+00,5.339111785101544427e+01,-3.336067876996985648e-02,0.000000000000000000e+00,4.800000000000000000e+01,4.848768503117625528e+01,5.000000000000000000e+01
5.110000000000000000e+02,0.000000000000000000e+00,5.131904954307513833e+01,-2.028321895946955333e+00,5.337878762672397670e+01,-3.141618770188459725e-02,0.000000000000000000e+00,4.800000000000000000e+01,4.848774419719336493e+01,5.000000000000000000e+01
5.120000000000000000e+02,0.000000000000000000e+00,5.130838954332799773e+01,-2.028567972246877904e+00,5.336645590652794624e+01,-2.949839095307542000e-02,0.000000000000000000e+00,4.800000000000000000e+01,4.848777635278054277e+01,5.000000000000000000e+01
5.130000000000000000e+02,0.000000000000000000e+00,5.129781466356731556e+01,-2.028701709961551192e+00,5.335412337333669086e+01,-2.760699980782147650e-02,0.000000000000000000e+00,4.800000000000000000e+01,4.848778188990183935e+01,5.000000000000000000e+01
5.140000000000000000e+02,0.000000000000000000e+00,5.128732423240430904e+01,-2.028724739301490665e+00,5.334179070014944557e+01,-2.574172844364521970e-02,0.000000000000000000e+00,4.800000000000000000e+01,4.848776119621963687e+01,5.000000000000000000e+01
5.150000000000000000e+02,0.000000000000000000e+00,5.127691758367432584e+01,-2.028638672586222214e+00,5.332945855016411940e+01,-2.390229390356641073e-02,0.000000000000000000e+00,4.800000000000000000e+01,4.848771465513792123e+01,5.000000000000000000e+01
5.160000000000000000e+02,0.000000000000000000e+00,5.126659405639275491e+01,-2.028445104424252410e+00,5.331712757688494264e+01,-2.208841606793964657e-02,0.000000000000000000e+00,4.800000000000000000e+01,4.848764264584514194e+01,5.000000000000000000e+01
5.170000000000000000e+02,0.000000000000000000e+00,5.125635299471112205e+01,-2.028145611891329025e+00,5.330479842422906955e+01,-2.029981762661968794e-02,0.000000000000000000e+00,4.800000000000000000e+01,4.848754554335651790e+01,5.000000000000000000e+01
5.180000000000000000e+02,0.000000000000000000e+00,5.124619374787479842e+01,-2.027741754706390953e+00,5.329247172663207266e+01,-1.853622405088154595e-02,0.000000000000000000e+00,4.800000000000000000e+01,4.848742371855598776e+01,5.000000000000000000e+01
5.190000000000000000e+02,0.000000000000000000e+00,5.123611567018046742e+01,-2.027235075406047304e+00,5.328014810915239963e+01,-1.679736356588299936e-02,0.000000000000000000e+00,4.800000000000000000e+01,4.848727753823746411e+01,5.000000000000000000e+01
5.200000000000000000e+02,0.000000000000000000e+00,5.122611812093632722e+01,-2.026627099516151720e+00,5.326782818757479276e+01,-1.508296712231090540e-02,0.000000000000000000e+00,4.800000000000000000e+01,4.848710736514590280e+01,5.000000000000000000e+01
5.210000000000000000e+02,0.000000000000000000e+00,5.121620046442077978e+01,-2.025919335722618175e+00,5.325551256851264981e+01,-1.339276836924944633e-02,0.000000000000000000e+00,4.800000000000000000e+01,4.848691355801773284e+01,5.000000000000000000e+01
5.220000000000000000e+02,0.000000000000000000e+00,5.120636206984337235e+01,-2.025113276039569143e+00,5.324320184950936863e+01,-1.172650362642468219e-02,0.000000000000000000e+00,4.800000000000000000e+01,4.848669647162087415e+01,5.000000000000000000e+01
5.230000000000000000e+02,0.000000000000000000e+00,5.119660231130617944e+01,-2.024210395975773125e+00,5.323089661913869719e+01,-1.008391185674910491e-02,0.000000000000000000e+00,4.800000000000000000e+01,4.848645645679441429e+01,5.000000000000000000e+01
5.240000000000000000e+02,0.000000000000000000e+00,5.118692056776496457e+01,-2.023212154699664644e+00,5.321859745710404610e+01,-8.464734639421019405e-03,0.000000000000000000e+00,4.800000000000000000e+01,4.848619386048775937e+01,5.000000000000000000e+01
5.250000000000000000e+02,0.000000000000000000e+00,5.117731622299185545e+01,-2.022119995202174447e+00,5.320630493433685615e+01,-6.868716142824960597e-03,0.000000000000000000e+00,4.800000000000000000e+01,4.848590902579940121e+01,5.000000000000000000e+01
5.260000000000000000e+02,0.000000000000000000e+00,5.116778866553818261e+01,-2.020935344457966298e+00,5.319401961309394977e+01,-5.295603097797421492e-03,0.000000000000000000e+00,4.800000000000000000e+01,4.848560229201530092e+01,5.000000000000000000e+01
5.270000000000000000e+02,0.000000000000000000e+00,5.115833728869760932e+01,-2.019659613585077729e+00,5.318174204705391617e+01,-3.745144771232907129e-03,0.000000000000000000e+00,4.800000000000000000e+01,4.848527399464686027e+01,5.000000000000000000e+01
5.280000000000000000e+02,0.000000000000000000e+00,5.114896149046982288e+01,-2.018294198002844375e+00,5.316947278141255850e+01,-2.217092939896938425e-03,0.000000000000000000e+00,4.800000000000000000e+01,4.848492446546842416e+01,5.000000000000000000e+01
5.290000000000000000e+02,0.000000000000000000e+00,5.113966067352528455e+01,-2.016840477587878322e+00,5.315721235297737479e+01,-7.112018642115968802e-04,0.000000000000000000e+00,4.800000000000000000e+01,4.848455403255447038e+01,5.000000000000000000e+01
5.300000000000000000e+02,0.000000000000000000e+00,5.113043424516973090e+01,-2.015299816828741264e+00,5.314496129026109372e+01,7.727717373787999517e-04,0.000000000000000000e+00,4.800000000000000000e+01,4.848416302031647263e+01,5.000000000000000000e+01
5.310000000000000000e+02,0.000000000000000000e+00,5.112128161730858267e+01,-2.013673564979260977e+00,5.313272011357428681e+01,2.235068713556603338e-03,0.000000000000000000e+00,4.800000000000000000e+01,4.848375174953920919e+01,5.000000000000000000e+01
5.320000000000000000e+02,0.000000000000000000e+00,5.111220220641325085e+01,-2.011963056209544298e+00,5.312048933511708526e+01,3.675927505708529580e-03,0.000000000000000000e+00,4.800000000000000000e+01,4.848332053741685854e+01,5.000000000000000000e+01
5.330000000000000000e+02,0.000000000000000000e+00,5.110319543348641957e+01,-2.010169609756098819e+00,5.310826945906993757e+01,5.095584172581289761e-03,0.000000000000000000e+00,4.800000000000000000e+01,4.848286969758869702e+01,5.000000000000000000e+01
5.340000000000000000e+02,0.000000000000000000e+00,5.109426072402798269e+01,-2.008294530070303452e+00,5.309606098168349320e+01,6.494272414794009622e-03,0.000000000000000000e+00,4.800000000000000000e+01,4.848239954017432751e+01,5.000000000000000000e+01
5.350000000000000000e+02,0.000000000000000000e+00,5.108539750800215984e+01,-2.006339106964929009e+00,5.308386439136759805e+01,7.872223599492550461e-03,0.000000000000000000e+00,4.800000000000000000e+01,4.848191037180872343e+01,5.000000000000000000e+01
5.360000000000000000e+02,0.000000000000000000e+00,5.107660521980354673e+01,-2.004304615759885611e+00,5.307168016877939465e+01,9.229666784034742597e-03,0.000000000000000000e+00,4.800000000000000000e+01,4.848140249567681792e+01,5.000000000000000000e+01
5.370000000000000000e+02,0.000000000000000000e+00,5.106788329822427386e+01,-2.002192317426085388e+00,5.305950878691054129e+01,1.056682873981898418e-02,0.000000000000000000e+00,4.800000000000000000e+01,4.848087621154776627e+01,5.000000000000000000e+01
5.380000000000000000e+02,0.000000000000000000e+00,5.105923118642140679e+01,-2.000003458727941386e+00,5.304735071117359269e+01,1.188393397575082493e-02,0.000000000000000000e+00,4.800000000000000000e+01,4.848033181580888140e+01,5.000000000000000000e+01
5.390000000000000000e+02,0.000000000000000000e+00,5.105064833188435358e+01,-1.997739272364506879e+00,5.303520639948748538e+01,1.318120476137229005e-02,0.000000000000000000e+00,4.800000000000000000e+01,4.847976960149918568e+01,5.000000000000000000e+01
5.400000000000000000e+02,0.000000000000000000e+00,5.104213418640308220e+01,-1.995400977109021978e+00,5.302307630236220604e+01,1.445886114989723345e-02,0.000000000000000000e+00,4.800000000000000000e+01,4.847918985834279226e+01,5.000000000000000000e+01
5.410000000000000000e+02,0.000000000000000000e+00,5.103368820603517264e+01,-1.992989777947747676e+00,5.301096086298258570e+01,1.571712100033317849e-02,0.000000000000000000e+00,4.800000000000000000e+01,4.847859287278168949e+01,5.000000000000000000e+01
5.420000000000000000e+02,0.000000000000000000e+00,5.102530985107537731e+01,-1.990506866216320558e+00,5.299886051729129832e+01,1.695620000040402170e-02,0.000000000000000000e+00,4.800000000000000000e+01,4.847797892800846853e+01,5.000000000000000000e+01
5.430000000000000000e+02,0.000000000000000000e+00,5.101699858602328419e+01,-1.987953419735868366e+00,5.298677569407102084e+01,1.817631168812640710e-02,0.000000000000000000e+00,4.800000000000000000e+01,4.847734830399859618e+01,5.000000000000000000e+01
5.440000000000000000e+02,0.000000000000000000e+00,5.100875387955218798e+01,-1.985330602947235512e+00,5.297470681502574763e+01,1.937766747367359460e-02,0.000000000000000000e+00,4.800000000000000000e+01,4.847670127754241776e+01,5.000000000000000000e+01
5.450000000000000000e+02,0.000000000000000000e+00,5.100057520447804649e+01,-1.982639567044086615e+00,5.296265429486134479e+01,2.056047666079133598e-02,0.000000000000000000e+00,4.800000000000000000e+01,4.847603812227681885e+01,5.000000000000000000e+01
5.460000000000000000e+02,0.000000000000000000e+00,5.099246203772874964e+01,-1.979881450104588714e+00,5.295061854136526591e+01,2.172494646807167709e-02,0.000000000000000000e+00,4.800000000000000000e+01,4.847535910871657450e+01,5.000000000000000000e+01
5.470000000000000000e+02,0.000000000000000000e+00,5.098441386031368694e+01,-1.977057377221796530e+00,5.293859995548550046e+01,2.287128204998430461e-02,0.000000000000000000e+00,4.800000000000000000e+01,4.847466450428549933e+01,5.000000000000000000e+01
5.480000000000000000e+02,0.000000000000000000e+00,5.097643015729273941e+01,-1.974168460633207722e+00,5.292659893140870508e+01,2.399968651724145724e-02,0.000000000000000000e+00,4.800000000000000000e+01,4.847395457334717150e+01,5.000000000000000000e+01
5.490000000000000000e+02,0.000000000000000000e+00,5.096851041774646518e+01,-1.971215799848546224e+00,5.291461585663758882e+01,2.511036095742300370e-02,0.000000000000000000e+00,4.800000000000000000e+01,4.847322957723540071e+01,5.000000000000000000e+01
5.500000000000000000e+02,0.000000000000000000e+00,5.096065413474621408e+01,-1.968200481776481769e+00,5.290265111206751669e+01,2.620350445518310895e-02,0.000000000000000000e+00,4.800000000000000000e+01,4.847248977428449734e+01,5.000000000000000000e+01
5.510000000000000000e+02,0.000000000000000000e+00,5.095286080532366668e+01,-1.965123580850520968e+00,5.289070507206234595e+01,2.727931411184684324e-02,0.000000000000000000e+00,4.800000000000000000e+01,4.847173541985907264e+01,5.000000000000000000e+01
5.520000000000000000e+02,0.000000000000000000e+00,5.094512993044203597e+01,-1.961986159152949050e+00,5.287877810452950200e+01,2.833798506548465546e-02,0.000000000000000000e+00,4.800000000000000000e+01,4.847096676638376778e+01,5.000000000000000000e+01
5.530000000000000000e+02,0.000000000000000000e+00,5.093746101496573431e+01,-1.958789266538475626e+00,5.286687057099431541e+01,2.937971050989023059e-02,0.000000000000000000e+00,4.800000000000000000e+01,4.847018406337252827e+01,5.000000000000000000e+01
5.540000000000000000e+02,0.000000000000000000e+00,5.092985356763164617e+01,-1.955533940755989297e+00,5.285498282667361281e+01,3.040468171402343003e-02,0.000000000000000000e+00,4.800000000000000000e+01,4.846938755745767935e+01,5.000000000000000000e+01
5.550000000000000000e+02,0.000000000000000000e+00,5.092230710101997460e+01,-1.952221207569484251e+00,5.284311522054856880e+01,3.141308804089534834e-02,0.000000000000000000e+00,4.800000000000000000e+01,4.846857749241873137e+01,5.000000000000000000e+01
5.560000000000000000e+02,0.000000000000000000e+00,5.091482113152519418e+01,-1.948852080877864656e+00,5.283126809543684743e+01,3.240511696620899246e-02,0.000000000000000000e+00,4.800000000000000000e+01,4.846775410921085836e+01,5.000000000000000000e+01
5.570000000000000000e+02,0.000000000000000000e+00,5.090739517932760094e+01,-1.945427562833388802e+00,5.281944178806399748e+01,3.338095409699243926e-02,0.000000000000000000e+00,4.800000000000000000e+01,4.846691764599323449e+01,5.000000000000000000e+01
5.580000000000000000e+02,0.000000000000000000e+00,5.090002876836413748e+01,-1.941948643959523269e+00,5.280763662913415146e+01,3.434078318950928993e-02,0.000000000000000000e+00,4.800000000000000000e+01,4.846606833815690152e+01,5.000000000000000000e+01
5.590000000000000000e+02,0.000000000000000000e+00,5.089272142630092333e+01,-1.938416303266845997e+00,5.279585294340000701e+01,3.528478616776214299e-02,0.000000000000000000e+00,4.800000000000000000e+01,4.846520641835257948e+01,5.000000000000000000e+01
5.600000000000000000e+02,0.000000000000000000e+00,5.088547268450435723e+01,-1.934831508368712427e+00,5.278409104973211186e+01,3.621314314095178816e-02,0.000000000000000000e+00,4.800000000000000000e+01,4.846433211651807937e+01,5.000000000000000000e+01
5.610000000000000000e+02,0.000000000000000000e+00,5.087828207801347702e+01,-1.931195215595268078e+00,5.277235126118745967e+01,3.712603242128504483e-02,0.000000000000000000e+00,4.800000000000000000e+01,4.846344565990554543e+01,5.000000000000000000e+01
5.620000000000000000e+02,0.000000000000000000e+00,5.087114914551186473e+01,-1.927508370106750801e+00,5.276063388507738949e+01,3.802363054122628178e-02,0.000000000000000000e+00,4.800000000000000000e+01,4.846254727310835619e+01,5.000000000000000000e+01
5.630000000000000000e+02,0.000000000000000000e+00,5.086407342930031916e+01,-1.923771906005374843e+00,5.274893922303480309e+01,3.890611227089153107e-02,0.000000000000000000e+00,4.800000000000000000e+01,4.846163717808785520e+01,5.000000000000000000e+01
5.640000000000000000e+02,0.000000000000000000e+00,5.085705447526913048e+01,-1.919986746446505022e+00,5.273726757108072150e+01,3.977365063491460767e-02,0.000000000000000000e+00,4.800000000000000000e+01,4.846071559419975472e+01,5.000000000000000000e+01
5.650000000000000000e+02,0.000000000000000000e+00,5.085009183287110801e+01,-1.916153803748473994e+00,5.272561921969015231e+01,4.062641692942706856e-02,0.000000000000000000e+00,4.800000000000000000e+01,4.845978273822038318e+01,5.000000000000000000e+01
5.660000000000000000e+02,0.000000000000000000e+00,5.084318505509405384e+01,-1.912273979501745158e+00,5.271399445385731752e+01,4.146458073848340725e-02,0.000000000000000000e+00,4.800000000000000000e+01,4.845883882437264845e+01,5.000000000000000000e+01
5.670000000000000000e+02,0.000000000000000000e+00,5.083633369843376215e+01,-1.908348164676897829e+00,5.270239355316019214e+01,4.228830995046501534e-02,0.000000000000000000e+00,4.800000000000000000e+01,4.845788406435164575e+01,5.000000000000000000e+01
5.680000000000000000e+02,0.000000000000000000e+00,5.082953732286804893e+01,-1.904377239731131599e+00,5.269081679182443878e+01,4.309777077473969653e-02,0.000000000000000000e+00,4.800000000000000000e+01,4.845691866735025144e+01,5.000000000000000000e+01
5.690000000000000000e+02,0.000000000000000000e+00,5.082279549182918288e+01,-1.900362074714713634e+00,5.267926443878666021e+01,4.389312775723766546e-02,0.000000000000000000e+00,4.800000000000000000e+01,4.845594284008427621e+01,5.000000000000000000e+01
5.700000000000000000e+02,0.000000000000000000e+00,5.081610777217809272e+01,-1.896303529375592323e+00,5.266773675775701946e+01,4.467454379667010200e-02,0.000000000000000000e+00,4.800000000000000000e+01,4.845495678681750462e+01,5.000000000000000000e+01
5.710000000000000000e+02,0.000000000000000000e+00,5.080947373417780000e+01,-1.892202453263539086e+00,5.265623400728125603e+01,4.544218016007973981e-02,0.000000000000000000e+00,4.800000000000000000e+01,4.845396070938642197e+01,5.000000000000000000e+01
5.720000000000000000e+02,0.000000000000000000e+00,5.080289295146757667e+01,-1.888059685832989665e+00,5.264475644080202699e+01,4.619619649854018323e-02,0.000000000000000000e+00,4.800000000000000000e+01,4.845295480722475645e+01,5.000000000000000000e+01
5.730000000000000000e+02,0.000000000000000000e+00,5.079636500103707419e+01,-1.883876056545116029e+00,5.263330430671968685e+01,4.693675086249811390e-02,0.000000000000000000e+00,4.800000000000000000e+01,4.845193927738779394e+01,5.000000000000000000e+01
5.740000000000000000e+02,0.000000000000000000e+00,5.078988946320038878e+01,-1.879652384968954593e+00,5.262187784845239946e+01,4.766399971694799953e-02,0.000000000000000000e+00,4.800000000000000000e+01,4.845091431457649378e+01,5.000000000000000000e+01
5.750000000000000000e+02,0.000000000000000000e+00,5.078346592157030415e+01,-1.875389480881705540e+00,5.261047730449567439e+01,4.837809795634065435e-02,0.000000000000000000e+00,4.800000000000000000e+01,4.844988011116119253e+01,5.000000000000000000e+01
5.760000000000000000e+02,0.000000000000000000e+00,5.077709396303403366e+01,-1.871088144367317962e+00,5.259910290848128511e+01,4.907919892006977480e-02,0.000000000000000000e+00,4.800000000000000000e+01,4.844883685720543554e+01,5.000000000000000000e+01
5.770000000000000000e+02,0.000000000000000000e+00,5.077077317772639731e+01,-1.866749165915608133e+00,5.258775488923559749e+01,4.976745440640452378e-02,0.000000000000000000e+00,4.800000000000000000e+01,4.844778474048919747e+01,5.000000000000000000e+01
5.780000000000000000e+02,0.000000000000000000e+00,5.076450315900630983e+01,-1.862373326518835359e+00,5.257643347083730845e+01,5.044301468783769088e-02,0.000000000000000000e+00,4.800000000000000000e+01,4.844672394653223080e+01,5.000000000000000000e+01
5.790000000000000000e+02,0.000000000000000000e+00,5.075828350343066120e+01,-1.857961397768809642e+00,5.256513887267458074e+01,5.110602852488938669e-02,0.000000000000000000e+00,4.800000000000000000e+01,4.844565465861688836e+01,5.000000000000000000e+01
5.800000000000000000e+02,0.000000000000000000e+00,5.075211381073081895e+01,-1.853514141951813521e+00,5.255387130950162344e+01,5.175664318100470229e-02,0.000000000000000000e+00,4.800000000000000000e+01,4.844457705781098866e+01,5.000000000000000000e+01
5.810000000000000000e+02,0.000000000000000000e+00,5.074599368378724051e+01,-1.849032312143700008e+00,5.254263099149466854e+01,5.239500443626806531e-02,0.000000000000000000e+00,4.800000000000000000e+01,4.844349132299031169e+01,5.000000000000000000e+01
5.820000000000000000e+02,0.000000000000000000e+00,5.073992272860557051e+01,-1.844516652303455295e+00,5.253141812430741453e+01,5.302125660161200599e-02,0.000000000000000000e+00,4.800000000000000000e+01,4.844239763086096673e+01,5.000000000000000000e+01
5.830000000000000000e+02,0.000000000000000000e+00,5.073390055429218393e+01,-1.839967897366227234e+00,5.252023290912585907e+01,5.363554253255044951e-02,0.000000000000000000e+00,4.800000000000000000e+01,4.844129615598147609e+01,5.000000000000000000e+01
5.840000000000000000e+02,0.000000000000000000e+00,5.072792677303050368e+01,-1.835386773335174082e+00,5.250907554272260569e+01,5.423800364307471145e-02,0.000000000000000000e+00,4.800000000000000000e+01,4.844018707078471664e+01,5.000000000000000000e+01
5.850000000000000000e+02,0.000000000000000000e+00,5.072200100005704115e+01,-1.830773997372721507e+00,5.249794621751061641e+01,5.482877991915049987e-02,0.000000000000000000e+00,4.800000000000000000e+01,4.843907054559961978e+01,5.000000000000000000e+01
5.860000000000000000e+02,0.000000000000000000e+00,5.071612285363780614e+01,-1.826130277890813280e+00,5.248684512159638871e+01,5.540800993222857324e-02,0.000000000000000000e+00,4.800000000000000000e+01,4.843794674867268668e+01,5.000000000000000000e+01
5.870000000000000000e+02,0.000000000000000000e+00,5.071029195504476661e+01,-1.821456314640396146e+00,5.247577243883261389e+01,5.597583085254788371e-02,0.000000000000000000e+00,4.800000000000000000e+01,4.843681584618934721e+01,5.000000000000000000e+01
5.880000000000000000e+02,0.000000000000000000e+00,5.070450792853218758e+01,-1.816752798800252977e+00,5.246472834887030245e+01,5.653237846213530343e-02,0.000000000000000000e+00,4.800000000000000000e+01,4.843567800229493514e+01,5.000000000000000000e+01
5.890000000000000000e+02,0.000000000000000000e+00,5.069877040131449775e+01,-1.812020413064240110e+00,5.245371302721033402e+01,5.707778716840363614e-02,0.000000000000000000e+00,4.800000000000000000e+01,4.843453337911573442e+01,5.000000000000000000e+01
5.900000000000000000e+02,0.000000000000000000e+00,5.069307900354225893e+01,-1.807259831728820432e+00,5.244272664525453820e+01,5.761219001654496741e-02,0.000000000000000000e+00,4.800000000000000000e+01,4.843338213677964177e+01,5.000000000000000000e+01
5.910000000000000000e+02,0.000000000000000000e+00,5.068743336827974844e+01,-1.802471720779001307e+00,5.243176937035618579e+01,5.813571870256385027e-02,0.000000000000000000e+00,4.800000000000000000e+01,4.843222443343668715e+01,5.000000000000000000e+01
5.920000000000000000e+02,0.000000000000000000e+00,5.068183313148231406e+01,-1.797656737973680974e+00,5.242084136587002519e+01,5.864850358597031854e-02,0.000000000000000000e+00,4.800000000000000000e+01,4.843106042527935529e+01,5.000000000000000000e+01
5.930000000000000000e+02,0.000000000000000000e+00,5.067627793197397068e+01,-1.792815532930166267e+00,5.240994279120175747e+01,5.915067370237642175e-02,0.000000000000000000e+00,4.800000000000000000e+01,4.842989026656269402e+01,5.000000000000000000e+01
5.940000000000000000e+02,0.000000000000000000e+00,5.067076741142528107e+01,-1.787948747207806388e+00,5.239907380185702834e+01,5.964235677605780883e-02,0.000000000000000000e+00,4.800000000000000000e+01,4.842871410962436585e+01,5.000000000000000000e+01
5.950000000000000000e+02,0.000000000000000000e+00,5.066530121433039824e+01,-1.783057014391387751e+00,5.238823454948990843e+01,6.012367923187708629e-02,0.000000000000000000e+00,4.800000000000000000e+01,4.842753210490425886e+01,5.000000000000000000e+01
5.960000000000000000e+02,0.000000000000000000e+00,5.065987898798626077e+01,-1.778140960172698515e+00,5.237742518195086205e+01,6.059476620809935155e-02,0.000000000000000000e+00,4.800000000000000000e+01,4.842634440096419723e+01,5.000000000000000000e+01
5.970000000000000000e+02,0.000000000000000000e+00,5.065450038246969910e+01,-1.773201202432505008e+00,5.236664584333425410e+01,6.105574156794637414e-02,0.000000000000000000e+00,4.800000000000000000e+01,4.842515114450725378e+01,5.000000000000000000e+01
5.980000000000000000e+02,0.000000000000000000e+00,5.064916505061633956e+01,-1.768238351320874813e+00,5.235589667402530978e+01,6.150672791190300859e-02,0.000000000000000000e+00,4.800000000000000000e+01,4.842395248039699140e+01,5.000000000000000000e+01
5.990000000000000000e+02,0.000000000000000000e+00,5.064387264799891142e+01,-1.763253009337203636e+00,5.234517781074666232e+01,6.194784658945781675e-02,0.000000000000000000e+00,4.800000000000000000e+01,4.842274855167642045e+01,5.000000000000000000e+01
6.000000000000000000e+02,0.000000000000000000e+00,5.063862283290644228e+01,-1.758245771409060243e+00,5.233448938660436056e+01,6.237921771114267322e-02,0.000000000000000000e+00,4.800000000000000000e+01,4.842153949958698433e+01,5.000000000000000000e+01
6.010000000000000000e+02,0.000000000000000000e+00,5.063341526632190437e+01,-1.753217224971149735e+00,5.232383153113341479e+01,6.280096015963938794e-02,0.000000000000000000e+00,4.800000000000000000e+01,4.842032546358709055e+01,5.000000000000000000e+01
6.020000000000000000e+02,0.000000000000000000e+00,5.062824961190238326e+01,-1.748167950042384344e+00,5.231320437034288062e+01,6.321319160188931807e-02,0.000000000000000000e+00,4.800000000000000000e+01,4.841910658137065582e+01,5.000000000000000000e+01
6.030000000000000000e+02,0.000000000000000000e+00,5.062312553595779008e+01,-1.743098519303015514e+00,5.230260802676048826e+01,6.361602850032042900e-02,0.000000000000000000e+00,4.800000000000000000e+01,4.841788298888545228e+01,5.000000000000000000e+01
6.040000000000000000e+02,0.000000000000000000e+00,5.061804270742991463e+01,-1.738009498170936640e+00,5.229204261947677423e+01,6.400958612407783854e-02,0.000000000000000000e+00,4.800000000000000000e+01,4.841665482035122636e+01,5.000000000000000000e+01
6.050000000000000000e+02,0.000000000000000000e+00,5.061300079787208972e+01,-1.732901444877041008e+00,5.228150826418876562e+01,6.439397856036795098e-02,0.000000000000000000e+00,4.800000000000000000e+01,4.841542220827767551e+01,5.000000000000000000e+01
6.060000000000000000e+02,0.000000000000000000e+00,5.060799948142882698e+01,-1.727774910539988218e+00,5.227100507324323075e+01,6.476931872557797898e-02,0.000000000000000000e+00,4.800000000000000000e+01,4.841418528348222594e+01,5.000000000000000000e+01
6.070000000000000000e+02,0.000000000000000000e+00,5.060303843481572272e+01,-1.722630439240143474e+00,5.226053315567946100e+01,6.513571837640637352e-02,0.000000000000000000e+00,4.800000000000000000e+01,4.841294417510775361e+01,5.000000000000000000e+01
6.080000000000000000e+02,0.000000000000000000e+00,5.059811733729876693e+01,-1.717468568093281300e+00,5.225009261727159782e+01,6.549328812045286663e-02,0.000000000000000000e+00,4.800000000000000000e+01,4.841169901063992143e+01,5.000000000000000000e+01
6.090000000000000000e+02,0.000000000000000000e+00,5.059323587067542860e+01,-1.712289827322690750e+00,5.223968356057054763e+01,6.584213742757152876e-02,0.000000000000000000e+00,4.800000000000000000e+01,4.841044991592464442e+01,5.000000000000000000e+01
6.100000000000000000e+02,0.000000000000000000e+00,5.058839371925355977e+01,-1.707094740331816185e+00,5.222930608494542781e+01,6.618237463995231551e-02,0.000000000000000000e+00,4.800000000000000000e+01,4.840919701518507168e+01,5.000000000000000000e+01
6.110000000000000000e+02,0.000000000000000000e+00,5.058359056983310609e+01,-1.701883823774885673e+00,5.221896028662460765e+01,6.651410698338583449e-02,0.000000000000000000e+00,4.800000000000000000e+01,4.840794043103866784e+01,5.000000000000000000e+01
6.120000000000000000e+02,0.000000000000000000e+00,5.057882611168571430e+01,-1.696657587627954378e+00,5.220864625873629450e+01,6.683744057737284194e-02,0.000000000000000000e+00,4.800000000000000000e+01,4.840668028451399607e+01,5.000000000000000000e+01
6.130000000000000000e+02,0.000000000000000000e+00,5.057410003653569674e+01,-1.691416535258706055e+00,5.219836409134870081e+01,6.715248044569910313e-02,0.000000000000000000e+00,4.800000000000000000e+01,4.840541669506737321e+01,5.000000000000000000e+01
6.140000000000000000e+02,0.000000000000000000e+00,5.056941203854087519e+01,-1.686161163495724313e+00,5.218811387150982029e+01,6.745933052678319830e-02,0.000000000000000000e+00,4.800000000000000000e+01,4.840414978059936857e+01,5.000000000000000000e+01
6.150000000000000000e+02,0.000000000000000000e+00,5.056476181427354533e+01,-1.680891962697110609e+00,5.217789568328673511e+01,6.775809368392282650e-02,0.000000000000000000e+00,4.800000000000000000e+01,4.840287965747113219e+01,5.000000000000000000e+01
6.160000000000000000e+02,0.000000000000000000e+00,5.056014906270166165e+01,-1.675609416818397035e+00,5.216770960780455368e+01,6.804887171550161318e-02,0.000000000000000000e+00,4.800000000000000000e+01,4.840160644052065209e+01,5.000000000000000000e+01
6.170000000000000000e+02,0.000000000000000000e+00,5.055557348516953198e+01,-1.670314003480159348e+00,5.215755572328491496e+01,6.833176536477372776e-02,0.000000000000000000e+00,4.800000000000000000e+01,4.840033024307865617e+01,5.000000000000000000e+01
6.180000000000000000e+02,0.000000000000000000e+00,5.055103478538030259e+01,-1.665006194034155840e+00,5.214743410508410193e+01,6.860687433035639327e-02,0.000000000000000000e+00,4.800000000000000000e+01,4.839905117698464210e+01,5.000000000000000000e+01
6.190000000000000000e+02,0.000000000000000000e+00,5.054653266937624068e+01,-1.659686453629996450e+00,5.213734482573072881e+01,6.887429727550967162e-02,0.000000000000000000e+00,4.800000000000000000e+01,4.839776935260248081e+01,5.000000000000000000e+01
6.200000000000000000e+02,0.000000000000000000e+00,5.054206684552146100e+01,-1.654355241280038635e+00,5.212728795496306589e+01,6.913413183843408749e-02,0.000000000000000000e+00,4.800000000000000000e+01,4.839648487883606265e+01,5.000000000000000000e+01
6.210000000000000000e+02,0.000000000000000000e+00,5.053763702448319606e+01,-1.649013009924461315e+00,5.211726355976595926e+01,6.938647464169929446e-02,0.000000000000000000e+00,4.800000000000000000e+01,4.839519786314470196e+01,5.000000000000000000e+01
6.220000000000000000e+02,0.000000000000000000e+00,5.053324291921395428e+01,-1.643660206495334286e+00,5.210727170440732436e+01,6.963142130196432744e-02,0.000000000000000000e+00,4.800000000000000000e+01,4.839390841155845635e+01,5.000000000000000000e+01
6.230000000000000000e+02,0.000000000000000000e+00,5.052888424493335151e+01,-1.638297271980331260e+00,5.209731245047431258e+01,6.986906643936410810e-02,0.000000000000000000e+00,4.800000000000000000e+01,4.839261662869320446e+01,5.000000000000000000e+01
6.240000000000000000e+02,0.000000000000000000e+00,5.052456071911080215e+01,-1.632924641485440143e+00,5.208738585690905154e+01,7.009950368719047864e-02,0.000000000000000000e+00,4.800000000000000000e+01,4.839132261776569521e+01,5.000000000000000000e+01
6.250000000000000000e+02,0.000000000000000000e+00,5.052027206144748561e+01,-1.627542744297553856e+00,5.207749198004402302e+01,7.032282570102170449e-02,0.000000000000000000e+00,4.800000000000000000e+01,4.839002648060835554e+01,5.000000000000000000e+01
6.260000000000000000e+02,0.000000000000000000e+00,5.051601799385916536e+01,-1.622152003946057741e+00,5.206763087363705722e+01,7.053912416816422726e-02,0.000000000000000000e+00,4.800000000000000000e+01,4.838872831768402705e+01,5.000000000000000000e+01
6.270000000000000000e+02,0.000000000000000000e+00,5.051179824045857458e+01,-1.616752838264119196e+00,5.205780258890597167e+01,7.074848981672442194e-02,0.000000000000000000e+00,4.800000000000000000e+01,4.838742822810050370e+01,5.000000000000000000e+01
6.280000000000000000e+02,0.000000000000000000e+00,5.050761252753849107e+01,-1.611345659449151757e+00,5.204800717456281234e+01,7.095101242483127513e-02,0.000000000000000000e+00,4.800000000000000000e+01,4.838612630962498429e+01,5.000000000000000000e+01
6.290000000000000000e+02,0.000000000000000000e+00,5.050346058355441414e+01,-1.605930874122924346e+00,5.203824467684778199e+01,7.114678082955917804e-02,0.000000000000000000e+00,4.800000000000000000e+01,4.838482265869836851e+01,5.000000000000000000e+01
6.300000000000000000e+02,0.000000000000000000e+00,5.049934213910755432e+01,-1.600508883391019710e+00,5.202851513956272811e+01,7.133588293584658402e-02,0.000000000000000000e+00,4.800000000000000000e+01,4.838351737044936840e+01,5.000000000000000000e+01
6.310000000000000000e+02,0.000000000000000000e+00,5.049525692692835577e+01,-1.595080082901524365e+00,5.201881860410436076e+01,7.151840572552106701e-02,0.000000000000000000e+00,4.800000000000000000e+01,4.838221053870853439e+01,5.000000000000000000e+01
6.320000000000000000e+02,0.000000000000000000e+00,5.049120468185972044e+01,-1.589644862903365041e+00,5.200915510949704412e+01,7.169443526603785921e-02,0.000000000000000000e+00,4.800000000000000000e+01,4.838090225602221039e+01,5.000000000000000000e+01
6.330000000000000000e+02,0.000000000000000000e+00,5.048718514083982711e+01,-1.584203608304348698e+00,5.199952469242528252e+01,7.186405671889661839e-02,0.000000000000000000e+00,4.800000000000000000e+01,4.837959261366614783e+01,5.000000000000000000e+01
6.340000000000000000e+02,0.000000000000000000e+00,5.048319804288686186e+01,-1.578756698727783903e+00,5.198992738726584406e+01,7.202735434880444543e-02,0.000000000000000000e+00,4.800000000000000000e+01,4.837828170165924746e+01,5.000000000000000000e+01
6.350000000000000000e+02,0.000000000000000000e+00,5.047924312908160260e+01,-1.573304508569634885e+00,5.198036322611952187e+01,7.218441153171714642e-02,0.000000000000000000e+00,4.800000000000000000e+01,4.837696960877697450e+01,5.000000000000000000e+01
6.360000000000000000e+02,0.000000000000000000e+00,5.047532014255187960e+01,-1.567847407054315800e+00,5.197083223884259695e+01,7.233531076359736578e-02,0.000000000000000000e+00,4.800000000000000000e+01,4.837565642256473097e+01,5.000000000000000000e+01
6.370000000000000000e+02,0.000000000000000000e+00,5.047142882845635370e+01,-1.562385758290307347e+00,5.196133445307791732e+01,7.248013366873945484e-02,0.000000000000000000e+00,4.800000000000000000e+01,4.837434222935110029e+01,5.000000000000000000e+01
6.380000000000000000e+02,0.000000000000000000e+00,5.046756893396843680e+01,-1.556919921325242484e+00,5.195186989428566449e+01,7.261896100802091303e-02,0.000000000000000000e+00,4.800000000000000000e+01,4.837302711426087853e+01,5.000000000000000000e+01
6.390000000000000000e+02,0.000000000000000000e+00,5.046374020826111462e+01,-1.551450250200103964e+00,5.194243858577380735e+01,7.275187268741586943e-02,0.000000000000000000e+00,4.800000000000000000e+01,4.837171116122817693e+01,5.000000000000000000e+01
6.400000000000000000e+02,0.000000000000000000e+00,5.045994240249012819e+01,-1.545977094003719188e+00,5.193304054872819364e+01,7.287894776565147226e-02,0.000000000000000000e+00,4.800000000000000000e+01,4.837039445300914053e+01,5.000000000000000000e+01
6.410000000000000000e+02,0.000000000000000000e+00,5.045617526977949296e+01,-1.540500796925657667e+00,5.192367580224232171e+01,7.300026446282771586e-02,0.000000000000000000e+00,4.800000000000000000e+01,4.836907707119473798e+01,5.000000000000000000e+01
6.420000000000000000e+02,0.000000000000000000e+00,5.045243856520556847e+01,-1.535021698309425364e+00,5.191434436334682090e+01,7.311590016817286208e-02,0.000000000000000000e+00,4.800000000000000000e+01,4.836775909622333813e+01,5.000000000000000000e+01
6.430000000000000000e+02,0.000000000000000000e+00,5.044873204578190240e+01,-1.529540132704771294e+00,5.190504624703858383e+01,7.322593144809483312e-02,0.000000000000000000e+00,4.800000000000000000e+01,4.836644060739321560e+01,5.000000000000000000e+01
6.440000000000000000e+02,0.000000000000000000e+00,5.044505547044384741e+01,-1.524056429919699474e+00,5.189578146630958599e+01,7.333043405395761605e-02,0.000000000000000000e+00,4.800000000000000000e+01,4.836512168287487157e+01,5.000000000000000000e+01
6.450000000000000000e+02,0.000000000000000000e+00,5.044140860003374627e+01,-1.518570915071712379e+00,5.188655003217541406e+01,7.342948293004214477e-02,0.000000000000000000e+00,4.800000000000000000e+01,4.836380239972332618e+01,5.000000000000000000e+01
6.460000000000000000e+02,0.000000000000000000e+00,5.043779119728558413e+01,-1.513083908638934716e+00,5.187735195370344599e+01,7.352315222107316806e-02,0.000000000000000000e+00,4.800000000000000000e+01,4.836248283389019775e+01,5.000000000000000000e+01
6.470000000000000000e+02,0.000000000000000000e+00,5.043420302681047218e+01,-1.507595726510354117e+00,5.186818723804076825e+01,7.361151528005770162e-02,0.000000000000000000e+00,4.800000000000000000e+01,4.836116306023568256e+01,5.000000000000000000e+01
6.480000000000000000e+02,0.000000000000000000e+00,5.043064385508209568e+01,-1.502106680035643516e+00,5.185905589044176622e+01,7.369464467597325319e-02,0.000000000000000000e+00,4.800000000000000000e+01,4.835984315254053456e+01,5.000000000000000000e+01
6.490000000000000000e+02,0.000000000000000000e+00,5.042711345042135918e+01,-1.496617076074987951e+00,5.184995791429541612e+01,7.377261220093062066e-02,0.000000000000000000e+00,4.800000000000000000e+01,4.835852318351773249e+01,5.000000000000000000e+01
6.500000000000000000e+02,0.000000000000000000e+00,5.042361158298272272e+01,-1.491127217047607978e+00,5.184089331115227139e+01,7.384548887805855721e-02,0.000000000000000000e+00,4.800000000000000000e+01,4.835720322482420386e+01,5.000000000000000000e+01
6.510000000000000000e+02,0.000000000000000000e+00,5.042013802473928052e+01,-1.485637400980519995e+00,5.183186208075117207e+01,7.391334496862936310e-02,0.000000000000000000e+00,4.800000000000000000e+01,4.835588334707233571e+01,5.000000000000000000e+01
6.520000000000000000e+02,0.000000000000000000e+00,5.041669254946877743e+01,-1.480147921556412172e+00,5.182286422104566270e+01,7.397624997952348402e-02,0.000000000000000000e+00,4.800000000000000000e+01,4.835456361984144280e+01,5.000000000000000000e+01
6.530000000000000000e+02,0.000000000000000000e+00,5.041327493273909965e+01,-1.474659068161340292e+00,5.181389972823009060e+01,7.403427267034903836e-02,0.000000000000000000e+00,4.800000000000000000e+01,4.835324411168903680e+01,5.000000000000000000e+01
6.540000000000000000e+02,0.000000000000000000e+00,5.040988495189471053e+01,-1.469171125931597599e+00,5.180496859676546251e+01,7.408748106084585283e-02,0.000000000000000000e+00,4.800000000000000000e+01,4.835192489016208128e+01,5.000000000000000000e+01
6.550000000000000000e+02,0.000000000000000000e+00,5.040652238604229041e+01,-1.463684375800524906e+00,5.179607081940497437e+01,7.413594243783841464e-02,0.000000000000000000e+00,4.800000000000000000e+01,4.835060602180807621e+01,5.000000000000000000e+01
6.560000000000000000e+02,0.000000000000000000e+00,5.040318701603705875e+01,-1.458199094544612828e+00,5.178720638721929248e+01,7.417972336237453612e-02,0.000000000000000000e+00,4.800000000000000000e+01,4.834928757218605710e+01,5.000000000000000000e+01
6.570000000000000000e+02,0.000000000000000000e+00,5.039987862446900380e+01,-1.452715554829247191e+00,5.177837528962154323e+01,7.421888967670642323e-02,0.000000000000000000e+00,4.800000000000000000e+01,4.834796960587746639e+01,5.000000000000000000e+01
6.580000000000000000e+02,0.000000000000000000e+00,5.039659699564939643e+01,-1.447234025253924194e+00,5.176957751439203292e+01,7.425350651129031254e-02,0.000000000000000000e+00,4.800000000000000000e+01,4.834665218649693941e+01,5.000000000000000000e+01
6.590000000000000000e+02,0.000000000000000000e+00,5.039334191559721887e+01,-1.441754770397110752e+00,5.176081304770269043e+01,7.428363829163808774e-02,0.000000000000000000e+00,4.800000000000000000e+01,4.834533537670300518e+01,5.000000000000000000e+01
6.600000000000000000e+02,0.000000000000000000e+00,5.039011317202550799e+01,-1.436278050860749111e+00,5.175208187414122563e+01,7.430934874503100640e-02,0.000000000000000000e+00,4.800000000000000000e+01,4.834401923820863090e+01,5.000000000000000000e+01
6.610000000000000000e+02,0.000000000000000000e+00,5.038691055432833110e+01,-1.430804123314112442e+00,5.174338397673506051e+01,7.433070090738037872e-02,0.000000000000000000e+00,4.800000000000000000e+01,4.834270383179168107e+01,5.000000000000000000e+01
6.620000000000000000e+02,0.000000000000000000e+00,5.038373385356759826e+01,-1.425333240537306034e+00,5.173471933697495473e+01,7.434775712994964869e-02,0.000000000000000000e+00,4.800000000000000000e+01,4.834138921730530569e+01,5.000000000000000000e+01
6.630000000000000000e+02,0.000000000000000000e+00,5.038058286245981066e+01,-1.419865651464471634e+00,5.172608793483838951e+01,7.436057908589256693e-02,0.000000000000000000e+00,4.800000000000000000e+01,4.834007545368818626e+01,5.000000000000000000e+01
6.640000000000000000e+02,0.000000000000000000e+00,5.037745737536318558e+01,-1.414401601226401572e+00,5.171748974881269589e+01,7.436922777689497499e-02,0.000000000000000000e+00,4.800000000000000000e+01,4.833876259897472494e+01,5.000000000000000000e+01
6.650000000000000000e+02,0.000000000000000000e+00,5.037435718826457531e+01,-1.408941331192916868e+00,5.170892475591790571e+01,7.437376353958306818e-02,0.000000000000000000e+00,4.800000000000000000e+01,4.833745071030506324e+01,5.000000000000000000e+01
6.660000000000000000e+02,0.000000000000000000e+00,5.037128209876698293e+01,-1.403485079014535231e+00,5.170039293172936823e+01,7.437424605215445239e-02,0.000000000000000000e+00,4.800000000000000000e+01,4.833613984393511487e+01,5.000000000000000000e+01
6.670000000000000000e+02,0.000000000000000000e+00,5.036823190607640299e+01,-1.398033078664198792e+00,5.169189425040010377e+01,7.437073434050096854e-02,0.000000000000000000e+00,4.800000000000000000e+01,4.833483005524632858e+01,5.000000000000000000e+01
6.680000000000000000e+02,0.000000000000000000e+00,5.036520641098999818e+01,-1.392585560477878293e+00,5.168342868468291584e+01,7.436328678495923716e-02,0.000000000000000000e+00,4.800000000000000000e+01,4.833352139875557896e+01,5.000000000000000000e+01
6.690000000000000000e+02,0.000000000000000000e+00,5.036220541588263444e+01,-1.387142751195710177e+00,5.167499620595224030e+01,7.435196112610432950e-02,0.000000000000000000e+00,4.800000000000000000e+01,4.833221392812475870e+01,5.000000000000000000e+01
6.700000000000000000e+02,0.000000000000000000e+00,5.035922872469519973e+01,-1.381704874001891126e+00,5.166659678422578850e+01,7.433681447130381648e-02,0.000000000000000000e+00,4.800000000000000000e+01,4.833090769617038518e+01,5.000000000000000000e+01
6.710000000000000000e+02,0.000000000000000000e+00,5.035627614292202026e+01,-1.376272148564632758e+00,5.165823038818588486e+01,7.431790330076888662e-02,0.000000000000000000e+00,4.800000000000000000e+01,4.832960275487306490e+01,5.000000000000000000e+01
6.720000000000000000e+02,0.000000000000000000e+00,5.035334747759883811e+01,-1.370844791075525038e+00,5.164989698520061978e+01,7.429528347374249331e-02,0.000000000000000000e+00,4.800000000000000000e+01,4.832829915538695786e+01,5.000000000000000000e+01
6.730000000000000000e+02,0.000000000000000000e+00,5.035044253729012809e+01,-1.365423014288899672e+00,5.164159654134476085e+01,7.426901023426461801e-02,0.000000000000000000e+00,4.800000000000000000e+01,4.832699694804895785e+01,5.000000000000000000e+01
6.740000000000000000e+02,0.000000000000000000e+00,5.034756113207802031e+01,-1.360007027560011128e+00,5.163332902142038705e+01,7.423913821764484278e-02,0.000000000000000000e+00,4.800000000000000000e+01,4.832569618238797204e+01,5.000000000000000000e+01
6.750000000000000000e+02,0.000000000000000000e+00,5.034470307354980179e+01,-1.354597036883631533e+00,5.162509438897732394e+01,7.420572145610707104e-02,0.000000000000000000e+00,4.800000000000000000e+01,4.832439690713407288e+01,5.000000000000000000e+01
6.760000000000000000e+02,0.000000000000000000e+00,5.034186817478578746e+01,-1.349193244932114233e+00,5.161689260633335863e+01,7.416881338454411887e-02,0.000000000000000000e+00,4.800000000000000000e+01,4.832309917022743662e+01,5.000000000000000000e+01
6.770000000000000000e+02,0.000000000000000000e+00,5.033905625034832099e+01,-1.343795851092569604e+00,5.160872363459419176e+01,7.412846684670493236e-02,0.000000000000000000e+00,4.800000000000000000e+01,4.832180301882735307e+01,5.000000000000000000e+01
6.780000000000000000e+02,0.000000000000000000e+00,5.033626711626953920e+01,-1.338405051504337973e+00,5.160058743367319067e+01,7.408473410068365517e-02,0.000000000000000000e+00,4.800000000000000000e+01,4.832050849932102210e+01,5.000000000000000000e+01
6.790000000000000000e+02,0.000000000000000000e+00,5.033350059004018817e+01,-1.333021039095573679e+00,5.159248396231090794e+01,7.403766682485955763e-02,0.000000000000000000e+00,4.800000000000000000e+01,4.831921565733233592e+01,5.000000000000000000e+01
6.800000000000000000e+02,0.000000000000000000e+00,5.033075649059808399e+01,-1.327644003619772750e+00,5.158441317809437265e+01,7.398731612348607989e-02,0.000000000000000000e+00,4.800000000000000000e+01,4.831792453773057616e+01,5.000000000000000000e+01
6.810000000000000000e+02,0.000000000000000000e+00,5.032803463831646695e+01,-1.322274131691943966e+00,5.157637503747618268e+01,7.393373253222824959e-02,0.000000000000000000e+00,4.800000000000000000e+01,4.831663518463898299e+01,5.000000000000000000e+01
6.820000000000000000e+02,0.000000000000000000e+00,5.032533485499293135e+01,-1.316911606824249015e+00,5.156836949579336249e+01,7.387696602381724209e-02,0.000000000000000000e+00,4.800000000000000000e+01,4.831534764144325322e+01,5.000000000000000000e+01
6.830000000000000000e+02,0.000000000000000000e+00,5.032265696383824860e+01,-1.311556609461345779e+00,5.156039650728600066e+01,7.381706601359391828e-02,0.000000000000000000e+00,4.800000000000000000e+01,4.831406195079995314e+01,5.000000000000000000e+01
6.840000000000000000e+02,0.000000000000000000e+00,5.032000078946531829e+01,-1.306209317015379456e+00,5.155245602511569558e+01,7.375408136500376244e-02,0.000000000000000000e+00,4.800000000000000000e+01,4.831277815464488867e+01,5.000000000000000000e+01
6.850000000000000000e+02,0.000000000000000000e+00,5.031736615787785638e+01,-1.300869903900793378e+00,5.154454800138377379e+01,7.368806039488158544e-02,0.000000000000000000e+00,4.800000000000000000e+01,4.831149629420130509e+01,5.000000000000000000e+01
6.860000000000000000e+02,0.000000000000000000e+00,5.031475289645992177e+01,-1.295538541568433510e+00,5.153667238714931642e+01,7.361905087903575229e-02,0.000000000000000000e+00,4.800000000000000000e+01,4.831021640998814348e+01,5.000000000000000000e+01
6.870000000000000000e+02,0.000000000000000000e+00,5.031216083396429184e+01,-1.290215398539886538e+00,5.152882913244694407e+01,7.354710005723055777e-02,0.000000000000000000e+00,4.800000000000000000e+01,4.830893854182801306e+01,5.000000000000000000e+01
6.880000000000000000e+02,0.000000000000000000e+00,5.030958980050273510e+01,-1.284900640440638675e+00,5.152101818630444541e+01,7.347225463892939623e-02,0.000000000000000000e+00,4.800000000000000000e+01,4.830766272885529133e+01,5.000000000000000000e+01
6.890000000000000000e+02,0.000000000000000000e+00,5.030703962753455016e+01,-1.279594430033763608e+00,5.151323949676016412e+01,7.339456080814979466e-02,0.000000000000000000e+00,4.800000000000000000e+01,4.830638900952405379e+01,5.000000000000000000e+01
6.900000000000000000e+02,0.000000000000000000e+00,5.030451014785595021e+01,-1.274296927252903666e+00,5.150549301088020826e+01,7.331406422864748806e-02,0.000000000000000000e+00,4.800000000000000000e+01,4.830511742161583300e+01,5.000000000000000000e+01
6.910000000000000000e+02,0.000000000000000000e+00,5.030200119559030725e+01,-1.269008289234539788e+00,5.149777867477543936e+01,7.323081004940695804e-02,0.000000000000000000e+00,4.800000000000000000e+01,4.830384800224751984e+01,5.000000000000000000e+01
6.920000000000000000e+02,0.000000000000000000e+00,5.029951260617664133e+01,-1.263728670350854788e+00,5.149009643361829092e+01,7.314484290920604537e-02,0.000000000000000000e+00,4.800000000000000000e+01,4.830258078787892373e+01,5.000000000000000000e+01
6.930000000000000000e+02,0.000000000000000000e+00,5.029704421636039768e+01,-1.258458222241174873e+00,5.148244623165938094e+01,7.305620694219019939e-02,0.000000000000000000e+00,4.800000000000000000e+01,4.830131581432053167e+01,5.000000000000000000e+01
6.940000000000000000e+02,0.000000000000000000e+00,5.029459586418196437e+01,-1.253197093844241827e+00,5.147482801224391125e+01,7.296494578229487105e-02,0.000000000000000000e+00,4.800000000000000000e+01,4.830005311674091217e+01,5.000000000000000000e+01
6.950000000000000000e+02,0.000000000000000000e+00,5.029216738896766969e+01,-1.247945431429005936e+00,5.146724171782793178e+01,7.287110256874225478e-02,0.000000000000000000e+00,4.800000000000000000e+01,4.829879272967428960e+01,5.000000000000000000e+01
6.960000000000000000e+02,0.000000000000000000e+00,5.028975863131870483e+01,-1.242703378626128563e+00,5.145968728999433495e+01,7.277471995050162346e-02,0.000000000000000000e+00,4.800000000000000000e+01,4.829753468702786279e+01,5.000000000000000000e+01
6.970000000000000000e+02,0.000000000000000000e+00,5.028736943310176599e+01,-1.237471076458419805e+00,5.145216466946875045e+01,7.267584009143598922e-02,0.000000000000000000e+00,4.800000000000000000e+01,4.829627902208915202e+01,5.000000000000000000e+01
6.980000000000000000e+02,0.000000000000000000e+00,5.028499963743877288e+01,-1.232248663371397157e+00,5.144467379613518432e+01,7.257450467498693936e-02,0.000000000000000000e+00,4.800000000000000000e+01,4.829502576753324661e+01,5.000000000000000000e+01
6.990000000000000000e+02,0.000000000000000000e+00,5.028264908869701344e+01,-1.227036275263426957e+00,5.143721460905151588e+01,7.247075490892461447e-02,0.000000000000000000e+00,4.800000000000000000e+01,4.829377495542998133e+01,5.000000000000000000e+01
7.000000000000000000e+02,0.000000000000000000e+00,5.028031763247927444e+01,-1.221834045515572509e+00,5.142978704646479571e+01,7.236463153004860094e-02,0.000000000000000000e+00,4.800000000000000000e+01,4.829252661725099927e+01,5.000000000000000000e+01
7.010000000000000000e+02,0.000000000000000000e+00,5.027800511561441255e+01,-1.216642105020969256e+00,5.142239104582637310e+01,7.225617480900785317e-02,0.000000000000000000e+00,4.800000000000000000e+01,4.829128078387682876e+01,5.000000000000000000e+01
7.020000000000000000e+02,0.000000000000000000e+00,5.027571138614730728e+01,-1.211460582214257897e+00,5.141502654380683168e+01,7.214542455473631211e-02,0.000000000000000000e+00,4.800000000000000000e+01,4.829003748560377574e+01,5.000000000000000000e+01
7.030000000000000000e+02,0.000000000000000000e+00,5.027343629332982999e+01,-1.206289603100250352e+00,5.140769347631078290e+01,7.203242011930116595e-02,0.000000000000000000e+00,4.800000000000000000e+01,4.828879675215090117e+01,5.000000000000000000e+01
7.040000000000000000e+02,0.000000000000000000e+00,5.027117968761056943e+01,-1.201129291282949874e+00,5.140039177849143215e+01,7.191720040208933462e-02,0.000000000000000000e+00,4.800000000000000000e+01,4.828755861266674287e+01,5.000000000000000000e+01
7.050000000000000000e+02,0.000000000000000000e+00,5.026894142062622706e+01,-1.195979767993507137e+00,5.139312138476503122e+01,7.179980385469908466e-02,0.000000000000000000e+00,4.800000000000000000e+01,4.828632309573615089e+01,5.000000000000000000e+01
7.060000000000000000e+02,0.000000000000000000e+00,5.026672134519150603e+01,-1.190841152118649271e+00,5.138588222882510337e+01,7.168026848505676396e-02,0.000000000000000000e+00,4.800000000000000000e+01,4.828509022938689554e+01,5.000000000000000000e+01
7.070000000000000000e+02,0.000000000000000000e+00,5.026451931529050654e+01,-1.185713560228163210e+00,5.137867424365654045e+01,7.155863186213326510e-02,0.000000000000000000e+00,4.800000000000000000e+01,4.828386004109628971e+01,5.000000000000000000e+01
7.080000000000000000e+02,0.000000000000000000e+00,5.026233518606737505e+01,-1.180597106602438551e+00,5.137149736154953672e+01,7.143493112028305447e-02,0.000000000000000000e+00,4.800000000000000000e+01,4.828263255779782526e+01,5.000000000000000000e+01
7.090000000000000000e+02,0.000000000000000000e+00,5.026016881381647039e+01,-1.175491903260069027e+00,5.136435151411330224e+01,7.130920296323163543e-02,0.000000000000000000e+00,4.800000000000000000e+01,4.828140780588751113e+01,5.000000000000000000e+01
7.100000000000000000e+02,0.000000000000000000e+00,5.025802005597441990e+01,-1.170398059984212535e+00,5.135723663228969116e+01,7.118148366894681833e-02,0.000000000000000000e+00,4.800000000000000000e+01,4.828018581123041031e+01,5.000000000000000000e+01
7.110000000000000000e+02,0.000000000000000000e+00,5.025588877111022157e+01,-1.165315684349779835e+00,5.135015264636659538e+01,7.105180909340620687e-02,0.000000000000000000e+00,4.800000000000000000e+01,4.827896659916693523e+01,5.000000000000000000e+01
7.120000000000000000e+02,0.000000000000000000e+00,5.025377481891663933e+01,-1.160244881749616708e+00,5.134309948599121753e+01,7.092021467504328047e-02,0.000000000000000000e+00,4.800000000000000000e+01,4.827775019451908634e+01,5.000000000000000000e+01
7.130000000000000000e+02,0.000000000000000000e+00,5.025167806020184003e+01,-1.155185755420451432e+00,5.133607708018318760e+01,7.078673543910989074e-02,0.000000000000000000e+00,4.800000000000000000e+01,4.827653662159680437e+01,5.000000000000000000e+01
7.140000000000000000e+02,0.000000000000000000e+00,5.024959835687949550e+01,-1.150138406469314090e+00,5.132908535734750899e+01,7.065140600130012660e-02,0.000000000000000000e+00,4.800000000000000000e+01,4.827532590420398151e+01,5.000000000000000000e+01
7.150000000000000000e+02,0.000000000000000000e+00,5.024753557196124376e+01,-1.145102933898537456e+00,5.132212424528733408e+01,7.051426057244797319e-02,0.000000000000000000e+00,4.800000000000000000e+01,4.827411806564465735e+01,5.000000000000000000e+01
7.160000000000000000e+02,0.000000000000000000e+00,5.024548956954728851e+01,-1.140079434631526389e+00,5.131519367121662611e+01,7.037533296218821677e-02,0.000000000000000000e+00,4.800000000000000000e+01,4.827291312872900164e+01,5.000000000000000000e+01
7.170000000000000000e+02,0.000000000000000000e+00,5.024346021481818525e+01,-1.135068003537640591e+00,5.130829356177262923e+01,7.023465658319301419e-02,0.000000000000000000e+00,4.800000000000000000e+01,4.827171111577933971e+01,5.000000000000000000e+01
7.180000000000000000e+02,0.000000000000000000e+00,5.024144737402590977e+01,-1.130068733457255670e+00,5.130142384302821057e+01,7.009226445495378433e-02,0.000000000000000000e+00,4.800000000000000000e+01,4.827051204863596467e+01,5.000000000000000000e+01
7.190000000000000000e+02,0.000000000000000000e+00,5.023945091448624112e+01,-1.125081715225935142e+00,5.129458444050403898e+01,6.994818920813059004e-02,0.000000000000000000e+00,4.800000000000000000e+01,4.826931594866313446e+01,5.000000000000000000e+01
7.200000000000000000e+02,0.000000000000000000e+00,5.023747070456915509e+01,-1.120107037699373365e+00,5.128777527918063583e+01,6.980246308788846943e-02,0.000000000000000000e+00,4.800000000000000000e+01,4.826812283675471349e+01,5.000000000000000000e+01
7.210000000000000000e+02,0.000000000000000000e+00,5.023550661369178272e+01,-1.115144787776859880e+00,5.128099628351026240e+01,6.965511795838230658e-02,0.000000000000000000e+00,4.800000000000000000e+01,4.826693273333998491e+01,5.000000000000000000e+01
7.220000000000000000e+02,0.000000000000000000e+00,5.023355851230947167e+01,-1.110195050425452745e+00,5.127424737742865091e+01,6.950618530627446223e-02,0.000000000000000000e+00,4.800000000000000000e+01,4.826574565838932074e+01,5.000000000000000000e+01
7.230000000000000000e+02,0.000000000000000000e+00,5.023162627190762208e+01,-1.105257908703561220e+00,5.126752848436662191e+01,6.935569624456267013e-02,0.000000000000000000e+00,4.800000000000000000e+01,4.826456163141980937e+01,5.000000000000000000e+01
7.240000000000000000e+02,0.000000000000000000e+00,5.022970976499351536e+01,-1.100333443784350607e+00,5.126083952726155246e+01,6.920368151631145492e-02,0.000000000000000000e+00,4.800000000000000000e+01,4.826338067150074096e+01,5.000000000000000000e+01
7.250000000000000000e+02,0.000000000000000000e+00,5.022780886508879661e+01,-1.095421734978556882e+00,5.125418042856867373e+01,6.905017149867923032e-02,0.000000000000000000e+00,4.800000000000000000e+01,4.826220279725920648e+01,5.000000000000000000e+01
7.260000000000000000e+02,0.000000000000000000e+00,5.022592344672072784e+01,-1.090522859757773633e+00,5.124755111027227628e+01,6.889519620622966412e-02,0.000000000000000000e+00,4.800000000000000000e+01,4.826102802688546944e+01,5.000000000000000000e+01
7.270000000000000000e+02,0.000000000000000000e+00,5.022405338541483388e+01,-1.085636893776793066e+00,5.124095149389673054e+01,6.873878529489774181e-02,0.000000000000000000e+00,4.800000000000000000e+01,4.825985637813838025e+01,5.000000000000000000e+01
7.280000000000000000e+02,0.000000000000000000e+00,5.022219855768681640e+01,-1.080763910896125335e+00,5.123438150051742213e+01,6.858096806551959579e-02,0.000000000000000000e+00,4.800000000000000000e+01,4.825868786835070523e+01,5.000000000000000000e+01
7.290000000000000000e+02,0.000000000000000000e+00,5.022035884103478764e+01,-1.075903983204161696e+00,5.122784105077150230e+01,6.842177346745155486e-02,0.000000000000000000e+00,4.800000000000000000e+01,4.825752251443445573e+01,5.000000000000000000e+01
7.300000000000000000e+02,0.000000000000000000e+00,5.021853411393112765e+01,-1.071057181039339667e+00,5.122133006486852480e+01,6.826123010194168339e-02,0.000000000000000000e+00,4.800000000000000000e+01,4.825636033288598981e+01,5.000000000000000000e+01
7.310000000000000000e+02,0.000000000000000000e+00,5.021672425581576249e+01,-1.066223573011360060e+00,5.121484846260097612e+01,6.809936622615214707e-02,0.000000000000000000e+00,4.800000000000000000e+01,4.825520133979131288e+01,5.000000000000000000e+01
7.320000000000000000e+02,0.000000000000000000e+00,5.021492914708753830e+01,-1.061403226023234225e+00,5.120839616335463518e+01,6.793620975613563762e-02,0.000000000000000000e+00,4.800000000000000000e+01,4.825404555083113678e+01,5.000000000000000000e+01
7.330000000000000000e+02,0.000000000000000000e+00,5.021314866909703767e+01,-1.056596205292323898e+00,5.120197308611881226e+01,6.777178827054454457e-02,0.000000000000000000e+00,4.800000000000000000e+01,4.825289298128589621e+01,5.000000000000000000e+01
7.340000000000000000e+02,0.000000000000000000e+00,5.021138270413953819e+01,-1.051802574371205612e+00,5.119557914949649557e+01,6.760612901425179511e-02,0.000000000000000000e+00,4.800000000000000000e+01,4.825174364604086463e+01,5.000000000000000000e+01
7.350000000000000000e+02,0.000000000000000000e+00,5.020963113544670620e+01,-1.047022395168947906e+00,5.118921427171431304e+01,6.743925890133878331e-02,0.000000000000000000e+00,4.800000000000000000e+01,4.825059755959105701e+01,5.000000000000000000e+01
7.360000000000000000e+02,0.000000000000000000e+00,5.020789384717961923e+01,-1.042255727971502566e+00,5.118287837063241597e+01,6.727120451870510776e-02,0.000000000000000000e+00,4.800000000000000000e+01,4.824945473604611834e+01,5.000000000000000000e+01
7.370000000000000000e+02,0.000000000000000000e+00,5.020617072442167483e+01,-1.037502631462036362e+00,5.117657136375422766e+01,6.710199212948664282e-02,0.000000000000000000e+00,4.800000000000000000e+01,4.824831518913519801e+01,5.000000000000000000e+01
7.380000000000000000e+02,0.000000000000000000e+00,5.020446165317112985e+01,-1.032763162741203056e+00,5.117029316823604290e+01,6.693164767629505851e-02,0.000000000000000000e+00,4.800000000000000000e+01,4.824717893221180987e+01,5.000000000000000000e+01
7.390000000000000000e+02,0.000000000000000000e+00,5.020276652033347631e+01,-1.028037377347358339e+00,5.116404370089654208e+01,6.676019678429109816e-02,0.000000000000000000e+00,4.800000000000000000e+01,4.824604597825850760e+01,5.000000000000000000e+01
7.400000000000000000e+02,0.000000000000000000e+00,5.020108521371492571e+01,-1.023325329276003615e+00,5.115782287822617036e+01,6.658766476476350726e-02,0.000000000000000000e+00,4.800000000000000000e+01,4.824491633989161699e+01,5.000000000000000000e+01
7.410000000000000000e+02,0.000000000000000000e+00,5.019941762201516156e+01,-1.018627070999468698e+00,5.115163061639638897e+01,6.641407661824327846e-02,0.000000000000000000e+00,4.800000000000000000e+01,4.824379002936593963e+01,5.000000000000000000e+01
7.420000000000000000e+02,0.000000000000000000e+00,5.019776363481985726e+01,-1.013942653486475054e+00,5.114546683126881277e+01,6.623945703751507597e-02,0.000000000000000000e+00,4.800000000000000000e+01,4.824266705857932891e+01,5.000000000000000000e+01
7.430000000000000000e+02,0.000000000000000000e+00,5.019612314259399710e+01,-1.009272126221167021e+00,5.113933143840424833e+01,6.606383041091851149e-02,0.000000000000000000e+00,4.800000000000000000e+01,4.824154743907722320e+01,5.000000000000000000e+01
7.440000000000000000e+02,0.000000000000000000e+00,5.019449603667521131e+01,-1.004615537221966282e+00,5.113322435307158997e+01,6.588722082558889914e-02,0.000000000000000000e+00,4.800000000000000000e+01,4.824043118205722180e+01,5.000000000000000000e+01
7.450000000000000000e+02,0.000000000000000000e+00,5.019288220926633670e+01,-9.999729330606033084e-01,5.112714549025663047e+01,6.570965207031145838e-02,0.000000000000000000e+00,4.800000000000000000e+01,4.823931829837351870e+01,5.000000000000000000e+01
7.460000000000000000e+02,0.000000000000000000e+00,5.019128155342890096e+01,-9.953443588805577225e-01,5.112109476467072966e+01,6.553114763873099657e-02,0.000000000000000000e+00,4.800000000000000000e+01,4.823820879854132215e+01,5.000000000000000000e+01
7.470000000000000000e+02,0.000000000000000000e+00,5.018969396307634412e+01,-9.907298584154401455e-01,5.111507209075939073e+01,6.535173073239738950e-02,0.000000000000000000e+00,4.800000000000000000e+01,4.823710269274123164e+01,5.000000000000000000e+01
7.480000000000000000e+02,0.000000000000000000e+00,5.018811933296728967e+01,-9.861294740071955278e-01,5.110907738271071565e+01,6.517142426376802689e-02,0.000000000000000000e+00,4.800000000000000000e+01,4.823599999082358636e+01,5.000000000000000000e+01
7.490000000000000000e+02,0.000000000000000000e+00,5.018655755869868784e+01,-9.815432466241896803e-01,5.110311055446376116e+01,6.499025085911526445e-02,0.000000000000000000e+00,4.800000000000000000e+01,4.823490070231270010e+01,5.000000000000000000e+01
7.500000000000000000e+02,0.000000000000000000e+00,5.018500853669962680e+01,-9.769712158788218526e-01,5.109717151971677396e+01,6.480823286167566866e-02,0.000000000000000000e+00,4.800000000000000000e+01,4.823380483641118133e+01,5.000000000000000000e+01
7.510000000000000000e+02,0.000000000000000000e+00,5.018347216422410639e+01,-9.724134200454925825e-01,5.109126019193534063e+01,6.462539233425365626e-02,0.000000000000000000e+00,4.800000000000000000e+01,4.823271240200404009e+01,5.000000000000000000e+01
7.520000000000000000e+02,0.000000000000000000e+00,5.018194833934519039e+01,-9.678698960776848104e-01,5.108537648436040257e+01,6.444175106247312934e-02,0.000000000000000000e+00,4.800000000000000000e+01,4.823162340766290868e+01,5.000000000000000000e+01
7.530000000000000000e+02,0.000000000000000000e+00,5.018043696094802186e+01,-9.633406796255176152e-01,5.107952031001617144e+01,6.425733055736640442e-02,0.000000000000000000e+00,4.800000000000000000e+01,4.823053786165009171e+01,5.000000000000000000e+01
7.540000000000000000e+02,0.000000000000000000e+00,5.017893792872383329e+01,-9.588258050525910736e-01,5.107369158171798063e+01,6.407215205844699057e-02,0.000000000000000000e+00,4.800000000000000000e+01,4.822945577192265887e+01,5.000000000000000000e+01
7.550000000000000000e+02,0.000000000000000000e+00,5.017745114316335986e+01,-9.543253054530081991e-01,5.106789021207996626e+01,6.388623653640715383e-02,0.000000000000000000e+00,4.800000000000000000e+01,4.822837714613646654e+01,5.000000000000000000e+01
7.560000000000000000e+02,0.000000000000000000e+00,5.017597650555051558e+01,-9.498392126681012293e-01,5.106211611352271262e+01,6.369960469590645047e-02,0.000000000000000000e+00,4.800000000000000000e+01,4.822730199165013687e+01,5.000000000000000000e+01
7.570000000000000000e+02,0.000000000000000000e+00,5.017451391795610505e+01,-9.453675573029811652e-01,5.105636919828074838e+01,6.351227697833486396e-02,0.000000000000000000e+00,4.800000000000000000e+01,4.822623031552899420e+01,5.000000000000000000e+01
7.580000000000000000e+02,0.000000000000000000e+00,5.017306328323161324e+01,-9.409103687429091201e-01,5.105064937840997175e+01,6.332427356455234968e-02,0.000000000000000000e+00,4.800000000000000000e+01,4.822516212454891615e+01,5.000000000000000000e+01
7.590000000000000000e+02,0.000000000000000000e+00,5.017162450500342175e+01,-9.364676751693138401e-01,5.104495656579496199e+01,6.313561437777145957e-02,0.000000000000000000e+00,4.800000000000000000e+01,4.822409742520025588e+01,5.000000000000000000e+01
7.600000000000000000e+02,0.000000000000000000e+00,5.017019748766605858e+01,-9.320395035761045444e-01,5.103929067215619853e+01,6.294631908596774739e-02,0.000000000000000000e+00,4.800000000000000000e+01,4.822303622369162213e+01,5.000000000000000000e+01
7.610000000000000000e+02,0.000000000000000000e+00,5.016878213637648543e+01,-9.276258797853922378e-01,5.103365160905720188e+01,6.275640710467594863e-02,0.000000000000000000e+00,4.800000000000000000e+01,4.822197852595364509e+01,5.000000000000000000e+01
7.620000000000000000e+02,0.000000000000000000e+00,5.016737835704802961e+01,-9.232268284631526267e-01,5.102803928791153254e+01,6.256589759965028308e-02,0.000000000000000000e+00,4.800000000000000000e+01,4.822092433764271391e+01,5.000000000000000000e+01
7.630000000000000000e+02,0.000000000000000000e+00,5.016598605634442265e+01,-9.188423731347702406e-01,5.102245361998974005e+01,6.237480948945293285e-02,0.000000000000000000e+00,4.800000000000000000e+01,4.821987366414465725e+01,5.000000000000000000e+01
7.640000000000000000e+02,0.000000000000000000e+00,5.016460514167394535e+01,-9.144725362003467417e-01,5.101689451642621265e+01,6.218316144808598567e-02,0.000000000000000000e+00,4.800000000000000000e+01,4.821882651057842395e+01,5.000000000000000000e+01
7.650000000000000000e+02,0.000000000000000000e+00,5.016323552118333851e+01,-9.101173389500084587e-01,5.101136188822590611e+01,6.199097190744343872e-02,0.000000000000000000e+00,4.800000000000000000e+01,4.821778288179969252e+01,5.000000000000000000e+01
7.660000000000000000e+02,0.000000000000000000e+00,5.016187710375196929e+01,-9.057768015789192662e-01,5.100585564627101576e+01,6.179825905987098439e-02,0.000000000000000000e+00,4.800000000000000000e+01,4.821674278240439548e+01,5.000000000000000000e+01
7.670000000000000000e+02,0.000000000000000000e+00,5.016052979898648800e+01,-9.014509432019379709e-01,5.100037570132754183e+01,6.160504086088122722e-02,0.000000000000000000e+00,4.800000000000000000e+01,4.821570621673234314e+01,5.000000000000000000e+01
7.680000000000000000e+02,0.000000000000000000e+00,5.015919351721434793e+01,-8.971397818686903669e-01,5.099492196405174127e+01,6.141133503129788535e-02,0.000000000000000000e+00,4.800000000000000000e+01,4.821467318887063414e+01,5.000000000000000000e+01
7.690000000000000000e+02,0.000000000000000000e+00,5.015786816947888127e+01,-8.928433345777535557e-01,5.098949434499655808e+01,6.121715906007942770e-02,0.000000000000000000e+00,4.800000000000000000e+01,4.821364370265717980e+01,5.000000000000000000e+01
7.700000000000000000e+02,0.000000000000000000e+00,5.015655366753308186e+01,-8.885616172913145538e-01,5.098409275461789036e+01,6.102253020650923176e-02,0.000000000000000000e+00,4.800000000000000000e+01,4.821261776168414315e+01,5.000000000000000000e+01
7.710000000000000000e+02,0.000000000000000000e+00,5.015524992383391378e+01,-8.842946449494726302e-01,5.097871710328081463e+01,6.082746550256640933e-02,0.000000000000000000e+00,4.800000000000000000e+01,4.821159536930122158e+01,5.000000000000000000e+01
7.720000000000000000e+02,0.000000000000000000e+00,5.015395685153756489e+01,-8.800424314838932727e-01,5.097336730126571780e+01,6.063198175574036064e-02,0.000000000000000000e+00,4.800000000000000000e+01,4.821057652861912857e+01,5.000000000000000000e+01
7.730000000000000000e+02,0.000000000000000000e+00,5.015267436449293115e+01,-8.758049898322877169e-01,5.096804325877433683e+01,6.043609555088205049e-02,0.000000000000000000e+00,4.800000000000000000e+01,4.820956124251281949e+01,5.000000000000000000e+01
7.740000000000000000e+02,0.000000000000000000e+00,5.015140237723682048e+01,-8.715823319518305468e-01,5.096274488593572727e+01,6.023982325291992596e-02,0.000000000000000000e+00,4.800000000000000000e+01,4.820854951362481700e+01,5.000000000000000000e+01
7.750000000000000000e+02,0.000000000000000000e+00,5.015014080498814053e+01,-8.673744688329892982e-01,5.095747209281212520e+01,6.004318100900477712e-02,0.000000000000000000e+00,4.800000000000000000e+01,4.820754134436845106e+01,5.000000000000000000e+01
7.760000000000000000e+02,0.000000000000000000e+00,5.014888956364259087e+01,-8.631814105130004577e-01,5.095222478940475241e+01,5.984618475083839512e-02,0.000000000000000000e+00,4.800000000000000000e+01,4.820653673693104224e+01,5.000000000000000000e+01
7.770000000000000000e+02,0.000000000000000000e+00,5.014764856976748320e+01,-8.590031660891090937e-01,5.094700288565952917e+01,5.964885019706334807e-02,0.000000000000000000e+00,4.800000000000000000e+01,4.820553569327709909e+01,5.000000000000000000e+01
7.780000000000000000e+02,0.000000000000000000e+00,5.014641774059627721e+01,-8.548397437318667746e-01,5.094180629147270878e+01,5.945119285543436216e-02,0.000000000000000000e+00,4.800000000000000000e+01,4.820453821515147297e+01,5.000000000000000000e+01
7.790000000000000000e+02,0.000000000000000000e+00,5.014519699402318054e+01,-8.506911506982528515e-01,5.093663491669642696e+01,5.925322802500651576e-02,0.000000000000000000e+00,4.800000000000000000e+01,4.820354430408241342e+01,5.000000000000000000e+01
7.800000000000000000e+02,0.000000000000000000e+00,5.014398624859835252e+01,-8.465573933443821808e-01,5.093148867114418010e+01,5.905497079855931419e-02,0.000000000000000000e+00,4.800000000000000000e+01,4.820255396138472292e+01,5.000000000000000000e+01
7.810000000000000000e+02,0.000000000000000000e+00,5.014278542352206358e+01,-8.424384771386255188e-01,5.092636746459622543e+01,5.885643606446967074e-02,0.000000000000000000e+00,4.800000000000000000e+01,4.820156718816268437e+01,5.000000000000000000e+01
7.820000000000000000e+02,0.000000000000000000e+00,5.014159443864044619e+01,-8.383344066737857814e-01,5.092127120680489583e+01,5.865763850933791712e-02,0.000000000000000000e+00,4.800000000000000000e+01,4.820058398531318744e+01,5.000000000000000000e+01
7.830000000000000000e+02,0.000000000000000000e+00,5.014041321443941257e+01,-8.342451856801003096e-01,5.091619980749985075e+01,5.845859261966340759e-02,0.000000000000000000e+00,4.800000000000000000e+01,4.819960435352862760e+01,5.000000000000000000e+01
7.840000000000000000e+02,0.000000000000000000e+00,5.013924167204022808e+01,-8.301708170372986695e-01,5.091115317639324189e+01,5.825931268428669041e-02,0.000000000000000000e+00,4.800000000000000000e+01,4.819862829329986198e+01,5.000000000000000000e+01
7.850000000000000000e+02,0.000000000000000000e+00,5.013807973319435263e+01,-8.261113027868954850e-01,5.090613122318480777e+01,5.805981279644449600e-02,0.000000000000000000e+00,4.800000000000000000e+01,4.819765580491915102e+01,5.000000000000000000e+01
7.860000000000000000e+02,0.000000000000000000e+00,5.013692732027822530e+01,-8.220666441444260952e-01,5.090113385756691144e+01,5.786010685573932805e-02,0.000000000000000000e+00,4.800000000000000000e+01,4.819668688848297222e+01,5.000000000000000000e+01
7.870000000000000000e+02,0.000000000000000000e+00,5.013578435628878083e+01,-8.180368415111479719e-01,5.089616098922945753e+01,5.766020857047005760e-02,0.000000000000000000e+00,4.800000000000000000e+01,4.819572154389493335e+01,5.000000000000000000e+01
7.880000000000000000e+02,0.000000000000000000e+00,5.013465076483805660e+01,-8.140218944861582484e-01,5.089121252786480198e+01,5.746013145941779310e-02,0.000000000000000000e+00,4.800000000000000000e+01,4.819475977086855778e+01,5.000000000000000000e+01
7.890000000000000000e+02,0.000000000000000000e+00,5.013352647014855989e+01,-8.100218018779771212e-01,5.088628838317253411e+01,5.725988885400525030e-02,0.000000000000000000e+00,4.800000000000000000e+01,4.819380156893006983e+01,5.000000000000000000e+01
7.900000000000000000e+02,0.000000000000000000e+00,5.013241139704840776e+01,-8.060365617161328045e-01,5.088138846486423006e+01,5.705949390030855273e-02,0.000000000000000000e+00,4.800000000000000000e+01,4.819284693742113745e+01,5.000000000000000000e+01
7.910000000000000000e+02,0.000000000000000000e+00,5.013130547096663747e+01,-8.020661712625684059e-01,5.087651268266810689e+01,5.685895956109678073e-02,0.000000000000000000e+00,4.800000000000000000e+01,4.819189587550162912e+01,5.000000000000000000e+01
7.920000000000000000e+02,0.000000000000000000e+00,5.013020861792819005e+01,-7.981106270231084210e-01,5.087166094633361979e+01,5.665829861767699566e-02,0.000000000000000000e+00,4.800000000000000000e+01,4.819094838215227128e+01,5.000000000000000000e+01
7.930000000000000000e+02,0.000000000000000000e+00,5.012912076454949073e+01,-7.941699247585108923e-01,5.086683316563600243e+01,5.645752367199868144e-02,0.000000000000000000e+00,4.800000000000000000e+01,4.819000445617731998e+01,5.000000000000000000e+01
7.940000000000000000e+02,0.000000000000000000e+00,5.012804183803368829e+01,-7.902440594955787434e-01,5.086202925038070788e+01,5.625664714855927589e-02,0.000000000000000000e+00,4.800000000000000000e+01,4.818906409620726095e+01,5.000000000000000000e+01
7.950000000000000000e+02,0.000000000000000000e+00,5.012697176616551076e+01,-7.863330255383904621e-01,5.085724911040782814e+01,5.605568129606934569e-02,0.000000000000000000e+00,4.800000000000000000e+01,4.818812730070129646e+01,5.000000000000000000e+01
7.960000000000000000e+02,0.000000000000000000e+00,5.012591047730759186e+01,-7.824368164786423829e-01,5.085249265559640719e+01,5.585463818982993461e-02,0.000000000000000000e+00,4.800000000000000000e+01,4.818719406795000282e+01,5.000000000000000000e+01
7.970000000000000000e+02,0.000000000000000000e+00,5.012485790039528410e+01,-7.785554252067015124e-01,5.084775979586870420e+01,5.565352973328665381e-02,0.000000000000000000e+00,4.800000000000000000e+01,4.818626439607788825e+01,5.000000000000000000e+01
7.980000000000000000e+02,0.000000000000000000e+00,5.012381396493202601e+01,-7.746888439222444633e-01,5.084305044119440709e+01,5.545236765986303468e-02,0.000000000000000000e+00,4.800000000000000000e+01,4.818533828304586564e+01,5.000000000000000000e+01
7.990000000000000000e+02,0.000000000000000000e+00,5.012277860098519966e+01,-7.708370641445412286e-01,5.083836450159474651e+01,5.525116353499893301e-02,0.000000000000000000e+00,4.800000000000000000e+01,4.818441572665375361e+01,5.000000000000000000e+01
8.000000000000000000e+02,0.000000000000000000e+00,5.012175173918166138e+01,-7.670000767228576377e-01,5.083370188714658156e+01,5.504992875793955631e-02,0.000000000000000000e+00,4.800000000000000000e+01,4.818349672454277766e+01,5.000000000000000000e+01
8.010000000000000000e+02,0.000000000000000000e+00,5.012073331070296689e+01,-7.631778718468578138e-01,5.082906250798642134e+01,5.484867456340216524e-02,0.000000000000000000e+00,4.800000000000000000e+01,4.818258127419798598e+01,5.000000000000000000e+01
8.020000000000000000e+02,0.000000000000000000e+00,5.011972324728115069e+01,-7.593704390566516915e-01,5.082444627431434725e+01,5.464741202345928944e-02,0.000000000000000000e+00,4.800000000000000000e+01,4.818166937295063690e+01,5.000000000000000000e+01
8.030000000000000000e+02,0.000000000000000000e+00,5.011872148119459069e+01,-7.555777672527246303e-01,5.081985309639791382e+01,5.444615204940336795e-02,0.000000000000000000e+00,4.800000000000000000e+01,4.818076101798060051e+01,5.000000000000000000e+01
8.040000000000000000e+02,0.000000000000000000e+00,5.011772794526349628e+01,-7.517998447059258682e-01,5.081528288457599274e+01,5.424490539342888273e-02,0.000000000000000000e+00,4.800000000000000000e+01,4.817985620631876031e+01,5.000000000000000000e+01
8.050000000000000000e+02,0.000000000000000000e+00,5.011674257284524714e+01,-7.480366590674571992e-01,5.081073554926251035e+01,5.404368265019952183e-02,0.000000000000000000e+00,4.800000000000000000e+01,4.817895493484924430e+01,5.000000000000000000e+01
8.060000000000000000e+02,0.000000000000000000e+00,5.011576529783098977e+01,-7.442881973781523275e-01,5.080621100095017795e+01,5.384249425896905916e-02,0.000000000000000000e+00,4.800000000000000000e+01,4.817805720031182659e+01,5.000000000000000000e+01
8.070000000000000000e+02,0.000000000000000000e+00,5.011479605464057130e+01,-7.405544460784655447e-01,5.080170915021413691e+01,5.364135050489645534e-02,0.000000000000000000e+00,4.800000000000000000e+01,4.817716299930414436e+01,5.000000000000000000e+01
8.080000000000000000e+02,0.000000000000000000e+00,5.011383477821884469e+01,-7.368353910176917987e-01,5.079722990771554691e+01,5.344026152098695776e-02,0.000000000000000000e+00,4.800000000000000000e+01,4.817627232828398576e+01,5.000000000000000000e+01
8.090000000000000000e+02,0.000000000000000000e+00,5.011288140403127045e+01,-7.331310174634823040e-01,5.079277318420513154e+01,5.323923728962520058e-02,0.000000000000000000e+00,4.800000000000000000e+01,4.817538518357150679e+01,5.000000000000000000e+01
8.100000000000000000e+02,0.000000000000000000e+00,5.011193586805985944e+01,-7.294413101110654996e-01,5.078833889052664574e+01,5.303828764427888365e-02,0.000000000000000000e+00,4.800000000000000000e+01,4.817450156135139139e+01,5.000000000000000000e+01
8.110000000000000000e+02,0.000000000000000000e+00,5.011099810679938571e+01,-7.257662530922299737e-01,5.078392693762030774e+01,5.283742227130622249e-02,0.000000000000000000e+00,4.800000000000000000e+01,4.817362145767512516e+01,5.000000000000000000e+01
8.120000000000000000e+02,0.000000000000000000e+00,5.011006805725259028e+01,-7.221058299847816775e-01,5.077953723652617413e+01,5.263665071119941891e-02,0.000000000000000000e+00,4.800000000000000000e+01,4.817274486846304171e+01,5.000000000000000000e+01
8.130000000000000000e+02,0.000000000000000000e+00,5.010914565692701927e+01,-7.184600238210547829e-01,5.077516969838744387e+01,5.243598236062413376e-02,0.000000000000000000e+00,4.800000000000000000e+01,4.817187178950653959e+01,5.000000000000000000e+01
8.140000000000000000e+02,0.000000000000000000e+00,5.010823084383024906e+01,-7.148288170971318634e-01,5.077082423445371973e+01,5.223542647365882891e-02,0.000000000000000000e+00,4.800000000000000000e+01,4.817100221647012859e+01,5.000000000000000000e+01
8.150000000000000000e+02,0.000000000000000000e+00,5.010732355646648273e+01,-7.112121917813548633e-01,5.076650075608422696e+01,5.203499216361016921e-02,0.000000000000000000e+00,4.800000000000000000e+01,4.817013614489351880e+01,5.000000000000000000e+01
8.160000000000000000e+02,0.000000000000000000e+00,5.010642373383247872e+01,-7.076101293230137035e-01,5.076219917475095400e+01,5.183468840453919063e-02,0.000000000000000000e+00,4.800000000000000000e+01,4.816927357019372380e+01,5.000000000000000000e+01
8.170000000000000000e+02,0.000000000000000000e+00,5.010553131541330174e+01,-7.040226106610932844e-01,5.075791940204176456e+01,5.163452403262807494e-02,0.000000000000000000e+00,4.800000000000000000e+01,4.816841448766705014e+01,5.000000000000000000e+01
8.180000000000000000e+02,0.000000000000000000e+00,5.010464624117879850e+01,-7.004496162325480890e-01,5.075366134966345300e+01,5.143450774789402186e-02,0.000000000000000000e+00,4.800000000000000000e+01,4.816755889249107270e+01,5.000000000000000000e+01
8.190000000000000000e+02,0.000000000000000000e+00,5.010376845158005210e+01,-6.968911259805181668e-01,5.074942492944472860e+01,5.123464811584110129e-02,0.000000000000000000e+00,4.800000000000000000e+01,4.816670677972673786e+01,5.000000000000000000e+01
8.200000000000000000e+02,0.000000000000000000e+00,5.010289788754460716e+01,-6.933471193630758034e-01,5.074521005333917856e+01,5.103495356850359238e-02,0.000000000000000000e+00,4.800000000000000000e+01,4.816585814432019674e+01,5.000000000000000000e+01
8.210000000000000000e+02,0.000000000000000000e+00,5.010203449047378399e+01,-6.898175753608505323e-01,5.074101663342816693e+01,5.083543240646427180e-02,0.000000000000000000e+00,4.800000000000000000e+01,4.816501298110486573e+01,5.000000000000000000e+01
8.220000000000000000e+02,0.000000000000000000e+00,5.010117820223795349e+01,-6.863024724855989467e-01,5.073684458192369817e+01,5.063609279985369777e-02,0.000000000000000000e+00,4.800000000000000000e+01,4.816417128480321708e+01,5.000000000000000000e+01
8.230000000000000000e+02,0.000000000000000000e+00,5.010032896517386547e+01,-6.828017887876518532e-01,5.073269381117118826e+01,5.043694279032749639e-02,0.000000000000000000e+00,4.800000000000000000e+01,4.816333305002883947e+01,5.000000000000000000e+01
8.240000000000000000e+02,0.000000000000000000e+00,5.009948672207963227e+01,-6.793155018644844167e-01,5.072856423365225709e+01,5.023799029186219733e-02,0.000000000000000000e+00,4.800000000000000000e+01,4.816249827128815753e+01,5.000000000000000000e+01
8.250000000000000000e+02,0.000000000000000000e+00,5.009865141621235551e+01,-6.758435888678678838e-01,5.072445576198740724e+01,5.003924309281830574e-02,0.000000000000000000e+00,4.800000000000000000e+01,4.816166694298237871e+01,5.000000000000000000e+01
8.260000000000000000e+02,0.000000000000000000e+00,5.009782299128372074e+01,-6.723860265119664392e-01,5.072036830893870274e+01,4.984070885698133752e-02,0.000000000000000000e+00,4.800000000000000000e+01,4.816083905940929810e+01,5.000000000000000000e+01
8.270000000000000000e+02,0.000000000000000000e+00,5.009700139145661524e+01,-6.689427910808437572e-01,5.071630178741237671e+01,4.964239512508228369e-02,0.000000000000000000e+00,4.800000000000000000e+01,4.816001461476511736e+01,5.000000000000000000e+01
8.280000000000000000e+02,0.000000000000000000e+00,5.009618656134152559e+01,-6.655138584360286158e-01,5.071225611046139647e+01,4.944430931615920177e-02,0.000000000000000000e+00,4.800000000000000000e+01,4.815919360314623532e+01,5.000000000000000000e+01
8.290000000000000000e+02,0.000000000000000000e+00,5.009537844599297784e+01,-6.620992040239610521e-01,5.070823119128800016e+01,4.924645872893580051e-02,0.000000000000000000e+00,4.800000000000000000e+01,4.815837601855101013e+01,5.000000000000000000e+01
8.300000000000000000e+02,0.000000000000000000e+00,5.009457699090604876e+01,-6.586988028833222764e-01,5.070422694324615520e+01,4.904885054321598409e-02,0.000000000000000000e+00,4.800000000000000000e+01,4.815756185488152141e+01,5.000000000000000000e+01
8.310000000000000000e+02,0.000000000000000000e+00,5.009378214201282731e+01,-6.553126296523631433e-01,5.070024327984400969e+01,4.885149182118306288e-02,0.000000000000000000e+00,4.800000000000000000e+01,4.815675110594527553e+01,5.000000000000000000e+01
8.320000000000000000e+02,0.000000000000000000e+00,5.009299384567911773e+01,-6.519406585759967010e-01,5.069628011474627982e+01,4.865438950883045621e-02,0.000000000000000000e+00,4.800000000000000000e+01,4.815594376545698196e+01,5.000000000000000000e+01
8.330000000000000000e+02,0.000000000000000000e+00,5.009221204870043209e+01,-6.485828635131859476e-01,5.069233736177659466e+01,4.845755043701928388e-02,0.000000000000000000e+00,4.800000000000000000e+01,4.815513982704014495e+01,5.000000000000000000e+01
8.340000000000000000e+02,0.000000000000000000e+00,5.009143669829941814e+01,-6.452392179435639807e-01,5.068841493491979833e+01,4.826098132317949152e-02,0.000000000000000000e+00,4.800000000000000000e+01,4.815433928422879717e+01,5.000000000000000000e+01
8.350000000000000000e+02,0.000000000000000000e+00,5.009066774212190865e+01,-6.419096949746443403e-01,5.068451274832420950e+01,4.806468877234412740e-02,0.000000000000000000e+00,4.800000000000000000e+01,4.815354213046916243e+01,5.000000000000000000e+01
8.360000000000000000e+02,0.000000000000000000e+00,5.008990512823350372e+01,-6.385942673487362553e-01,5.068063071630385252e+01,4.786867927838822645e-02,0.000000000000000000e+00,4.800000000000000000e+01,4.815274835912121887e+01,5.000000000000000000e+01
8.370000000000000000e+02,0.000000000000000000e+00,5.008914880511674994e+01,-6.352929074494463313e-01,5.067676875334063169e+01,4.767295922556846755e-02,0.000000000000000000e+00,4.800000000000000000e+01,4.815195796346037582e+01,5.000000000000000000e+01
8.380000000000000000e+02,0.000000000000000000e+00,5.008839872166733898e+01,-6.320055873086524167e-01,5.067292677408647705e+01,4.747753488951710066e-02,0.000000000000000000e+00,4.800000000000000000e+01,4.815117093667905124e+01,5.000000000000000000e+01
8.390000000000000000e+02,0.000000000000000000e+00,5.008765482719091722e+01,-6.287322786130644658e-01,5.066910469336542633e+01,4.728241243855341169e-02,0.000000000000000000e+00,4.800000000000000000e+01,4.815038727188822065e+01,5.000000000000000000e+01
8.400000000000000000e+02,0.000000000000000000e+00,5.008691707140004468e+01,-6.254729527106668296e-01,5.066530242617569257e+01,4.708759793501567092e-02,0.000000000000000000e+00,4.800000000000000000e+01,4.814960696211899460e+01,5.000000000000000000e+01
8.410000000000000000e+02,0.000000000000000000e+00,5.008618540441081279e+01,-6.222275806172787860e-01,5.066151988769169634e+01,4.689309733639194372e-02,0.000000000000000000e+00,4.800000000000000000e+01,4.814883000032415339e+01,5.000000000000000000e+01
8.420000000000000000e+02,0.000000000000000000e+00,5.008545977673962568e+01,-6.189961330229376557e-01,5.065775699326602677e+01,4.669891649653878929e-02,0.000000000000000000e+00,4.800000000000000000e+01,4.814805637937966765e+01,5.000000000000000000e+01
8.430000000000000000e+02,0.000000000000000000e+00,5.008474013930003110e+01,-6.157785802982231882e-01,5.065401365843138848e+01,4.650506116687175284e-02,0.000000000000000000e+00,4.800000000000000000e+01,4.814728609208619048e+01,5.000000000000000000e+01
8.440000000000000000e+02,0.000000000000000000e+00,5.008402644339963672e+01,-6.125748925004634859e-01,5.065028979890251293e+01,4.631153699758461251e-02,0.000000000000000000e+00,4.800000000000000000e+01,4.814651913117054960e+01,5.000000000000000000e+01
8.450000000000000000e+02,0.000000000000000000e+00,5.008331864073686290e+01,-6.093850393799404852e-01,5.064658533057801293e+01,4.611834953878531790e-02,0.000000000000000000e+00,4.800000000000000000e+01,4.814575548928722526e+01,5.000000000000000000e+01
8.460000000000000000e+02,0.000000000000000000e+00,5.008261668339780215e+01,-6.062089903860373719e-01,5.064290016954223006e+01,4.592550424160934258e-02,0.000000000000000000e+00,4.800000000000000000e+01,4.814499515901972870e+01,5.000000000000000000e+01
8.470000000000000000e+02,0.000000000000000000e+00,5.008192052385368243e+01,-6.030467146729714401e-01,5.063923423206701102e+01,4.573300645964241407e-02,0.000000000000000000e+00,4.800000000000000000e+01,4.814423813288215115e+01,5.000000000000000000e+01
8.480000000000000000e+02,0.000000000000000000e+00,5.008123011495683130e+01,-5.998981811062363834e-01,5.063558743461347689e+01,4.554086144958521820e-02,0.000000000000000000e+00,4.800000000000000000e+01,4.814348440332048540e+01,5.000000000000000000e+01
8.490000000000000000e+02,0.000000000000000000e+00,5.008054540993838089e+01,-5.967633582680987869e-01,5.063195969383372841e+01,4.534907437275374764e-02,0.000000000000000000e+00,4.800000000000000000e+01,4.814273396271401850e+01,5.000000000000000000e+01
8.500000000000000000e+02,0.000000000000000000e+00,5.007986636240536171e+01,-5.936422144633909381e-01,5.062835092657255132e+01,4.515765029620174426e-02,0.000000000000000000e+00,4.800000000000000000e+01,4.814198680337680969e+01,5.000000000000000000e+01
8.510000000000000000e+02,0.000000000000000000e+00,5.007919292633682318e+01,-5.905347177256571323e-01,5.062476104986905057e+01,4.496659419343606440e-02,0.000000000000000000e+00,4.800000000000000000e+01,4.814124291755894092e+01,5.000000000000000000e+01
8.520000000000000000e+02,0.000000000000000000e+00,5.007852505608188665e+01,-5.874408358223548454e-01,5.062118998095827749e+01,4.477591094596419102e-02,0.000000000000000000e+00,4.800000000000000000e+01,4.814050229744790954e+01,5.000000000000000000e+01
8.530000000000000000e+02,0.000000000000000000e+00,5.007786270635634196e+01,-5.843605362606471010e-01,5.061763763727280008e+01,4.458560534418534727e-02,0.000000000000000000e+00,4.800000000000000000e+01,4.813976493516999255e+01,5.000000000000000000e+01
8.540000000000000000e+02,0.000000000000000000e+00,5.007720583223952815e+01,-5.812937862930767086e-01,5.061410393644427330e+01,4.439568208833080676e-02,0.000000000000000000e+00,4.800000000000000000e+01,4.813903082279148293e+01,5.000000000000000000e+01
8.550000000000000000e+02,0.000000000000000000e+00,5.007655438917205259e+01,-5.782405529227078178e-01,5.061058879630492413e+01,4.420614578983556031e-02,0.000000000000000000e+00,4.800000000000000000e+01,4.813829995232006809e+01,5.000000000000000000e+01
8.560000000000000000e+02,0.000000000000000000e+00,5.007590833295227384e+01,-5.752008029088591101e-01,5.060709213488906499e+01,4.401700097206558832e-02,0.000000000000000000e+00,4.800000000000000000e+01,4.813757231570606621e+01,5.000000000000000000e+01
8.570000000000000000e+02,0.000000000000000000e+00,5.007526761973382179e+01,-5.721745027722463517e-01,5.060361387043452197e+01,4.382825207154602415e-02,0.000000000000000000e+00,4.800000000000000000e+01,4.813684790484370524e+01,5.000000000000000000e+01
8.580000000000000000e+02,0.000000000000000000e+00,5.007463220602269871e+01,-5.691616188003010279e-01,5.060015392138406298e+01,4.363990343894027374e-02,0.000000000000000000e+00,4.800000000000000000e+01,4.813612671157235923e+01,5.000000000000000000e+01
8.590000000000000000e+02,0.000000000000000000e+00,5.007400204867459337e+01,-5.661621170523131186e-01,5.059671220638678335e+01,4.345195934012733435e-02,0.000000000000000000e+00,4.800000000000000000e+01,4.813540872767782730e+01,5.000000000000000000e+01
8.600000000000000000e+02,0.000000000000000000e+00,5.007337710489175464e+01,-5.631759633647498431e-01,5.059328864429946293e+01,4.326442395704035299e-02,0.000000000000000000e+00,4.800000000000000000e+01,4.813469394489352737e+01,5.000000000000000000e+01
8.610000000000000000e+02,0.000000000000000000e+00,5.007275733222042646e+01,-5.602031233562209112e-01,5.058988315418787352e+01,4.307730138877823717e-02,0.000000000000000000e+00,4.800000000000000000e+01,4.813398235490167565e+01,5.000000000000000000e+01
8.620000000000000000e+02,0.000000000000000000e+00,5.007214268854841066e+01,-5.572435624323837100e-01,5.058649565532810044e+01,4.289059565269634500e-02,0.000000000000000000e+00,4.800000000000000000e+01,4.813327394933452297e+01,5.000000000000000000e+01
8.630000000000000000e+02,0.000000000000000000e+00,5.007153313210191214e+01,-5.542972457910857464e-01,5.058312606720779314e+01,4.270431068520239709e-02,0.000000000000000000e+00,4.800000000000000000e+01,4.813256871977552009e+01,5.000000000000000000e+01
8.640000000000000000e+02,0.000000000000000000e+00,5.007092862144295253e+01,-5.513641384272111035e-01,5.057977430952738729e+01,4.251845034277333679e-02,0.000000000000000000e+00,4.800000000000000000e+01,4.813186665776044038e+01,5.000000000000000000e+01
8.650000000000000000e+02,0.000000000000000000e+00,5.007032911546704668e+01,-5.484442051373492610e-01,5.057644030220132692e+01,4.233301840306782915e-02,0.000000000000000000e+00,4.800000000000000000e+01,4.813116775477861609e+01,5.000000000000000000e+01
8.660000000000000000e+02,0.000000000000000000e+00,5.006973457339981337e+01,-5.455374105249378713e-01,5.057312396535922971e+01,4.214801856552229803e-02,0.000000000000000000e+00,4.800000000000000000e+01,4.813047200227396161e+01,5.000000000000000000e+01
8.670000000000000000e+02,0.000000000000000000e+00,5.006914495479526295e+01,-5.426437190045175774e-01,5.056982521934704522e+01,4.196345445273209906e-02,0.000000000000000000e+00,4.800000000000000000e+01,4.812977939164619556e+01,5.000000000000000000e+01
8.680000000000000000e+02,0.000000000000000000e+00,5.006856021953230851e+01,-5.397630948068155021e-01,5.056654398472815615e+01,4.177932961096748193e-02,0.000000000000000000e+00,4.800000000000000000e+01,4.812908991425184979e+01,5.000000000000000000e+01
8.690000000000000000e+02,0.000000000000000000e+00,5.006798032781303220e+01,-5.368955019829411146e-01,5.056328018228449395e+01,4.159564751148021183e-02,0.000000000000000000e+00,4.800000000000000000e+01,4.812840356140546305e+01,5.000000000000000000e+01
8.700000000000000000e+02,0.000000000000000000e+00,5.006740524015922489e+01,-5.340409044093514801e-01,5.056003373301756909e+01,4.141241155100507110e-02,0.000000000000000000e+00,4.800000000000000000e+01,4.812772032438056158e+01,5.000000000000000000e+01
8.710000000000000000e+02,0.000000000000000000e+00,5.006683491741065950e+01,-5.311992657919289984e-01,5.055680455814952978e+01,4.122962505305305392e-02,0.000000000000000000e+00,4.800000000000000000e+01,4.812704019441081016e+01,5.000000000000000000e+01
8.720000000000000000e+02,0.000000000000000000e+00,5.006626932072186520e+01,-5.283705496707693516e-01,5.055359257912417803e+01,4.104729126845538256e-02,0.000000000000000000e+00,4.800000000000000000e+01,4.812636316269097847e+01,5.000000000000000000e+01
8.730000000000000000e+02,0.000000000000000000e+00,5.006570841156030838e+01,-5.255547194241999565e-01,5.055039771760792178e+01,4.086541337658623069e-02,0.000000000000000000e+00,4.800000000000000000e+01,4.812568922037806374e+01,5.000000000000000000e+01
8.740000000000000000e+02,0.000000000000000000e+00,5.006515215170320232e+01,-5.227517382734496731e-01,5.054721989549075545e+01,4.068399448589615081e-02,0.000000000000000000e+00,4.800000000000000000e+01,4.812501835859225707e+01,5.000000000000000000e+01
8.750000000000000000e+02,0.000000000000000000e+00,5.006460050323553901e+01,-5.199615692866678129e-01,5.054405903488719076e+01,4.050303763501472698e-02,0.000000000000000000e+00,4.800000000000000000e+01,4.812435056841795245e+01,5.000000000000000000e+01
8.760000000000000000e+02,0.000000000000000000e+00,5.006405342854763774e+01,-5.171841753831203370e-01,5.054091505813714491e+01,4.032254579361272545e-02,0.000000000000000000e+00,4.800000000000000000e+01,4.812368584090481249e+01,5.000000000000000000e+01
8.770000000000000000e+02,0.000000000000000000e+00,5.006351089033218216e+01,-5.144195193376226438e-01,5.053778788780682163e+01,4.014252186298502417e-02,0.000000000000000000e+00,4.800000000000000000e+01,4.812302416706867803e+01,5.000000000000000000e+01
8.780000000000000000e+02,0.000000000000000000e+00,5.006297285158247234e+01,-5.116675637843227653e-01,5.053467744668959227e+01,3.996296867719945078e-02,0.000000000000000000e+00,4.800000000000000000e+01,4.812236553789256277e+01,5.000000000000000000e+01
8.790000000000000000e+02,0.000000000000000000e+00,5.006243927558978868e+01,-5.089282712208377246e-01,5.053158365780679162e+01,3.978388900383669075e-02,0.000000000000000000e+00,4.800000000000000000e+01,4.812170994432766236e+01,5.000000000000000000e+01
8.800000000000000000e+02,0.000000000000000000e+00,5.006191012594071310e+01,-5.062016040124508454e-01,5.052850644440854211e+01,3.960528554462457856e-02,0.000000000000000000e+00,4.800000000000000000e+01,4.812105737729423538e+01,5.000000000000000000e+01
8.810000000000000000e+02,0.000000000000000000e+00,5.006138536651528170e+01,-5.034875243957755986e-01,5.052544572997452832e+01,3.942716093652461756e-02,0.000000000000000000e+00,4.800000000000000000e+01,4.812040782768258396e+01,5.000000000000000000e+01
8.820000000000000000e+02,0.000000000000000000e+00,5.006086496148428466e+01,-5.007859944828342291e-01,5.052240143821475726e+01,3.924951775235878404e-02,0.000000000000000000e+00,4.800000000000000000e+01,4.811976128635397743e+01,5.000000000000000000e+01
8.830000000000000000e+02,0.000000000000000000e+00,5.006034887530700672e+01,-4.980969762648989607e-01,5.051937349307029024e+01,3.907235850161376589e-02,0.000000000000000000e+00,4.800000000000000000e+01,4.811911774414153342e+01,5.000000000000000000e+01
8.840000000000000000e+02,0.000000000000000000e+00,5.005983707272915950e+01,-4.954204316161570643e-01,5.051636181871396047e+01,3.889568563135543250e-02,0.000000000000000000e+00,4.800000000000000000e+01,4.811847719185114158e+01,5.000000000000000000e+01
8.850000000000000000e+02,0.000000000000000000e+00,5.005932951878041592e+01,-4.927563222975522850e-01,5.051336633955105526e+01,3.871950152691559094e-02,0.000000000000000000e+00,4.800000000000000000e+01,4.811783962026237305e+01,5.000000000000000000e+01
8.860000000000000000e+02,0.000000000000000000e+00,5.005882617877200857e+01,-4.901046099605674278e-01,5.051038698021999096e+01,3.854380851258691620e-02,0.000000000000000000e+00,4.800000000000000000e+01,4.811720502012931888e+01,5.000000000000000000e+01
8.870000000000000000e+02,0.000000000000000000e+00,5.005832701829476861e+01,-4.874652561507117898e-01,5.050742366559293828e+01,3.836860885254566450e-02,0.000000000000000000e+00,4.800000000000000000e+01,4.811657338218147117e+01,5.000000000000000000e+01
8.880000000000000000e+02,0.000000000000000000e+00,5.005783200321681647e+01,-4.848382223111853961e-01,5.050447632077645466e+01,3.819390475154614550e-02,0.000000000000000000e+00,4.800000000000000000e+01,4.811594469712458988e+01,5.000000000000000000e+01
8.890000000000000000e+02,0.000000000000000000e+00,5.005734109968124557e+01,-4.822234697864844488e-01,5.050154487111210244e+01,3.801969835562284128e-02,0.000000000000000000e+00,4.800000000000000000e+01,4.811531895564155548e+01,5.000000000000000000e+01
8.900000000000000000e+02,0.000000000000000000e+00,5.005685427410383426e+01,-4.796209598259474349e-01,5.049862924217698890e+01,3.784599175279951960e-02,0.000000000000000000e+00,4.800000000000000000e+01,4.811469614839315057e+01,5.000000000000000000e+01
8.910000000000000000e+02,0.000000000000000000e+00,5.005637149317138324e+01,-4.770306535870060816e-01,5.049572935978436306e+01,3.767278697402529075e-02,0.000000000000000000e+00,4.800000000000000000e+01,4.811407626601895515e+01,5.000000000000000000e+01
8.920000000000000000e+02,0.000000000000000000e+00,5.005589272383882360e+01,-4.744525121389087663e-01,5.049284514998412732e+01,3.750008599360613037e-02,0.000000000000000000e+00,4.800000000000000000e+01,4.811345929913808561e+01,5.000000000000000000e+01
8.930000000000000000e+02,0.000000000000000000e+00,5.005541793332778155e+01,-4.718864964657938921e-01,5.048997653906336325e+01,3.732789073021264281e-02,0.000000000000000000e+00,4.800000000000000000e+01,4.811284523835004734e+01,5.000000000000000000e+01
8.940000000000000000e+02,0.000000000000000000e+00,5.005494708912397073e+01,-4.693325674702362726e-01,5.048712345354682896e+01,3.715620304737841939e-02,0.000000000000000000e+00,4.800000000000000000e+01,4.811223407423551635e+01,5.000000000000000000e+01
8.950000000000000000e+02,0.000000000000000000e+00,5.005448015897516711e+01,-4.667906859764976990e-01,5.048428582019742805e+01,3.698502475423966207e-02,0.000000000000000000e+00,4.800000000000000000e+01,4.811162579735707823e+01,5.000000000000000000e+01
8.960000000000000000e+02,0.000000000000000000e+00,5.005401711088946826e+01,-4.642608127336004809e-01,5.048146356601667861e+01,3.681435760638946536e-02,0.000000000000000000e+00,4.800000000000000000e+01,4.811102039826005239e+01,5.000000000000000000e+01
8.970000000000000000e+02,0.000000000000000000e+00,5.005355791313272817e+01,-4.617429084187554267e-01,5.047865661824513950e+01,3.664420330634330508e-02,0.000000000000000000e+00,4.800000000000000000e+01,4.811041786747323101e+01,5.000000000000000000e+01
8.980000000000000000e+02,0.000000000000000000e+00,5.005310253422670286e+01,-4.592369336404353297e-01,5.047586490436282958e+01,3.647456350430314242e-02,0.000000000000000000e+00,4.800000000000000000e+01,4.810981819550961802e+01,5.000000000000000000e+01
8.990000000000000000e+02,0.000000000000000000e+00,5.005265094294705364e+01,-4.567428489414482873e-01,5.047308835208963274e+01,3.630543979886926426e-02,0.000000000000000000e+00,4.800000000000000000e+01,4.810922137286715383e+01,5.000000000000000000e+01
9.000000000000000000e+02,0.000000000000000000e+00,5.005220310832147135e+01,-4.542606148019519563e-01,5.047032688938566736e+01,3.613683373775856272e-02,0.000000000000000000e+00,4.800000000000000000e+01,4.810862739002948274e+01,5.000000000000000000e+01
9.010000000000000000e+02,0.000000000000000000e+00,5.005175899962733155e+01,-4.517901916426453335e-01,5.046758044445167002e+01,3.596874681830852793e-02,0.000000000000000000e+00,4.800000000000000000e+01,4.810803623746664925e+01,5.000000000000000000e+01
9.020000000000000000e+02,0.000000000000000000e+00,5.005131858638986841e+01,-4.493315398276648276e-01,5.046484894572931523e+01,3.580118048822211047e-02,0.000000000000000000e+00,4.800000000000000000e+01,4.810744790563580864e+01,5.000000000000000000e+01
9.030000000000000000e+02,0.000000000000000000e+00,5.005088183838021365e+01,-4.468846196675393956e-01,5.046213232190154940e+01,3.563413614620663389e-02,0.000000000000000000e+00,4.800000000000000000e+01,4.810686238498192324e+01,5.000000000000000000e+01
9.040000000000000000e+02,0.000000000000000000e+00,5.005044872561343539e+01,-4.444493914220866149e-01,5.045943050189290346e+01,3.546761514262409404e-02,0.000000000000000000e+00,4.800000000000000000e+01,4.810627966593845883e+01,5.000000000000000000e+01
9.050000000000000000e+02,0.000000000000000000e+00,5.005001921834656997e+01,-4.420258153033089776e-01,5.045674341486978420e+01,3.530161878009700771e-02,0.000000000000000000e+00,4.800000000000000000e+01,4.810569973892806672e+01,5.000000000000000000e+01
9.060000000000000000e+02,0.000000000000000000e+00,5.004959328707663957e+01,-4.396138514782305107e-01,5.045407099024073716e+01,3.513614831412793099e-02,0.000000000000000000e+00,4.800000000000000000e+01,4.810512259436325166e+01,5.000000000000000000e+01
9.070000000000000000e+02,0.000000000000000000e+00,5.004917090253877632e+01,-4.372134600716751640e-01,5.045141315765671663e+01,3.497120495373171045e-02,0.000000000000000000e+00,4.800000000000000000e+01,4.810454822264701136e+01,5.000000000000000000e+01
9.080000000000000000e+02,0.000000000000000000e+00,5.004875203570452413e+01,-4.348246011689261281e-01,5.044876984701131306e+01,3.480678986213465304e-02,0.000000000000000000e+00,4.800000000000000000e+01,4.810397661417354698e+01,5.000000000000000000e+01
9.090000000000000000e+02,0.000000000000000000e+00,5.004833665777945839e+01,-4.324472348186811366e-01,5.044614098844098748e+01,3.464290415715055860e-02,0.000000000000000000e+00,4.800000000000000000e+01,4.810340775932884583e+01,5.000000000000000000e+01
9.100000000000000000e+02,0.000000000000000000e+00,5.004792474020182169e+01,-4.300813210354757499e-01,5.044352651232527052e+01,3.447954891202666822e-02,0.000000000000000000e+00,4.800000000000000000e+01,4.810284164849133504e+01,5.000000000000000000e+01
9.110000000000000000e+02,0.000000000000000000e+00,5.004751625464051301e+01,-4.277268198024021806e-01,5.044092634928696128e+01,3.431672515595647621e-02,0.000000000000000000e+00,4.800000000000000000e+01,4.810227827203254947e+01,5.000000000000000000e+01
9.120000000000000000e+02,0.000000000000000000e+00,5.004711117299289924e+01,-4.253836910738871824e-01,5.043834043019228375e+01,3.415443387450242674e-02,0.000000000000000000e+00,4.800000000000000000e+01,4.810171762031765752e+01,5.000000000000000000e+01
9.130000000000000000e+02,0.000000000000000000e+00,5.004670946738374226e+01,-4.230518947778787453e-01,5.043576868615107855e+01,3.399267601054033194e-02,0.000000000000000000e+00,4.800000000000000000e+01,4.810115968370615747e+01,5.000000000000000000e+01
9.140000000000000000e+02,0.000000000000000000e+00,5.004631111016265521e+01,-4.207313908187424456e-01,5.043321104851692382e+01,3.383145246447853693e-02,0.000000000000000000e+00,4.800000000000000000e+01,4.810060445255246009e+01,5.000000000000000000e+01
9.150000000000000000e+02,0.000000000000000000e+00,5.004591607390247532e+01,-4.184221390796845075e-01,5.043066744888726305e+01,3.367076409490257077e-02,0.000000000000000000e+00,4.800000000000000000e+01,4.810005191720642870e+01,5.000000000000000000e+01
9.160000000000000000e+02,0.000000000000000000e+00,5.004552433139787126e+01,-4.161240994249979508e-01,5.042813781910352589e+01,3.351061171934095750e-02,0.000000000000000000e+00,4.800000000000000000e+01,4.809950206801401862e+01,5.000000000000000000e+01
9.170000000000000000e+02,0.000000000000000000e+00,5.004513585566309786e+01,-4.138372317027220193e-01,5.042562209125122763e+01,3.335099611459322461e-02,0.000000000000000000e+00,4.800000000000000000e+01,4.809895489531783142e+01,5.000000000000000000e+01
9.180000000000000000e+02,0.000000000000000000e+00,5.004475061993048257e+01,-4.115614957469474477e-01,5.042312019766006159e+01,3.319191801736590119e-02,0.000000000000000000e+00,4.800000000000000000e+01,4.809841038945765490e+01,5.000000000000000000e+01
9.190000000000000000e+02,0.000000000000000000e+00,5.004436859764880552e+01,-4.092968513800624430e-01,5.042063207090394883e+01,3.303337812492010417e-02,0.000000000000000000e+00,4.800000000000000000e+01,4.809786854077110263e+01,5.000000000000000000e+01
9.200000000000000000e+02,0.000000000000000000e+00,5.004398976248099018e+01,-4.070432584154121125e-01,5.041815764380111631e+01,3.287537709528941254e-02,0.000000000000000000e+00,4.800000000000000000e+01,4.809732933959405443e+01,5.000000000000000000e+01
9.210000000000000000e+02,0.000000000000000000e+00,5.004361408830325786e+01,-4.048006766591310535e-01,5.041569684941413243e+01,3.271791554825375509e-02,0.000000000000000000e+00,4.800000000000000000e+01,4.809679277626128169e+01,5.000000000000000000e+01
9.220000000000000000e+02,0.000000000000000000e+00,5.004324154920271184e+01,-4.025690659127436066e-01,5.041324962104992125e+01,3.256099406553090991e-02,0.000000000000000000e+00,4.800000000000000000e+01,4.809625884110695893e+01,5.000000000000000000e+01
9.230000000000000000e+02,0.000000000000000000e+00,5.004287211947590208e+01,-4.003483859752918206e-01,5.041081589225979798e+01,3.240461319139541913e-02,0.000000000000000000e+00,4.800000000000000000e+01,4.809572752446516120e+01,5.000000000000000000e+01
9.240000000000000000e+02,0.000000000000000000e+00,5.004250577362736863e+01,-3.981385966454039083e-01,5.040839559683946192e+01,3.224877343331028490e-02,0.000000000000000000e+00,4.800000000000000000e+01,4.809519881667044672e+01,5.000000000000000000e+01
9.250000000000000000e+02,0.000000000000000000e+00,5.004214248636745310e+01,-3.959396577237176973e-01,5.040598866882898221e+01,3.209347526218511021e-02,0.000000000000000000e+00,4.800000000000000000e+01,4.809467270805828321e+01,5.000000000000000000e+01
9.260000000000000000e+02,0.000000000000000000e+00,5.004178223261135372e+01,-3.937515290146537672e-01,5.040359504251278366e+01,3.193871911322228307e-02,0.000000000000000000e+00,4.800000000000000000e+01,4.809414918896564473e+01,5.000000000000000000e+01
9.270000000000000000e+02,0.000000000000000000e+00,5.004142498747674495e+01,-3.915741703288975195e-01,5.040121465241959697e+01,3.178450538604457587e-02,0.000000000000000000e+00,4.800000000000000000e+01,4.809362824973143802e+01,5.000000000000000000e+01
9.280000000000000000e+02,0.000000000000000000e+00,5.004107072628272590e+01,-3.894075414851727035e-01,5.039884743332242323e+01,3.163083444547479250e-02,0.000000000000000000e+00,4.800000000000000000e+01,4.809310988069699988e+01,5.000000000000000000e+01
9.290000000000000000e+02,0.000000000000000000e+00,5.004071942454812927e+01,-3.872516023123098172e-01,5.039649332023845574e+01,3.147770662198682429e-02,0.000000000000000000e+00,4.800000000000000000e+01,4.809259407220666560e+01,5.000000000000000000e+01
9.300000000000000000e+02,0.000000000000000000e+00,5.004037105798926888e+01,-3.851063126516102719e-01,5.039415224842902319e+01,3.132512221185052709e-02,0.000000000000000000e+00,4.800000000000000000e+01,4.809208081460808160e+01,5.000000000000000000e+01
9.310000000000000000e+02,0.000000000000000000e+00,5.004002560251959864e+01,-3.829716323581467408e-01,5.039182415339949017e+01,3.117308147825788300e-02,0.000000000000000000e+00,4.800000000000000000e+01,4.809157009825284490e+01,5.000000000000000000e+01
9.320000000000000000e+02,0.000000000000000000e+00,5.003968303424684905e+01,-3.808475213034229201e-01,5.038950897089916481e+01,3.102158465110571584e-02,0.000000000000000000e+00,4.800000000000000000e+01,4.809106191349683002e+01,5.000000000000000000e+01
9.330000000000000000e+02,0.000000000000000000e+00,5.003934332947246588e+01,-3.787339393767327755e-01,5.038720663692119217e+01,3.087063192800465483e-02,0.000000000000000000e+00,4.800000000000000000e+01,4.809055625070072892e+01,5.000000000000000000e+01
9.340000000000000000e+02,0.000000000000000000e+00,5.003900646468940749e+01,-3.766308464874065787e-01,5.038491708770242639e+01,3.072022347439319623e-02,0.000000000000000000e+00,4.800000000000000000e+01,4.809005310023047741e+01,5.000000000000000000e+01
9.350000000000000000e+02,0.000000000000000000e+00,5.003867241658079479e+01,-3.745382025665840442e-01,5.038264025972329563e+01,3.057035942408447421e-02,0.000000000000000000e+00,4.800000000000000000e+01,4.808955245245763876e+01,5.000000000000000000e+01
9.360000000000000000e+02,0.000000000000000000e+00,5.003834116201880988e+01,-3.724559675688100535e-01,5.038037608970768133e+01,3.042103987994085323e-02,0.000000000000000000e+00,4.800000000000000000e+01,4.808905429775994378e+01,5.000000000000000000e+01
9.370000000000000000e+02,0.000000000000000000e+00,5.003801267806235131e+01,-3.703841014742806914e-01,5.037812451462273344e+01,3.027226491389673618e-02,0.000000000000000000e+00,4.800000000000000000e+01,4.808855862652160340e+01,5.000000000000000000e+01
9.380000000000000000e+02,0.000000000000000000e+00,5.003768694195643718e+01,-3.683225642901435393e-01,5.037588547167872122e+01,3.012403456786081138e-02,0.000000000000000000e+00,4.800000000000000000e+01,4.808806542913379189e+01,5.000000000000000000e+01
9.390000000000000000e+02,0.000000000000000000e+00,5.003736393113024405e+01,-3.662713160525071787e-01,5.037365889832885557e+01,2.997634885389587403e-02,0.000000000000000000e+00,4.800000000000000000e+01,4.808757469599511580e+01,5.000000000000000000e+01
9.400000000000000000e+02,0.000000000000000000e+00,5.003704362319516008e+01,-3.642303168283916870e-01,5.037144473226911146e+01,2.982920775444144329e-02,0.000000000000000000e+00,4.800000000000000000e+01,4.808708641751186974e+01,5.000000000000000000e+01
9.410000000000000000e+02,0.000000000000000000e+00,5.003672599594456472e+01,-3.621995267167923416e-01,5.036924291143800758e+01,2.968261122334709887e-02,0.000000000000000000e+00,4.800000000000000000e+01,4.808660058409857641e+01,5.000000000000000000e+01
9.420000000000000000e+02,0.000000000000000000e+00,5.003641102735123525e+01,-3.601789058509257679e-01,5.036705337401642169e+01,2.953655918573394254e-02,0.000000000000000000e+00,4.800000000000000000e+01,4.808611718617831343e+01,5.000000000000000000e+01
9.430000000000000000e+02,0.000000000000000000e+00,5.003609869556645862e+01,-3.581684143995893521e-01,5.036487605842736315e+01,2.939105153869146086e-02,0.000000000000000000e+00,4.800000000000000000e+01,4.808563621418312550e+01,5.000000000000000000e+01
9.440000000000000000e+02,0.000000000000000000e+00,5.003578897891848243e+01,-3.561680125688749809e-01,5.036271090333575984e+01,2.924608815159640204e-02,0.000000000000000000e+00,4.800000000000000000e+01,4.808515765855440804e+01,5.000000000000000000e+01
9.450000000000000000e+02,0.000000000000000000e+00,5.003548185591095177e+01,-3.541776606037652098e-01,5.036055784764820231e+01,2.910166886651998491e-02,0.000000000000000000e+00,4.800000000000000000e+01,4.808468150974326250e+01,5.000000000000000000e+01
9.460000000000000000e+02,0.000000000000000000e+00,5.003517730522180784e+01,-3.521973187896105806e-01,5.035841683051270223e+01,2.895779349871739280e-02,0.000000000000000000e+00,4.800000000000000000e+01,4.808420775821086579e+01,5.000000000000000000e+01
9.470000000000000000e+02,0.000000000000000000e+00,5.003487530570182429e+01,-3.502269474536665594e-01,5.035628779131845789e+01,2.881446183702875488e-02,0.000000000000000000e+00,4.800000000000000000e+01,4.808373639442888248e+01,5.000000000000000000e+01
9.480000000000000000e+02,0.000000000000000000e+00,5.003457583637284500e+01,-3.482665069668073876e-01,5.035417066969556288e+01,2.867167364408755234e-02,0.000000000000000000e+00,4.800000000000000000e+01,4.808326740887977735e+01,5.000000000000000000e+01
9.490000000000000000e+02,0.000000000000000000e+00,5.003427887642681782e+01,-3.463159577448263748e-01,5.035206540551474319e+01,2.852942865690020341e-02,0.000000000000000000e+00,4.800000000000000000e+01,4.808280079205714230e+01,5.000000000000000000e+01
9.500000000000000000e+02,0.000000000000000000e+00,5.003398440522462209e+01,-3.443752602497953674e-01,5.034997193888708722e+01,2.838772658733098100e-02,0.000000000000000000e+00,4.800000000000000000e+01,4.808233653446615108e+01,5.000000000000000000e+01
9.510000000000000000e+02,0.000000000000000000e+00,5.003369240229383763e+01,-3.424443749919561797e-01,5.034789021016373312e+01,2.824656712205822484e-02,0.000000000000000000e+00,4.800000000000000000e+01,4.808187462662375822e+01,5.000000000000000000e+01
9.520000000000000000e+02,0.000000000000000000e+00,5.003340284732855991e+01,-3.405232625305477656e-01,5.034582015993558457e+01,2.810594992352469582e-02,0.000000000000000000e+00,4.800000000000000000e+01,4.808141505905916802e+01,5.000000000000000000e+01
9.530000000000000000e+02,0.000000000000000000e+00,5.003311572018701980e+01,-3.386118834757568807e-01,5.034376172903299818e+01,2.796587462977674979e-02,0.000000000000000000e+00,4.800000000000000000e+01,4.808095782231407611e+01,5.000000000000000000e+01
9.540000000000000000e+02,0.000000000000000000e+00,5.003283100089092983e+01,-3.367101984897228339e-01,5.034171485852546368e+01,2.782634085519555128e-02,0.000000000000000000e+00,4.800000000000000000e+01,4.808050290694302475e+01,5.000000000000000000e+01
9.550000000000000000e+02,0.000000000000000000e+00,5.003254866962400627e+01,-3.348181682880150278e-01,5.033967948972128426e+01,2.768734819073778025e-02,0.000000000000000000e+00,4.800000000000000000e+01,4.808005030351368703e+01,5.000000000000000000e+01
9.560000000000000000e+02,0.000000000000000000e+00,5.003226870673085358e+01,-3.329357536408149576e-01,5.033765556416723541e+01,2.754889620443521855e-02,0.000000000000000000e+00,4.800000000000000000e+01,4.807960000260727895e+01,5.000000000000000000e+01
9.570000000000000000e+02,0.000000000000000000e+00,5.003199109271497491e+01,-3.310629153746305064e-01,5.033564302364823817e+01,2.741098444136462475e-02,0.000000000000000000e+00,4.800000000000000000e+01,4.807915199481875845e+01,5.000000000000000000e+01
9.580000000000000000e+02,0.000000000000000000e+00,5.003171580823832443e+01,-3.291996143731230617e-01,5.033364181018700378e+01,2.727361242444561323e-02,0.000000000000000000e+00,4.800000000000000000e+01,4.807870627075716641e+01,5.000000000000000000e+01
9.590000000000000000e+02,0.000000000000000000e+00,5.003144283411977966e+01,-3.273458115785263245e-01,5.033165186604367136e+01,2.713677965463337852e-02,0.000000000000000000e+00,4.800000000000000000e+01,4.807826282104596771e+01,5.000000000000000000e+01
9.600000000000000000e+02,0.000000000000000000e+00,5.003117215133347884e+01,-3.255014679930645083e-01,5.032967313371544549e+01,2.700048561109823567e-02,0.000000000000000000e+00,4.800000000000000000e+01,4.807782163632325023e+01,5.000000000000000000e+01
9.610000000000000000e+02,0.000000000000000000e+00,5.003090374100839455e+01,-3.236665446797800660e-01,5.032770555593623385e+01,2.686472975194354601e-02,0.000000000000000000e+00,4.800000000000000000e+01,4.807738270724213692e+01,5.000000000000000000e+01
9.620000000000000000e+02,0.000000000000000000e+00,5.003063758442607423e+01,-3.218410027642475968e-01,5.032574907567627065e+01,2.672951151404859629e-02,0.000000000000000000e+00,4.800000000000000000e+01,4.807694602447095633e+01,5.000000000000000000e+01
9.630000000000000000e+02,0.000000000000000000e+00,5.003037366302029199e+01,-3.200248034352830562e-01,5.032380363614171159e+01,2.659483031385832807e-02,0.000000000000000000e+00,4.800000000000000000e+01,4.807651157869358371e+01,5.000000000000000000e+01
9.640000000000000000e+02,0.000000000000000000e+00,5.003011195837535041e+01,-3.182179079463622329e-01,5.032186918077425730e+01,2.646068554745832288e-02,0.000000000000000000e+00,4.800000000000000000e+01,4.807607936060968257e+01,5.000000000000000000e+01
9.650000000000000000e+02,0.000000000000000000e+00,5.002985245222515687e+01,-3.164202776166257225e-01,5.031994565325075541e+01,2.632707659103009079e-02,0.000000000000000000e+00,4.800000000000000000e+01,4.807564936093498886e+01,5.000000000000000000e+01
9.660000000000000000e+02,0.000000000000000000e+00,5.002959512645183082e+01,-3.146318738320607600e-01,5.031803299748278135e+01,2.619400280111007853e-02,0.000000000000000000e+00,4.800000000000000000e+01,4.807522157040160948e+01,5.000000000000000000e+01
9.670000000000000000e+02,0.000000000000000000e+00,5.002933996308426856e+01,-3.128526580467424489e-01,5.031613115761623334e+01,2.606146351477588510e-02,0.000000000000000000e+00,4.800000000000000000e+01,4.807479597975819274e+01,5.000000000000000000e+01
9.680000000000000000e+02,0.000000000000000000e+00,5.002908694429768843e+01,-3.110825917835433052e-01,5.031424007803092024e+01,2.592945805031535850e-02,0.000000000000000000e+00,4.800000000000000000e+01,4.807437257977025524e+01,5.000000000000000000e+01
9.690000000000000000e+02,0.000000000000000000e+00,5.002883605241187581e+01,-3.093216366354921698e-01,5.031235970334012819e+01,2.579798570724423784e-02,0.000000000000000000e+00,4.800000000000000000e+01,4.807395136122042345e+01,5.000000000000000000e+01
9.700000000000000000e+02,0.000000000000000000e+00,5.002858726989005334e+01,-3.075697542667793494e-01,5.031048997839018000e+01,2.566704576665298013e-02,0.000000000000000000e+00,4.800000000000000000e+01,4.807353231490864687e+01,5.000000000000000000e+01
9.710000000000000000e+02,0.000000000000000000e+00,5.002834057933800693e+01,-3.058269064136430182e-01,5.030863084826000886e+01,2.553663749164001434e-02,0.000000000000000000e+00,4.800000000000000000e+01,4.807311543165245382e+01,5.000000000000000000e+01
9.720000000000000000e+02,0.000000000000000000e+00,5.002809596350282106e+01,-3.040930548854331450e-01,5.030678225826070360e+01,2.540676012755019655e-02,0.000000000000000000e+00,4.800000000000000000e+01,4.807270070228723569e+01,5.000000000000000000e+01
9.730000000000000000e+02,0.000000000000000000e+00,5.002785340527136526e+01,-3.023681615657936028e-01,5.030494415393507524e+01,2.527741290208683142e-02,0.000000000000000000e+00,4.800000000000000000e+01,4.807228811766637477e+01,5.000000000000000000e+01
9.740000000000000000e+02,0.000000000000000000e+00,5.002761288767000991e+01,-3.006521884131939659e-01,5.030311648105718092e+01,2.514859502602175348e-02,0.000000000000000000e+00,4.800000000000000000e+01,4.807187766866155698e+01,5.000000000000000000e+01
9.750000000000000000e+02,0.000000000000000000e+00,5.002737439386278595e+01,-2.989450974622300250e-01,5.030129918563187630e+01,2.502030569314103725e-02,0.000000000000000000e+00,4.800000000000000000e+01,4.807146934616298495e+01,5.000000000000000000e+01
9.760000000000000000e+02,0.000000000000000000e+00,5.002713790715041142e+01,-2.972468508245100782e-01,5.029949221389433944e+01,2.489254408057987866e-02,0.000000000000000000e+00,4.800000000000000000e+01,4.807106314107956280e+01,5.000000000000000000e+01
9.770000000000000000e+02,0.000000000000000000e+00,5.002690341096941751e+01,-2.955574106894234832e-01,5.029769551230960190e+01,2.476530934924470184e-02,0.000000000000000000e+00,4.800000000000000000e+01,4.807065904433912351e+01,5.000000000000000000e+01
9.780000000000000000e+02,0.000000000000000000e+00,5.002667088889101876e+01,-2.938767393250863447e-01,5.029590902757206550e+01,2.463860064404124403e-02,0.000000000000000000e+00,4.800000000000000000e+01,4.807025704688865630e+01,5.000000000000000000e+01
9.790000000000000000e+02,0.000000000000000000e+00,5.002644032461981993e+01,-2.922047990792870364e-01,5.029413270660501922e+01,2.451241709408703839e-02,0.000000000000000000e+00,4.800000000000000000e+01,4.806985713969450558e+01,5.000000000000000000e+01
9.800000000000000000e+02,0.000000000000000000e+00,5.002621170199286382e+01,-2.905415523803136502e-01,5.029236649656015601e+01,2.438675781301951478e-02,0.000000000000000000e+00,4.800000000000000000e+01,4.806945931374255565e+01,5.000000000000000000e+01
9.810000000000000000e+02,0.000000000000000000e+00,5.002598500497867917e+01,-2.888869617377225474e-01,5.029061034481706827e+01,2.426162189933809069e-02,0.000000000000000000e+00,4.800000000000000000e+01,4.806906356003845815e+01,5.000000000000000000e+01
9.820000000000000000e+02,0.000000000000000000e+00,5.002576021767603720e+01,-2.872409897432838810e-01,5.028886419898276472e+01,2.413700843655771505e-02,0.000000000000000000e+00,4.800000000000000000e+01,4.806866986960778831e+01,5.000000000000000000e+01
9.830000000000000000e+02,0.000000000000000000e+00,5.002553732431313449e+01,-2.856035990716316864e-01,5.028712800689114459e+01,2.401291649362722810e-02,0.000000000000000000e+00,4.800000000000000000e+01,4.806827823349628659e+01,5.000000000000000000e+01
9.840000000000000000e+02,0.000000000000000000e+00,5.002531630924622874e+01,-2.839747524812687440e-01,5.028540171660250735e+01,2.388934512498873397e-02,0.000000000000000000e+00,4.800000000000000000e+01,4.806788864277000073e+01,5.000000000000000000e+01
9.850000000000000000e+02,0.000000000000000000e+00,5.002509715695887849e+01,-2.823544128151577182e-01,5.028368527640301977e+01,2.376629337101838352e-02,0.000000000000000000e+00,4.800000000000000000e+01,4.806750108851548475e+01,5.000000000000000000e+01
9.860000000000000000e+02,0.000000000000000000e+00,5.002487985206089149e+01,-2.807425430015483281e-01,5.028197863480422569e+01,2.364376025821676372e-02,0.000000000000000000e+00,4.800000000000000000e+01,4.806711556183998368e+01,5.000000000000000000e+01
9.870000000000000000e+02,0.000000000000000000e+00,5.002466437928718790e+01,-2.791391060547460112e-01,5.028028174054249178e+01,2.352174479944134713e-02,0.000000000000000000e+00,4.800000000000000000e+01,4.806673205387158987e+01,5.000000000000000000e+01
9.880000000000000000e+02,0.000000000000000000e+00,5.002445072349697597e+01,-2.775440650757618477e-01,5.027859454257850302e+01,2.340024599423317503e-02,0.000000000000000000e+00,4.800000000000000000e+01,4.806635055575944193e+01,5.000000000000000000e+01
9.890000000000000000e+02,0.000000000000000000e+00,5.002423886967253708e+01,-2.759573832531400650e-01,5.027691699009672277e+01,2.327926282895604118e-02,0.000000000000000000e+00,4.800000000000000000e+01,4.806597105867390951e+01,5.000000000000000000e+01
9.900000000000000000e+02,0.000000000000000000e+00,5.002402880291810305e+01,-2.743790238637265899e-01,5.027524903250484556e+01,2.315879427698118789e-02,0.000000000000000000e+00,4.800000000000000000e+01,4.806559355380665011e+01,5.000000000000000000e+01
9.910000000000000000e+02,0.000000000000000000e+00,5.002382050845972827e+01,-2.728089502729050819e-01,5.027359061943327845e+01,2.303883929935501840e-02,0.000000000000000000e+00,4.800000000000000000e+01,4.806521803237090751e+01,5.000000000000000000e+01
9.920000000000000000e+02,0.000000000000000000e+00,5.002361397164322909e+01,-2.712471259358384956e-01,5.027194170073457968e+01,2.291939684448501477e-02,0.000000000000000000e+00,4.800000000000000000e+01,4.806484448560159706e+01,5.000000000000000000e+01
9.930000000000000000e+02,0.000000000000000000e+00,5.002340917793377173e+01,-2.696935143978234639e-01,5.027030222648291868e+01,2.280046584867315151e-02,0.000000000000000000e+00,4.800000000000000000e+01,4.806447290475546197e+01,5.000000000000000000e+01
9.940000000000000000e+02,0.000000000000000000e+00,5.002320611291492725e+01,-2.681480792949406666e-01,5.026867214697352892e+01,2.268204523633747874e-02,0.000000000000000000e+00,4.800000000000000000e+01,4.806410328111124386e+01,5.000000000000000000e+01
9.950000000000000000e+02,0.000000000000000000e+00,5.002300476228753467e+01,-2.666107843547637080e-01,5.026705141272213240e+01,2.256413392016352881e-02,0.000000000000000000e+00,4.800000000000000000e+01,4.806373560596982486e+01,5.000000000000000000e+01
9.960000000000000000e+02,0.000000000000000000e+00,5.002280511186880574e+01,-2.650815933969505322e-01,5.026543997446439960e+01,2.244673080135549739e-02,0.000000000000000000e+00,4.800000000000000000e+01,4.806336987065434130e+01,5.000000000000000000e+01
9.970000000000000000e+02,0.000000000000000000e+00,5.002260714759164983e+01,-2.635604703337161570e-01,5.026383778315538109e+01,2.232983476998038480e-02,0.000000000000000000e+00,4.800000000000000000e+01,4.806300606651035423e+01,5.000000000000000000e+01
9.980000000000000000e+02,0.000000000000000000e+00,5.002241085550345900e+01,-2.620473791705418276e-01,5.026224478996893197e+01,2.221344470506835672e-02,0.000000000000000000e+00,4.800000000000000000e+01,4.806264418490601997e+01,5.000000000000000000e+01
9.990000000000000000e+02,0.000000000000000000e+00,5.002221622176498528e+01,-2.605422840068842283e-01,5.026066094629715764e+01,2.209755947470625620e-02,0.000000000000000000e+00,4.800000000000000000e+01,4.806228421723214694e+01,5.000000000000000000e+01
1.000000000000000000e+03,0.000000000000000000e+00,9.725996999326994796e+00,-2.105445372508819091e+01,5.013267034614464279e+01,-1.935221962172945709e+01,0.000000000000000000e+00,4.300000000000000000e+01,4.806192615490236619e+01,5.000000000000000000e+01
1.001000000000000000e+03,0.000000000000000000e+00,1.092346797058930008e+01,-2.105296451459949125e+01,5.000468879894342678e+01,-1.802825631375463544e+01,0.000000000000000000e+00,4.300000000000000000e+01,4.806156998935327351e+01,5.000000000000000000e+01
1.002000000000000000e+03,0.000000000000000000e+00,1.203044996452647908e+01,-2.105148319297667214e+01,4.987671625673688425e+01,-1.679478309923373303e+01,0.000000000000000000e+00,4.300000000000000000e+01,4.806121571204454312e+01,5.000000000000000000e+01
1.003000000000000000e+03,0.000000000000000000e+00,1.305312730627816897e+01,-2.105000972469981946e+01,4.974875267178430249e+01,-1.564561564080631406e+01,0.000000000000000000e+00,4.300000000000000000e+01,4.806086331445904136e+01,5.000000000000000000e+01
1.004000000000000000e+03,0.000000000000000000e+00,1.399726166895828605e+01,-2.104854407434547525e+01,4.962079799656032009e+01,-1.457499225325655878e+01,0.000000000000000000e+00,4.300000000000000000e+01,4.805515783445065381e+01,5.000000000000000000e+01
1.005000000000000000e+03,0.000000000000000000e+00,1.491137762925804289e+01,-2.102481451676609225e+01,4.949298757396599768e+01,-1.355679542794186254e+01,0.000000000000000000e+00,4.300000000000000000e+01,4.804462868702430001e+01,5.000000000000000000e+01
1.006000000000000000e+03,0.000000000000000000e+00,1.579492681956484290e+01,-2.098102293222838810e+01,4.936544336161202295e+01,-1.258949360981879195e+01,0.000000000000000000e+00,4.300000000000000000e+01,4.802975887896701579e+01,5.000000000000000000e+01
1.007000000000000000e+03,0.000000000000000000e+00,1.664761683028115158e+01,-2.091917818542864893e+01,4.923827510516564843e+01,-1.167148008945584792e+01,0.000000000000000000e+00,4.300000000000000000e+01,4.801098881970229115e+01,5.000000000000000000e+01
1.008000000000000000e+03,0.000000000000000000e+00,1.746937653448777183e+01,-2.084111197514732083e+01,4.911158141534712485e+01,-1.080109290571203040e+01,0.000000000000000000e+00,4.300000000000000000e+01,4.798871983175097711e+01,5.000000000000000000e+01
1.009000000000000000e+03,0.000000000000000000e+00,1.826032509738454479e+01,-2.074849343454276962e+01,4.898545075617057165e+01,-9.976632224243259017e+00,0.000000000000000000e+00,4.300000000000000000e+01,4.796332311893070255e+01,5.000000000000000000e+01
1.010000000000000000e+03,0.000000000000000000e+00,1.902069809962823754e+01,-2.064286643062551718e+01,4.885996220644032206e+01,-9.196397676186567338e+00,0.000000000000000000e+00,4.300000000000000000e+01,4.793514160936420154e+01,5.000000000000000000e+01
1.011000000000000000e+03,0.000000000000000000e+00,1.975083340911628937e+01,-2.052565722948045845e+01,4.873518617465016689e+01,-8.458695536053419062e+00,0.000000000000000000e+00,4.300000000000000000e+01,4.790449171757576607e+01,5.000000000000000000e+01
1.012000000000000000e+03,0.000000000000000000e+00,2.045115814881276251e+01,-2.039818182496999910e+01,4.861118506933119932e+01,-7.761845095548437712e+00,0.000000000000000000e+00,4.300000000000000000e+01,4.787166502589715833e+01,5.000000000000000000e+01
1.013000000000000000e+03,0.000000000000000000e+00,2.112217670592623264e+01,-2.026165293183865401e+01,4.848801392688841361e+01,-7.104184289123526952e+00,0.000000000000000000e+00,4.300000000000000000e+01,4.783692988591209172e+01,5.000000000000000000e+01
1.014000000000000000e+03,0.000000000000000000e+00,2.176445972746548208e+01,-2.011718664625148989e+01,4.836572099894767263e+01,-6.484074625230700661e+00,0.000000000000000000e+00,4.300000000000000000e+01,4.780053293495257094e+01,5.000000000000000000e+01
1.015000000000000000e+03,0.000000000000000000e+00,2.237863409693344607e+01,-1.996580875302634084e+01,4.824434830136088692e+01,-5.899905451401099121e+00,0.000000000000000000e+00,4.300000000000000000e+01,4.776270053097800172e+01,5.000000000000000000e+01
1.016000000000000000e+03,0.000000000000000000e+00,2.296537382193477583e+01,-1.980846069341325943e+01,4.812393212693284283e+01,-5.350097611584805790e+00,0.000000000000000000e+00,4.300000000000000000e+01,4.772364010911906007e+01,5.000000000000000000e+01
1.017000000000000000e+03,0.000000000000000000e+00,2.352539176677603550e+01,-1.964600520707132958e+01,4.800450352385033881e+01,-4.833106550002972845e+00,0.000000000000000000e+00,4.300000000000000000e+01,4.768354146311328634e+01,5.000000000000000000e+01
1.018000000000000000e+03,0.000000000000000000e+00,2.405943216820567088e+01,-1.947923166166402353e+01,4.788608874171256247e+01,-4.347424911842868056e+00,0.000000000000000000e+00,4.300000000000000000e+01,4.764257795480005342e+01,5.000000000000000000e+01
1.019000000000000000e+03,0.000000000000000000e+00,2.456826387627707931e+01,-1.930886108324758865e+01,4.776870964698157707e+01,-3.891584687456908220e+00,0.000000000000000000e+00,4.300000000000000000e+01,4.760090765478501851e+01,5.000000000000000000e+01
1.020000000000000000e+03,0.000000000000000000e+00,2.505267426589060875e+01,-1.913555090038772732e+01,4.765238410959319992e+01,-3.464158943314863848e+00,0.000000000000000000e+00,4.300000000000000000e+01,4.755867441732011258e+01,5.000000000000000000e+01
1.021000000000000000e+03,0.000000000000000000e+00,2.551346376796378124e+01,-1.895989941467330198e+01,4.753712636239153966e+01,-3.063763179754457333e+00,0.000000000000000000e+00,4.300000000000000000e+01,4.751600889237534631e+01,5.000000000000000000e+01
1.022000000000000000e+03,0.000000000000000000e+00,2.595144097240098802e+01,-1.878245001000567171e+01,4.742294733497509185e+01,-2.689056352568430786e+00,0.000000000000000000e+00,4.300000000000000000e+01,4.747302947780425342e+01,5.000000000000000000e+01
1.023000000000000000e+03,0.000000000000000000e+00,2.636741825809015083e+01,-1.860369511273259491e+01,4.730985496346912100e+01,-2.338741592646376599e+00,0.000000000000000000e+00,4.300000000000000000e+01,4.742984321442673235e+01,5.000000000000000000e+01
1.024000000000000000e+03,0.000000000000000000e+00,2.676220790804799066e+01,-1.842407991437088910e+01,4.719785447766747666e+01,-2.011566655248596902e+00,0.000000000000000000e+00,4.300000000000000000e+01,4.738654662677165419e+01,5.000000000000000000e+01
1.025000000000000000e+03,0.000000000000000000e+00,2.713661867057833277e+01,-1.824400586832365079e+01,4.708694866691779168e+01,-1.706324128015807018e+00,0.000000000000000000e+00,4.300000000000000000e+01,4.734322651213812350e+01,5.000000000000000000e+01
1.026000000000000000e+03,0.000000000000000000e+00,2.749145272990017475e+01,-1.806383397165051719e+01,4.697713812605669403e+01,-1.421851424506000772e+00,0.000000000000000000e+00,4.300000000000000000e+01,4.729996068054897762e+01,5.000000000000000000e+01
1.027000000000000000e+03,0.000000000000000000e+00,2.782750305215364861e+01,-1.788388784259472786e+01,4.686842148263666274e+01,-1.157030587888285833e+00,0.000000000000000000e+00,4.300000000000000000e+01,4.725681864808360899e+01,5.000000000000000000e+01
1.028000000000000000e+03,0.000000000000000000e+00,2.814555107500715891e+01,-1.770445660421100342e+01,4.676079560662321910e+01,-9.107879274050580953e-01,0.000000000000000000e+00,4.300000000000000000e+01,4.721386228599013180e+01,5.000000000000000000e+01
1.029000000000000000e+03,0.000000000000000000e+00,2.844636471127321897e+01,-1.752579758407606647e+01,4.665425580368050618e+01,-6.820935083312207325e-01,0.000000000000000000e+00,4.300000000000000000e+01,4.717114642788961021e+01,5.000000000000000000e+01
1.030000000000000000e+03,0.000000000000000000e+00,2.873069663899994453e+01,-1.734813883970066684e+01,4.654879599310481808e+01,-4.699605144042081628e-01,0.000000000000000000e+00,4.300000000000000000e+01,4.712871943729794566e+01,5.000000000000000000e+01
1.031000000000000000e+03,0.000000000000000000e+00,2.899928285244561010e+01,-1.717168151889947225e+01,4.644440887140937946e+01,-2.734445000642956591e-01,0.000000000000000000e+00,4.300000000000000000e+01,4.708662373760425623e+01,5.000000000000000000e+01
1.032000000000000000e+03,0.000000000000000000e+00,2.925284145017167958e+01,-1.699660206401446416e+01,4.634108606250959639e+01,-9.164254832345178348e-02,0.000000000000000000e+00,4.300000000000000000e+01,4.704489630655911014e+01,5.000000000000000000e+01
1.033000000000000000e+03,0.000000000000000000e+00,2.949207163820541311e+01,-1.682305426853189445e+01,4.623881825540605917e+01,7.630765133124975397e-02,0.000000000000000000e+00,4.300000000000000000e+01,4.700356913724112928e+01,5.000000000000000000e+01
1.034000000000000000e+03,0.000000000000000000e+00,2.971765292783974033e+01,-1.665117119428007797e+01,4.613759533021286785e+01,2.312287919069490327e-01,0.000000000000000000e+00,4.300000000000000000e+01,4.696266966738717485e+01,5.000000000000000000e+01
1.035000000000000000e+03,0.000000000000000000e+00,2.993024450915432411e+01,-1.648106695704870006e+01,4.603740647333111013e+01,3.739049928719154758e-01,0.000000000000000000e+00,4.300000000000000000e+01,4.692222117888962885e+01,5.000000000000000000e+01
1.036000000000000000e+03,0.000000000000000000e+00,3.013048478276420994e+01,-1.631283838813066112e+01,4.593824028252180369e+01,5.050828883730681396e-01,0.000000000000000000e+00,4.300000000000000000e+01,4.688224316918422829e+01,5.000000000000000000e+01
1.037000000000000000e+03,0.000000000000000000e+00,3.031899103363631554e+01,-1.614656657895442748e+01,4.584008486258895232e+01,6.254727500017902564e-01,0.000000000000000000e+00,4.300000000000000000e+01,4.684275169617372114e+01,5.000000000000000000e+01
1.038000000000000000e+03,0.000000000000000000e+00,3.049635923206390942e+01,-1.598231831564970307e+01,4.574292791234184108e+01,7.357496353717728477e-01,0.000000000000000000e+00,4.300000000000000000e+01,4.680375969825622917e+01,5.000000000000000000e+01
1.039000000000000000e+03,0.000000000000000000e+00,3.066316394806013790e+01,-1.582014741007154157e+01,4.564675680346602604e+01,8.365545546656529829e-01,0.000000000000000000e+00,4.300000000000000000e+01,4.676527729095335673e+01,5.000000000000000000e+01
1.040000000000000000e+03,0.000000000000000000e+00,3.081995836652308896e+01,-1.566009593350088736e+01,4.555155865189459519e+01,9.284956481293804575e-01,0.000000000000000000e+00,4.300000000000000000e+01,4.672731204156085028e+01,5.000000000000000000e+01
1.041000000000000000e+03,0.000000000000000000e+00,3.096727439154925321e+01,-1.550219535893911349e+01,4.545732038223538751e+01,1.012149368252976744e+00,0.000000000000000000e+00,4.300000000000000000e+01,4.668986922317484556e+01,5.000000000000000000e+01
1.042000000000000000e+03,0.000000000000000000e+00,3.110562282922633770e+01,-1.534646761762393830e+01,4.536402878577566611e+01,1.088061661074607001e+00,0.000000000000000000e+00,4.300000000000000000e+01,4.665295204937936546e+01,5.000000000000000000e+01
1.043000000000000000e+03,0.000000000000000000e+00,3.123549363912531263e+01,-1.519292607511391502e+01,4.527167057255309146e+01,1.156749141686138405e+00,0.000000000000000000e+00,4.300000000000000000e+01,4.661656189081525525e+01,5.000000000000000000e+01
1.044000000000000000e+03,0.000000000000000000e+00,3.135735624554328993e+01,-1.504157643201631878e+01,4.518023241795116718e+01,1.218700259608444192e+00,0.000000000000000000e+00,4.300000000000000000e+01,4.658069847478803638e+01,5.000000000000000000e+01
1.045000000000000000e+03,0.000000000000000000e+00,3.147165990031917815e+01,-1.489241755417253010e+01,4.508970100424799199e+01,1.274376450243718706e+00,0.000000000000000000e+00,4.300000000000000000e+01,4.654536006901123812e+01,5.000000000000000000e+01
1.046000000000000000e+03,0.000000000000000000e+00,3.157883408976513095e+01,-1.474544223686156386e+01,4.500006305751934832e+01,1.324213269107345159e+00,0.000000000000000000e+00,4.300000000000000000e+01,4.651054365052364403e+01,5.000000000000000000e+01
1.047000000000000000e+03,0.000000000000000000e+00,3.167928897892279849e+01,-1.460063790734069933e+01,4.491130538027107377e+01,1.368621505992421827e+00,0.000000000000000000e+00,4.300000000000000000e+01,4.647624506076266471e+01,5.000000000000000000e+01
1.048000000000000000e+03,0.000000000000000000e+00,3.177341588697483132e+01,-1.445798726980831006e+01,4.482341488015065778e+01,1.407988276632484714e+00,0.000000000000000000e+00,4.300000000000000000e+01,4.644245914772231032e+01,5.000000000000000000e+01
1.049000000000000000e+03,0.000000000000000000e+00,3.186158778821671334e+01,-1.431746889665048528e+01,4.473637859506463599e+01,1.442678089802563068e+00,0.000000000000000000e+00,4.300000000000000000e+01,4.640917989607254412e+01,5.000000000000000000e+01
1.050000000000000000e+03,0.000000000000000000e+00,3.194415983352789112e+01,-1.417905776961805842e+01,4.465018371500616468e+01,1.473033888139785752e+00,0.000000000000000000e+00,4.300000000000000000e+01,4.637640054606759321e+01,5.000000000000000000e+01
1.051000000000000000e+03,0.000000000000000000e+00,3.202146988777310810e+01,-1.404272577437598635e+01,4.456481760087621780e+01,1.499378061272877316e+00,0.000000000000000000e+00,4.300000000000000000e+01,4.634411370202318636e+01,5.000000000000000000e+01
1.052000000000000000e+03,0.000000000000000000e+00,3.209383907902383015e+01,-1.390844215166904618e+01,4.448026780056211749e+01,1.522013430130761291e+00,0.000000000000000000e+00,4.300000000000000000e+01,4.631231143109803128e+01,5.000000000000000000e+01
1.053000000000000000e+03,0.000000000000000000e+00,3.216157235590725350e+01,-1.377617390816206644e+01,4.439652206251857791e+01,1.541224201550740025e+00,0.000000000000000000e+00,4.300000000000000000e+01,4.628098535307123029e+01,5.000000000000000000e+01
1.054000000000000000e+03,0.000000000000000000e+00,3.222495904978314485e+01,-1.364588618983154689e+01,4.431356834707887060e+01,1.557276892535823798e+00,0.000000000000000000e+00,4.300000000000000000e+01,4.625012672176664807e+01,5.000000000000000000e+01
1.055000000000000000e+03,0.000000000000000000e+00,3.228427343880398581e+01,-1.351754262061623990e+01,4.423139483570734143e+01,1.570421223712882286e+00,0.000000000000000000e+00,4.300000000000000000e+01,4.621972649873583805e+01,5.000000000000000000e+01
1.056000000000000000e+03,0.000000000000000000e+00,3.233977531124512694e+01,-1.339110560887048074e+01,4.414998993838897690e+01,1.580890981726631672e+00,0.000000000000000000e+00,4.300000000000000000e+01,4.618977541977402268e+01,5.000000000000000000e+01
1.057000000000000000e+03,0.000000000000000000e+00,3.239171052579403920e+01,-1.326653662400957323e+01,4.406934229933724367e+01,1.588904850466371865e+00,0.000000000000000000e+00,4.300000000000000000e+01,4.616026405480817374e+01,5.000000000000000000e+01
1.058000000000000000e+03,0.000000000000000000e+00,3.244031156676536654e+01,-1.314379644558921179e+01,4.398944080118776867e+01,1.594667211166805210e+00,0.000000000000000000e+00,4.300000000000000000e+01,4.613118286166249504e+01,5.000000000000000000e+01
1.059000000000000000e+03,0.000000000000000000e+00,3.248579809246429306e+01,-1.302284538692051896e+01,4.391027456783263005e+01,1.598368911552183080e+00,0.000000000000000000e+00,4.300000000000000000e+01,4.610252223417478490e+01,5.000000000000000000e+01
1.060000000000000000e+03,0.000000000000000000e+00,3.252837747515302169e+01,-1.290364349518992881e+01,4.383183296603816359e+01,1.600188004304785805e+00,0.000000000000000000e+00,4.300000000000000000e+01,4.607427254510676562e+01,5.000000000000000000e+01
1.061000000000000000e+03,0.000000000000000000e+00,3.256824533128835952e+01,-1.278615072992675117e+01,4.375410560597781995e+01,1.600290455237289633e+00,0.000000000000000000e+00,4.300000000000000000e+01,4.604642418426296047e+01,5.000000000000000000e+01
1.062000000000000000e+03,0.000000000000000000e+00,3.260558604089165868e+01,-1.267032712154270158e+01,4.367708234080127028e+01,1.598830821633092647e+00,0.000000000000000000e+00,4.300000000000000000e+01,4.601896759220518618e+01,5.000000000000000000e+01
1.063000000000000000e+03,0.000000000000000000e+00,3.264057325509144647e+01,-1.255613291155322209e+01,4.360075326535110207e+01,1.595952901293567372e+00,0.000000000000000000e+00,4.300000000000000000e+01,4.599189328992437709e+01,5.000000000000000000e+01
1.064000000000000000e+03,0.000000000000000000e+00,3.267337039103688312e+01,-1.244352867598503209e+01,4.352510871412930982e+01,1.591790352892602289e+00,0.000000000000000000e+00,4.300000000000000000e+01,4.596519190480702832e+01,5.000000000000000000e+01
1.065000000000000000e+03,0.000000000000000000e+00,3.270413111352703339e+01,-1.233247543337267693e+01,4.345013925860728676e+01,1.586467288292425115e+00,0.000000000000000000e+00,4.300000000000000000e+01,4.593885419321048857e+01,5.000000000000000000e+01
1.066000000000000000e+03,0.000000000000000000e+00,3.273299980283335486e+01,-1.222293473865102342e+01,4.337583570396503063e+01,1.580098837519346988e+00,0.000000000000000000e+00,4.300000000000000000e+01,4.591287105993999518e+01,5.000000000000000000e+01
1.067000000000000000e+03,0.000000000000000000e+00,3.276011200830906489e+01,-1.211486876416184089e+01,4.330218908533790767e+01,1.572791687132998995e+00,0.000000000000000000e+00,4.300000000000000000e+01,4.588723357489954680e+01,5.000000000000000000e+01
1.068000000000000000e+03,0.000000000000000000e+00,3.278559488748938122e+01,-1.200824036890613300e+01,4.322919066364242724e+01,1.564644592753084762e+00,0.000000000000000000e+00,4.300000000000000000e+01,4.586193298716990796e+01,5.000000000000000000e+01
1.069000000000000000e+03,0.000000000000000000e+00,3.280956763047869629e+01,-1.190301315709571739e+01,4.315683192104609844e+01,1.555748866528313679e+00,0.000000000000000000e+00,4.300000000000000000e+01,4.583696073674857985e+01,5.000000000000000000e+01
1.070000000000000000e+03,0.000000000000000000e+00,3.283214186950980462e+01,-1.179915152698071701e+01,4.308510455614044332e+01,1.546188840350074978e+00,0.000000000000000000e+00,4.300000000000000000e+01,4.581230846416981706e+01,5.000000000000000000e+01
1.071000000000000000e+03,0.000000000000000000e+00,3.285342207363426326e+01,-1.169662071086000310e+01,4.301400047887077704e+01,1.536042305623491533e+00,0.000000000000000000e+00,4.300000000000000000e+01,4.578796801820661244e+01,5.000000000000000000e+01
1.072000000000000000e+03,0.000000000000000000e+00,3.287350592857248444e+01,-1.159538680711437308e+01,4.294351180527129941e+01,1.525380930415560776e+00,0.000000000000000000e+00,4.300000000000000000e+01,4.576393146184170746e+01,5.000000000000000000e+01
1.073000000000000000e+03,0.000000000000000000e+00,3.289248470181036055e+01,-1.149541680504047392e+01,4.287363085204916757e+01,1.514270654801667781e+00,0.000000000000000000e+00,4.300000000000000000e+01,4.574019107668041073e+01,5.000000000000000000e+01
1.074000000000000000e+03,0.000000000000000000e+00,3.291044359308390455e+01,-1.139667860320407300e+01,4.280435013105704201e+01,1.502772065230937981e+00,0.000000000000000000e+00,4.300000000000000000e+01,4.571673936596502585e+01,5.000000000000000000e+01
1.075000000000000000e+03,0.000000000000000000e+00,3.292746207043721540e+01,-1.129914102197731296e+01,4.273566234368939831e+01,1.490940748725130049e+00,0.000000000000000000e+00,4.300000000000000000e+01,4.569356905633810584e+01,5.000000000000000000e+01
1.076000000000000000e+03,0.000000000000000000e+00,3.294361419208085806e+01,-1.120277381087222857e+01,4.266756037523424538e+01,1.478827627718844351e+00,0.000000000000000000e+00,4.300000000000000000e+01,4.567067309849026913e+01,5.000000000000000000e+01
1.077000000000000000e+03,0.000000000000000000e+00,3.295896891431155495e+01,-1.110754765123506260e+01,4.260003728920850108e+01,1.466479276338118032e+00,0.000000000000000000e+00,4.300000000000000000e+01,4.564804466681764694e+01,5.000000000000000000e+01
1.078000000000000000e+03,0.000000000000000000e+00,3.297359038578173340e+01,-1.101343415482157262e+01,4.253308632170198678e+01,1.453938218901321466e+00,0.000000000000000000e+00,4.300000000000000000e+01,4.562567715820348724e+01,5.000000000000000000e+01
1.079000000000000000e+03,0.000000000000000000e+00,3.298753822843620753e+01,-1.092040585872961067e+01,4.246670087575225949e+01,1.441243211413559377e+00,0.000000000000000000e+00,4.300000000000000000e+01,4.560356419002952322e+01,5.000000000000000000e+01
1.080000000000000000e+03,0.000000000000000000e+00,3.300086780544909715e+01,-1.082843621712824955e+01,4.240087451576971489e+01,1.428429506807628480e+00,0.000000000000000000e+00,4.300000000000000000e+01,4.558169959751346312e+01,5.000000000000000000e+01
1.081000000000000000e+03,0.000000000000000000e+00,3.301363047651477700e+01,-1.073749959018417854e+01,4.233560096202999290e+01,1.415529104668959537e+00,0.000000000000000000e+00,4.300000000000000000e+01,4.556007743046104963e+01,5.000000000000000000e+01
1.082000000000000000e+03,0.000000000000000000e+00,3.302587384085747857e+01,-1.064757123055326105e+01,4.227087408524851497e+01,1.402570986162223754e+00,0.000000000000000000e+00,4.300000000000000000e+01,4.553869194951335686e+01,5.000000000000000000e+01
1.083000000000000000e+03,0.000000000000000000e+00,3.303764196833553513e+01,-1.055862726777273330e+01,4.220668790124989300e+01,1.389581334858380313e+00,0.000000000000000000e+00,4.300000000000000000e+01,4.551753762196285891e+01,5.000000000000000000e+01
1.084000000000000000e+03,0.000000000000000000e+00,3.304897561902409109e+01,-1.047064469085988669e+01,4.214303656574314516e+01,1.376583744140829291e+00,0.000000000000000000e+00,4.300000000000000000e+01,4.549660911720528844e+01,5.000000000000000000e+01
1.085000000000000000e+03,0.000000000000000000e+00,3.305991245166407566e+01,-1.038360132939598302e+01,4.207991436921186335e+01,1.363599411848198883e+00,0.000000000000000000e+00,4.300000000000000000e+01,4.547590130188819302e+01,5.000000000000000000e+01
1.086000000000000000e+03,0.000000000000000000e+00,3.307048722136840979e+01,-1.029747583334869709e+01,4.201731573192707003e+01,1.350647322790037963e+00,0.000000000000000000e+00,4.300000000000000000e+01,4.545540923481119933e+01,5.000000000000000000e+01
1.087000000000000000e+03,0.000000000000000000e+00,3.308073196697814922e+01,-1.021224765186190986e+01,4.195523519908900312e+01,1.337744419751052627e+00,0.000000000000000000e+00,4.300000000000000000e+01,4.543512816162801471e+01,5.000000000000000000e+01
1.088000000000000000e+03,0.000000000000000000e+00,3.309067618845872971e+01,-1.012789701122088282e+01,4.189366743610285937e+01,1.324905763576749829e+00,0.000000000000000000e+00,4.300000000000000000e+01,4.541505350939511487e+01,5.000000000000000000e+01
1.089000000000000000e+03,0.000000000000000000e+00,3.310034701472504537e+01,-1.004440489217982169e+01,4.183260722399234055e+01,1.312144682912521620e+00,0.000000000000000000e+00,4.300000000000000000e+01,4.539518088100759741e+01,5.000000000000000000e+01
1.090000000000000000e+03,0.000000000000000000e+00,3.310976936228021827e+01,-9.961753006820128320e+00,4.177204945495392252e+01,1.299472914146424518e+00,0.000000000000000000e+00,4.300000000000000000e+01,4.537550604955860223e+01,5.000000000000000000e+01
1.091000000000000000e+03,0.000000000000000000e+00,3.311896608504701334e+01,-9.879923775090766469e+00,4.171198912805367343e+01,1.286900732084108823e+00,0.000000000000000000e+00,4.300000000000000000e+01,4.535602495265474232e+01,5.000000000000000000e+01
1.092000000000000000e+03,0.000000000000000000e+00,3.312795811576575744e+01,-9.798900301165682336e+00,4.165242134506786442e+01,1.274437071863571358e+00,0.000000000000000000e+00,4.300000000000000000e+01,4.533673368671651360e+01,5.000000000000000000e+01
1.093000000000000000e+03,0.000000000000000000e+00,3.313676459932506901e+01,-9.718666349738734667e+00,4.159334130646762873e+01,1.262089642596172956e+00,0.000000000000000000e+00,4.300000000000000000e+01,4.531762850128940556e+01,5.000000000000000000e+01
1.094000000000000000e+03,0.000000000000000000e+00,3.314540301838404446e+01,-9.639206322363145674e+00,4.153474430754749136e+01,1.249865033199698772e+00,0.000000000000000000e+00,4.300000000000000000e+01,4.529870579338837899e+01,5.000000000000000000e+01
1.095000000000000000e+03,0.000000000000000000e+00,3.315388931163638375e+01,-9.560505233929720958e+00,4.147662573469685299e+01,1.237768810869249059e+00,0.000000000000000000e+00,4.300000000000000000e+01,4.527996210189576942e+01,5.000000000000000000e+01
1.096000000000000000e+03,0.000000000000000000e+00,3.316223798505728126e+01,-9.482548689367263250e+00,4.141898106181316308e+01,1.225805612611383211e+00,0.000000000000000000e+00,4.300000000000000000e+01,4.526139410202988955e+01,5.000000000000000000e+01
1.097000000000000000e+03,0.000000000000000000e+00,3.317046221646648974e+01,-9.405322860637054916e+00,4.136180584685488526e+01,1.213979230248658503e+00,0.000000000000000000e+00,4.300000000000000000e+01,4.524299859989970685e+01,5.000000000000000000e+01
1.098000000000000000e+03,0.000000000000000000e+00,3.317857395372811879e+01,-9.328814464085297686e+00,4.130509572853218003e+01,1.202292689281233784e+00,0.000000000000000000e+00,4.300000000000000000e+01,4.522477252715844998e+01,5.000000000000000000e+01
1.099000000000000000e+03,0.000000000000000000e+00,3.318658400690125632e+01,-9.253010738207043673e+00,4.124884642313274696e+01,1.190748321975552360e+00,0.000000000000000000e+00,4.300000000000000000e+01,4.520671293576737781e+01,5.000000000000000000e+01
1.100000000000000000e+03,0.000000000000000000e+00,3.319450213464290300e+01,-9.177899421868264795e+00,4.119305372148005517e+01,1.179347835031112179e+00,0.000000000000000000e+00,4.300000000000000000e+01,4.518881699287907594e+01,5.000000000000000000e+01
1.101000000000000000e+03,0.000000000000000000e+00,3.320233712515543800e+01,-9.103468733025080084e+00,4.113771348602093525e+01,1.168092372159581060e+00,0.000000000000000000e+00,4.300000000000000000e+01,4.517108197584808238e+01,5.000000000000000000e+01
1.102000000000000000e+03,0.000000000000000000e+00,3.321009687196053761e+01,-9.029707347972529163e+00,4.108282164803934222e+01,1.156982571893727885e+00,0.000000000000000000e+00,4.300000000000000000e+01,4.515350526737521619e+01,5.000000000000000000e+01
1.103000000000000000e+03,0.000000000000000000e+00,3.321778844477087489e+01,-8.956604381149448457e+00,4.102837420499284349e+01,1.146018620927479637e+00,0.000000000000000000e+00,4.300000000000000000e+01,4.513608435079068215e+01,5.000000000000000000e+01
1.104000000000000000e+03,0.000000000000000000e+00,3.322541815572075308e+01,-8.884149365520508823e+00,4.097436721796839976e+01,1.135200303272859035e+00,0.000000000000000000e+00,4.300000000000000000e+01,4.511881680547983109e+01,5.000000000000000000e+01
1.105000000000000000e+03,0.000000000000000000e+00,3.323299162120687811e+01,-8.812332233551581240e+00,4.092079680925380103e+01,1.124527045504655209e+00,0.000000000000000000e+00,4.300000000000000000e+01,4.510170030245449624e+01,5.000000000000000000e+01
1.106000000000000000e+03,0.000000000000000000e+00,3.324051381957934836e+01,-8.741143298790568394e+00,4.086765916002103438e+01,1.113997958348882600e+00,0.000000000000000000e+00,4.300000000000000000e+01,4.508473260007171035e+01,5.000000000000000000e+01
1.107000000000000000e+03,0.000000000000000000e+00,3.324798914491464075e+01,-8.670573238061193067e+00,4.081495050811792424e+01,1.103611874857912234e+00,0.000000000000000000e+00,4.300000000000000000e+01,4.506791153990097598e+01,5.000000000000000000e+01
1.108000000000000000e+03,0.000000000000000000e+00,3.325542145709064101e+01,-8.600613074274638947e+00,4.076266714596427931e+01,1.093367385401003977e+00,0.000000000000000000e+00,4.300000000000000000e+01,4.505123504274028079e+01,5.000000000000000000e+01
1.109000000000000000e+03,0.000000000000000000e+00,3.326281412837602147e+01,-8.531254159859834374e+00,4.071080541854871626e+01,1.083262869687142027e+00,0.000000000000000000e+00,4.300000000000000000e+01,4.503470110478063759e+01,5.000000000000000000e+01
1.110000000000000000e+03,0.000000000000000000e+00,3.327017008673489329e+01,-8.462488160811458826e+00,4.065936172152250805e+01,1.073296526023845177e+00,0.000000000000000000e+00,4.300000000000000000e+01,4.501830779391809756e+01,5.000000000000000000e+01
1.111000000000000000e+03,0.000000000000000000e+00,3.327749185604024973e+01,-8.394307041351309451e+00,4.060833249938663414e+01,1.063466398004926372e+00,0.000000000000000000e+00,4.300000000000000000e+01,4.500205324621177994e+01,5.000000000000000000e+01
1.112000000000000000e+03,0.000000000000000000e+00,3.328478159338002484e+01,-8.326703049196948925e+00,4.055771424376841594e+01,1.053770398808558273e+00,0.000000000000000000e+00,4.300000000000000000e+01,4.498593566248613485e+01,5.000000000000000000e+01
1.113000000000000000e+03,0.000000000000000000e+00,3.329204112362966583e+01,-8.259668701430246784e+00,4.050750349178403553e+01,1.044206333275871312e+00,0.000000000000000000e+00,4.300000000000000000e+01,4.496995330507493804e+01,5.000000000000000000e+01
1.114000000000000000e+03,0.000000000000000000e+00,3.329927197145946849e+01,-8.193196770955381680e+00,4.045769682448339211e+01,1.034771917931461171e+00,0.000000000000000000e+00,4.300000000000000000e+01,4.495410449470453784e+01,5.000000000000000000e+01
1.115000000000000000e+03,0.000000000000000000e+00,3.330647539093380516e+01,-8.127280273536014121e+00,4.040829086537375048e+01,1.025464799096067248e+00,0.000000000000000000e+00,4.300000000000000000e+01,4.493838760751334149e+01,5.000000000000000000e+01
1.116000000000000000e+03,0.000000000000000000e+00,3.331365239285314317e+01,-8.061912455399085076e+00,4.035928227901874266e+01,1.016282569233482924e+00,0.000000000000000000e+00,4.300000000000000000e+01,4.492280107220442176e+01,5.000000000000000000e+01
1.117000000000000000e+03,0.000000000000000000e+00,3.332080376998155202e+01,-7.997086781392276578e+00,4.031066776970936871e+01,1.007222781664459443e+00,0.000000000000000000e+00,4.300000000000000000e+01,4.490734336732779752e+01,5.000000000000000000e+01
1.118000000000000000e+03,0.000000000000000000e+00,3.332793012029547697e+01,-7.932796923680791146e+00,4.026244408020370713e+01,9.982829637725622041e-01,0.000000000000000000e+00,4.300000000000000000e+01,4.489201301868897787e+01,5.000000000000000000e+01
1.119000000000000000e+03,0.000000000000000000e+00,3.333503186838113663e+01,-7.869036750969276461e+00,4.021460799053215851e+01,9.894606288182562492e-01,0.000000000000000000e+00,4.300000000000000000e+01,4.487680859687994683e+01,5.000000000000000000e+01
1.120000000000000000e+03,0.000000000000000000e+00,3.334210928510324834e+01,-7.805800318232989810e+00,4.016715631686508914e+01,9.807532864711516751e-01,0.000000000000000000e+00,4.300000000000000000e+01,4.486172871492897940e+01,5.000000000000000000e+01
1.121000000000000000e+03,0.000000000000000000e+00,3.334916250565871110e+01,-7.743081856943190289e+00,4.012008591043990435e+01,9.721584521619994756e-01,0.000000000000000000e+00,4.300000000000000000e+01,4.484677202606537350e+01,5.000000000000000000e+01
1.122000000000000000e+03,0.000000000000000000e+00,3.335619154612444248e+01,-7.680875765770476704e+00,4.007339365654464558e+01,9.636736553502676106e-01,0.000000000000000000e+00,4.300000000000000000e+01,4.483193722159518302e+01,5.000000000000000000e+01
1.123000000000000000e+03,0.000000000000000000e+00,3.336319631860207835e+01,-7.619176601749786393e+00,4.002707647355528309e+01,9.552964467965818773e-01,0.000000000000000000e+00,4.300000000000000000e+01,4.481722302888417175e+01,5.000000000000000000e+01
1.124000000000000000e+03,0.000000000000000000e+00,3.337017664505537340e+01,-7.557979071891338663e+00,3.998113131202402570e+01,9.470244049226861360e-01,0.000000000000000000e+00,4.300000000000000000e+01,4.480262820944393809e+01,5.000000000000000000e+01
1.125000000000000000e+03,0.000000000000000000e+00,3.337713226993231075e+01,-7.497278025220666109e+00,3.993555515381599719e+01,9.388551413369782273e-01,0.000000000000000000e+00,4.300000000000000000e+01,4.478815155711737361e+01,5.000000000000000000e+01
1.126000000000000000e+03,0.000000000000000000e+00,3.338406287165751252e+01,-7.437068445231793667e+00,3.989034501129179233e+01,9.307863055975149624e-01,0.000000000000000000e+00,4.300000000000000000e+01,4.477379189635961865e+01,5.000000000000000000e+01
1.127000000000000000e+03,0.000000000000000000e+00,3.339096807307538484e+01,-7.377345442737591519e+00,3.984549792653351119e+01,9.228155892794666082e-01,0.000000000000000000e+00,4.300000000000000000e+01,4.475954808061058543e+01,5.000000000000000000e+01
1.128000000000000000e+03,0.000000000000000000e+00,3.339784745092075013e+01,-7.318104249100962022e+00,3.980101097061192661e+01,9.149407294097819943e-01,0.000000000000000000e+00,4.300000000000000000e+01,4.474541899075534701e+01,5.000000000000000000e+01
1.129000000000000000e+03,0.000000000000000000e+00,3.340470054438776515e+01,-7.259340209831476542e+00,3.975688124289258951e+01,9.071595113266551769e-01,0.000000000000000000e+00,4.300000000000000000e+01,4.473140353366866151e+01,5.000000000000000000e+01
1.130000000000000000e+03,0.000000000000000000e+00,3.341152686286434914e+01,-7.201048778531927042e+00,3.971310587037871898e+01,8.994697710175584282e-01,0.000000000000000000e+00,4.300000000000000000e+01,4.471750064083990850e+01,5.000000000000000000e+01
1.131000000000000000e+03,0.000000000000000000e+00,3.341832589289544586e+01,-7.143225511179331022e+00,3.966968200708887338e+01,8.918693969859040616e-01,0.000000000000000000e+00,4.300000000000000000e+01,4.470370926707499137e+01,5.000000000000000000e+01
1.132000000000000000e+03,0.000000000000000000e+00,3.342509710443331272e+01,-7.085866060726032423e+00,3.962660683346744150e+01,8.843563316919036410e-01,0.000000000000000000e+00,4.300000000000000000e+01,4.469002838927157484e+01,5.000000000000000000e+01
1.133000000000000000e+03,0.000000000000000000e+00,3.343183995643104822e+01,-7.028966172005815416e+00,3.958387755582607070e+01,8.769285726107935997e-01,0.000000000000000000e+00,4.300000000000000000e+01,4.467645700526442454e+01,5.000000000000000000e+01
1.134000000000000000e+03,0.000000000000000000e+00,3.343855390182985587e+01,-6.972521676931578760e+00,3.954149140581432675e+01,8.695841729471047721e-01,0.000000000000000000e+00,4.300000000000000000e+01,4.466299413273736008e+01,5.000000000000000000e+01
1.135000000000000000e+03,0.000000000000000000e+00,3.344523839198979687e+01,-6.916528489970056981e+00,3.949944563991785174e+01,8.623212420420003355e-01,0.000000000000000000e+00,4.300000000000000000e+01,4.464963880819875186e+01,5.000000000000000000e+01
1.136000000000000000e+03,0.000000000000000000e+00,3.345189288060812771e+01,-6.860982603880831476e+00,3.945773753898240699e+01,8.551379455065534207e-01,0.000000000000000000e+00,4.300000000000000000e+01,4.463639008601744251e+01,5.000000000000000000e+01
1.137000000000000000e+03,0.000000000000000000e+00,3.345851682716744335e+01,-6.805880085706645488e+00,3.941636440776230899e+01,8.480325051117811874e-01,0.000000000000000000e+00,4.300000000000000000e+01,4.462324703751596644e+01,5.000000000000000000e+01
1.138000000000000000e+03,0.000000000000000000e+00,3.346510969995392060e+01,-6.751217073002034219e+00,3.937532357449178022e+01,8.410031984641718195e-01,0.000000000000000000e+00,4.300000000000000000e+01,4.461020875011833198e+01,5.000000000000000000e+01
1.139000000000000000e+03,0.000000000000000000e+00,3.347167097868096164e+01,-6.696989770288874766e+00,3.933461239047786506e+01,8.340483584919669013e-01,0.000000000000000000e+00,4.300000000000000000e+01,4.459727432654945289e+01,5.000000000000000000e+01
1.140000000000000000e+03,0.000000000000000000e+00,3.347820015675322480e+01,-6.643194445726764208e+00,3.929422822971356766e+01,8.271663727664184673e-01,0.000000000000000000e+00,4.300000000000000000e+01,4.458444288408351497e+01,5.000000000000000000e+01
1.141000000000000000e+03,0.000000000000000000e+00,3.348469674320290324e+01,-6.589827427986907793e+00,3.925416848850999685e+01,8.203556826798175106e-01,0.000000000000000000e+00,4.300000000000000000e+01,4.457171355383881206e+01,5.000000000000000000e+01
1.142000000000000000e+03,0.000000000000000000e+00,3.349116026432669457e+01,-6.536885103319289847e+00,3.921443058514635283e+01,8.136147824996360356e-01,0.000000000000000000e+00,4.300000000000000000e+01,4.455908548011638715e+01,5.000000000000000000e+01
1.143000000000000000e+03,0.000000000000000000e+00,3.349759026505216042e+01,-6.484363912802024288e+00,3.917501195953661153e+01,8.069422183175747332e-01,0.000000000000000000e+00,4.300000000000000000e+01,4.454655781978021878e+01,5.000000000000000000e+01
1.144000000000000000e+03,0.000000000000000000e+00,3.350398631005786143e+01,-6.432260349763500251e+00,3.913591007291191204e+01,8.003365869094520857e-01,0.000000000000000000e+00,4.300000000000000000e+01,4.453412974167662242e+01,5.000000000000000000e+01
1.145000000000000000e+03,0.000000000000000000e+00,3.351034798467102149e+01,-6.380570957367626583e+00,3.909712240751758117e+01,7.937965345210608037e-01,0.000000000000000000e+00,4.300000000000000000e+01,4.452180042609059285e+01,5.000000000000000000e+01
1.146000000000000000e+03,0.000000000000000000e+00,3.351667489556509594e+01,-6.329292326352712550e+00,3.905864646632394965e+01,7.873207555938607216e-01,0.000000000000000000e+00,4.300000000000000000e+01,4.450956906423710535e+01,5.000000000000000000e+01
1.147000000000000000e+03,0.000000000000000000e+00,3.352296667127654217e+01,-6.278421092915751345e+00,3.902047977274999369e+01,7.809079914423009416e-01,0.000000000000000000e+00,4.300000000000000000e+01,4.449743485778533625e+01,5.000000000000000000e+01
1.148000000000000000e+03,0.000000000000000000e+00,3.352922296255939472e+01,-6.227953936733610973e+00,3.898261987039902721e+01,7.745570288939799264e-01,0.000000000000000000e+00,4.300000000000000000e+01,4.448539701841380634e+01,5.000000000000000000e+01
1.149000000000000000e+03,0.000000000000000000e+00,3.353544344259571375e+01,-6.177887579112841365e+00,3.894506432280563502e+01,7.682666989029186544e-01,0.000000000000000000e+00,4.300000000000000000e+01,4.447345476739470627e+01,5.000000000000000000e+01
1.150000000000000000e+03,0.000000000000000000e+00,3.354162780707679303e+01,-6.128218781260850179e+00,3.890781071319310769e+01,7.620358751445308609e-01,0.000000000000000000e+00,4.300000000000000000e+01,4.446160733520569153e+01,5.000000000000000000e+01
1.151000000000000000e+03,0.000000000000000000e+00,3.354777577416954415e+01,-6.078944342671324108e+00,3.887085664424069620e+01,7.558634726001752790e-01,0.000000000000000000e+00,4.300000000000000000e+01,4.444985396116737775e+01,5.000000000000000000e+01
1.152000000000000000e+03,0.000000000000000000e+00,3.355388708438236023e+01,-6.030061099616545128e+00,3.883419973786004675e+01,7.497484461388594923e-01,0.000000000000000000e+00,4.300000000000000000e+01,4.443819389310506551e+01,5.000000000000000000e+01
1.153000000000000000e+03,0.000000000000000000e+00,3.355996150034167158e+01,-5.981565923740474133e+00,3.879783763498016214e+01,7.436897891019865758e-01,0.000000000000000000e+00,4.300000000000000000e+01,4.442662638703312439e+01,5.000000000000000000e+01
1.154000000000000000e+03,0.000000000000000000e+00,3.356599880649131507e+01,-5.933455720746079187e+00,3.876176799534037087e+01,7.376865318970236007e-01,0.000000000000000000e+00,4.300000000000000000e+01,4.441515070686074296e+01,5.000000000000000000e+01
1.155000000000000000e+03,0.000000000000000000e+00,3.357199880872366293e+01,-5.885727429171526026e+00,3.872598849729069315e+01,7.317377406044918153e-01,0.000000000000000000e+00,4.300000000000000000e+01,4.440376612411752433e+01,5.000000000000000000e+01
1.156000000000000000e+03,0.000000000000000000e+00,3.357796133395356719e+01,-5.838378019248906092e+00,3.869049683759921265e+01,7.258425156032605186e-01,0.000000000000000000e+00,4.300000000000000000e+01,4.439247191769775469e+01,5.000000000000000000e+01
1.157000000000000000e+03,0.000000000000000000e+00,3.358388622964264414e+01,-5.791404491840630442e+00,3.865529073126583626e+01,7.199999902174363253e-01,0.000000000000000000e+00,4.300000000000000000e+01,4.438126737362220808e+01,5.000000000000000000e+01
1.158000000000000000e+03,0.000000000000000000e+00,3.358977336328116081e+01,-5.744803877448756424e+00,3.862036791134213587e+01,7.142093293877770366e-01,0.000000000000000000e+00,4.300000000000000000e+01,4.437015178481616573e+01,5.000000000000000000e+01
1.159000000000000000e+03,0.000000000000000000e+00,3.359562262183610670e+01,-5.698573235291748418e+00,3.858572612875677521e+01,7.084697283710759130e-01,0.000000000000000000e+00,4.300000000000000000e+01,4.435912445090271916e+01,5.000000000000000000e+01
1.160000000000000000e+03,0.000000000000000000e+00,3.360143391117056666e+01,-5.652709652444813493e+00,3.855136315214616616e+01,7.027804114692101090e-01,0.000000000000000000e+00,4.300000000000000000e+01,4.434818467801029840e+01,5.000000000000000000e+01
1.161000000000000000e+03,0.000000000000000000e+00,3.360720715544054116e+01,-5.607210243039392417e+00,3.851727676768999942e+01,6.971406307899294941e-01,0.000000000000000000e+00,4.300000000000000000e+01,4.433733177859345176e+01,5.000000000000000000e+01
1.162000000000000000e+03,0.000000000000000000e+00,3.361294229647450749e+01,-5.562072147517768350e+00,3.848346477895128714e+01,6.915496650409882484e-01,0.000000000000000000e+00,4.300000000000000000e+01,4.432656507126594647e+01,5.000000000000000000e+01
1.163000000000000000e+03,0.000000000000000000e+00,3.361863929314068145e+01,-5.517292531938919886e+00,3.844992500672065461e+01,6.860068183589465018e-01,0.000000000000000000e+00,4.300000000000000000e+01,4.431588388064542983e+01,5.000000000000000000e+01
1.164000000000000000e+03,0.000000000000000000e+00,3.362429812070529778e+01,-5.472868587332452961e+00,3.841665528886453274e+01,6.805114191732197781e-01,0.000000000000000000e+00,4.300000000000000000e+01,4.430528753720872714e+01,5.000000000000000000e+01
1.165000000000000000e+03,0.000000000000000000e+00,3.362991877018678366e+01,-5.428797529096773822e+00,3.838365348017701706e+01,6.750628191065459749e-01,0.000000000000000000e+00,4.300000000000000000e+01,4.429477537715712288e+01,5.000000000000000000e+01
1.166000000000000000e+03,0.000000000000000000e+00,3.363550124770826955e+01,-5.385076596438781671e+00,3.835091745223513726e+01,6.696603919119137327e-01,0.000000000000000000e+00,4.300000000000000000e+01,4.428434674229083612e+01,5.000000000000000000e+01
1.167000000000000000e+03,0.000000000000000000e+00,3.364104557385203265e+01,-5.341703051851802719e+00,3.831844509325731707e+01,6.643035324465167424e-01,0.000000000000000000e+00,4.300000000000000000e+01,4.427400097989210792e+01,5.000000000000000000e+01
1.168000000000000000e+03,0.000000000000000000e+00,3.364655178301786265e+01,-5.298674180629341812e+00,3.828623430796474025e+01,6.589916556824607641e-01,0.000000000000000000e+00,4.300000000000000000e+01,4.426373744261618981e+01,5.000000000000000000e+01
1.169000000000000000e+03,0.000000000000000000e+00,3.365201992278829835e+01,-5.255987290411690438e+00,3.825428301744552329e+01,6.537241957544663862e-01,0.000000000000000000e+00,4.300000000000000000e+01,4.425355548838969355e+01,5.000000000000000000e+01
1.170000000000000000e+03,0.000000000000000000e+00,3.365745005330239792e+01,-5.213639710763161794e+00,3.822258915902143173e+01,6.485006050441287639e-01,0.000000000000000000e+00,4.300000000000000000e+01,4.424345448031575501e+01,5.000000000000000000e+01
1.171000000000000000e+03,0.000000000000000000e+00,3.366284224663971258e+01,-5.171628792777651640e+00,3.819115068611700536e+01,6.433203533003593044e-01,0.000000000000000000e+00,4.300000000000000000e+01,4.423343378658548630e+01,5.000000000000000000e+01
1.172000000000000000e+03,0.000000000000000000e+00,3.366819658621612632e+01,-5.129951908710367547e+00,3.815996556813092155e+01,6.381829267955709817e-01,0.000000000000000000e+00,4.300000000000000000e+01,4.422349278039522602e+01,5.000000000000000000e+01
1.173000000000000000e+03,0.000000000000000000e+00,3.367351316619284063e+01,-5.088606451633663319e+00,3.812903179030944045e+01,6.330878275170659375e-01,0.000000000000000000e+00,4.300000000000000000e+01,4.421363083986916109e+01,5.000000000000000000e+01
1.174000000000000000e+03,0.000000000000000000e+00,3.367879209089947068e+01,-5.047589835115214640e+00,3.809834735362181135e+01,6.280345723928713042e-01,0.000000000000000000e+00,4.300000000000000000e+01,4.420384734798689408e+01,5.000000000000000000e+01
1.175000000000000000e+03,0.000000000000000000e+00,3.368403347427206285e+01,-5.006899492916769390e+00,3.806791027463751220e+01,6.230226925513204783e-01,0.000000000000000000e+00,4.300000000000000000e+01,4.419414169251552238e+01,5.000000000000000000e+01
1.176000000000000000e+03,0.000000000000000000e+00,3.368923743930731973e+01,-4.966532878711655385e+00,3.803771858540522288e+01,6.180517326137526801e-01,0.000000000000000000e+00,4.300000000000000000e+01,4.418451326594597361e+01,5.000000000000000000e+01
1.177000000000000000e+03,0.000000000000000000e+00,3.369440411753242870e+01,-4.926487465820000189e+00,3.800777033333336874e+01,6.131212500190604819e-01,0.000000000000000000e+00,4.300000000000000000e+01,4.417496146543310687e+01,5.000000000000000000e+01
1.178000000000000000e+03,0.000000000000000000e+00,3.369953364849241950e+01,-4.886760746959598833e+00,3.797806358107221314e+01,6.082308143798057509e-01,0.000000000000000000e+00,4.300000000000000000e+01,4.416548569273940217e+01,5.000000000000000000e+01
1.179000000000000000e+03,0.000000000000000000e+00,3.370462617925408466e+01,-4.847350234011721604e+00,3.794859640639737108e+01,6.033800068684370688e-01,0.000000000000000000e+00,4.300000000000000000e+01,4.415608535418184033e+01,5.000000000000000000e+01
1.180000000000000000e+03,0.000000000000000000e+00,3.370968186392754973e+01,-4.808253457800179653e+00,3.791936690209463734e+01,5.985684196330924856e-01,0.000000000000000000e+00,4.300000000000000000e+01,4.414675986058178836e+01,5.000000000000000000e+01
1.181000000000000000e+03,0.000000000000000000e+00,3.371470086320489656e+01,-4.769467967882892623e+00,3.789037317584610776e+01,5.937956552416812084e-01,0.000000000000000000e+00,4.300000000000000000e+01,4.413750862721754231e+01,5.000000000000000000e+01
1.182000000000000000e+03,0.000000000000000000e+00,3.371968334391665678e+01,-4.730991332354512302e+00,3.786161335011750850e+01,5.890613261536609135e-01,0.000000000000000000e+00,4.300000000000000000e+01,4.412833107377941388e+01,5.000000000000000000e+01
1.183000000000000000e+03,0.000000000000000000e+00,3.372462947860505977e+01,-4.692821137659627162e+00,3.783308556204662665e+01,5.843650542180581775e-01,0.000000000000000000e+00,4.300000000000000000e+01,4.411922662432699838e+01,5.000000000000000000e+01
1.184000000000000000e+03,0.000000000000000000e+00,3.372953944511517221e+01,-4.654954988415028083e+00,3.780478796333285629e+01,5.797064701973440037e-01,0.000000000000000000e+00,4.300000000000000000e+01,4.411019470724854585e+01,5.000000000000000000e+01
1.185000000000000000e+03,0.000000000000000000e+00,3.373441342620269978e+01,-4.617390507240740405e+00,3.777671872012774656e+01,5.750852133156978407e-01,0.000000000000000000e+00,4.300000000000000000e+01,4.410123475522219394e+01,5.000000000000000000e+01
1.186000000000000000e+03,0.000000000000000000e+00,3.373925160915869270e+01,-4.580125334598778686e+00,3.774887601292653727e+01,5.705009308309316740e-01,0.000000000000000000e+00,4.300000000000000000e+01,4.409234620517889169e+01,5.000000000000000000e+01
1.187000000000000000e+03,0.000000000000000000e+00,3.374405418545082114e+01,-4.543157128638947384e+00,3.772125803646064668e+01,5.659532776291168465e-01,0.000000000000000000e+00,4.300000000000000000e+01,4.408352849826687958e+01,5.000000000000000000e+01
1.188000000000000000e+03,0.000000000000000000e+00,3.374882135038080833e+01,-4.506483565051114581e+00,3.769386299959103326e+01,5.614419158408854305e-01,0.000000000000000000e+00,4.300000000000000000e+01,4.407478107981754079e+01,5.000000000000000000e+01
1.189000000000000000e+03,0.000000000000000000e+00,3.375355330275790777e+01,-4.470102336923175379e+00,3.766668912520244561e+01,5.569665144786406508e-01,0.000000000000000000e+00,4.300000000000000000e+01,4.406610339931251730e+01,5.000000000000000000e+01
1.190000000000000000e+03,0.000000000000000000e+00,3.375825024458783474e+01,-4.434011154604294624e+00,3.763973465009846819e+01,5.525267490936607295e-01,0.000000000000000000e+00,4.300000000000000000e+01,4.405749491035201970e+01,5.000000000000000000e+01
1.191000000000000000e+03,0.000000000000000000e+00,3.376291238077632784e+01,-4.398207745573099459e+00,3.761299782489741261e+01,5.481223014520110182e-01,0.000000000000000000e+00,4.300000000000000000e+01,4.404895507062406068e+01,5.000000000000000000e+01
1.192000000000000000e+03,0.000000000000000000e+00,3.376753991884826434e+01,-4.362689854309717674e+00,3.758647691392896206e+01,5.437528592290267193e-01,0.000000000000000000e+00,4.300000000000000000e+01,4.404048334187470459e+01,5.000000000000000000e+01
1.193000000000000000e+03,0.000000000000000000e+00,3.377213306868024745e+01,-4.327455242172049132e+00,3.756017019513156185e+01,5.394181157207372790e-01,0.000000000000000000e+00,4.300000000000000000e+01,4.403207918987909153e+01,5.000000000000000000e+01
1.194000000000000000e+03,0.000000000000000000e+00,3.377669204224731914e+01,-4.292501687275246169e+00,3.753407595995055601e+01,5.351177695720124028e-01,0.000000000000000000e+00,4.300000000000000000e+01,4.402374208441324299e+01,5.000000000000000000e+01
1.195000000000000000e+03,0.000000000000000000e+00,3.378121705338283931e+01,-4.257826984374455392e+00,3.750819251323703440e+01,5.308515245202581889e-01,0.000000000000000000e+00,4.300000000000000000e+01,4.401547149922647861e+01,5.000000000000000000e+01
1.196000000000000000e+03,0.000000000000000000e+00,3.378570831755153137e+01,-4.223428944750093450e+00,3.748251817314736911e+01,5.266190891542622543e-01,0.000000000000000000e+00,4.300000000000000000e+01,4.400726691201447238e+01,5.000000000000000000e+01
1.197000000000000000e+03,0.000000000000000000e+00,3.379016605163469222e+01,-4.189305396095790002e+00,3.745705127104344001e+01,5.224201766870417707e-01,0.000000000000000000e+00,4.300000000000000000e+01,4.399912780439280624e+01,5.000000000000000000e+01
1.198000000000000000e+03,0.000000000000000000e+00,3.379459047372743896e+01,-4.155454182408389485e+00,3.743179015139354249e+01,5.182545047422881801e-01,0.000000000000000000e+00,4.300000000000000000e+01,4.399105366187102106e+01,5.000000000000000000e+01
1.199000000000000000e+03,0.000000000000000000e+00,3.379898180294735255e+01,-4.121873163880030333e+00,3.740673317167390621e+01,5.141217951534801101e-01,0.000000000000000000e+00,4.300000000000000000e+01,4.398304397382704423e+01,5.000000000000000000e+01
1.200000000000000000e+03,0.000000000000000000e+00,3.380334025925439789e+01,-4.088560216791786495e+00,3.738187870227091736e+01,5.100217737752655855e-01,0.000000000000000000e+00,4.300000000000000000e+01,4.397509823348202218e+01,5.000000000000000000e+01
1.201000000000000000e+03,0.000000000000000000e+00,3.380766606328110413e+01,-4.055513233408996498e+00,3.735722512638393056e+01,5.059541703061656293e-01,0.000000000000000000e+00,4.300000000000000000e+01,4.396721593787542304e+01,5.000000000000000000e+01
1.202000000000000000e+03,0.000000000000000000e+00,3.381195943617338884e+01,-4.022730121877707177e+00,3.733277083992874879e+01,5.019187181223485616e-01,0.000000000000000000e+00,4.300000000000000000e+01,4.395939658784051574e+01,5.000000000000000000e+01
1.203000000000000000e+03,0.000000000000000000e+00,3.381622059944029246e+01,-3.990208806122694796e+00,3.730851425144167877e+01,4.979151541213053256e-01,0.000000000000000000e+00,4.300000000000000000e+01,4.395163968797997001e+01,5.000000000000000000e+01
1.204000000000000000e+03,0.000000000000000000e+00,3.382044977481400849e+01,-3.957947225745980901e+00,3.728445378198425431e+01,4.939432185757404170e-01,0.000000000000000000e+00,4.300000000000000000e+01,4.394394474664181161e+01,5.000000000000000000e+01
1.205000000000000000e+03,0.000000000000000000e+00,3.382464718411776516e+01,-3.925943335926830091e+00,3.726058786504852804e+01,4.900026549960713185e-01,0.000000000000000000e+00,4.300000000000000000e+01,4.393631127589546281e+01,5.000000000000000000e+01
1.206000000000000000e+03,0.000000000000000000e+00,3.382881304914288023e+01,-3.894195107322097726e+00,3.723691494646298139e+01,4.860932100019951241e-01,0.000000000000000000e+00,4.300000000000000000e+01,4.392873879150799610e+01,5.000000000000000000e+01
1.207000000000000000e+03,0.000000000000000000e+00,3.383294759153358200e+01,-3.862700525967468934e+00,3.721343348429904552e+01,4.822146332020061932e-01,0.000000000000000000e+00,4.300000000000000000e+01,4.392122681292055120e+01,5.000000000000000000e+01
1.208000000000000000e+03,0.000000000000000000e+00,3.383705103267934078e+01,-3.831457593179375287e+00,3.719014194877819790e+01,4.783666770805148349e-01,0.000000000000000000e+00,4.300000000000000000e+01,4.391377486322481616e+01,5.000000000000000000e+01
1.209000000000000000e+03,0.000000000000000000e+00,3.384112359361493105e+01,-3.800464325457176162e+00,3.716703882217967703e+01,4.745490968924327424e-01,0.000000000000000000e+00,4.300000000000000000e+01,4.390638246913968601e+01,5.000000000000000000e+01
1.210000000000000000e+03,0.000000000000000000e+00,3.384516549492695248e+01,-3.769718754386082171e+00,3.714412259874875843e+01,4.707616505642744364e-01,0.000000000000000000e+00,4.300000000000000000e+01,4.389904916098797116e+01,5.000000000000000000e+01
1.211000000000000000e+03,0.000000000000000000e+00,3.384917695666720050e+01,-3.739218926540281984e+00,3.712139178460565603e+01,4.670040986018249018e-01,0.000000000000000000e+00,4.300000000000000000e+01,4.389177447267322663e+01,5.000000000000000000e+01
1.212000000000000000e+03,0.000000000000000000e+00,3.385315819827205530e+01,-3.708962903386573640e+00,3.709884489765497761e+01,4.632762040036491058e-01,0.000000000000000000e+00,4.300000000000000000e+01,4.388455794165659540e+01,5.000000000000000000e+01
1.213000000000000000e+03,0.000000000000000000e+00,3.385710943848818033e+01,-3.678948761188054473e+00,3.707648046749577730e+01,4.595777321804581095e-01,0.000000000000000000e+00,4.300000000000000000e+01,4.387739910893380824e+01,5.000000000000000000e+01
1.214000000000000000e+03,0.000000000000000000e+00,3.386103089530311649e+01,-3.649174590908460747e+00,3.705429703533219765e+01,4.559084508793793677e-01,0.000000000000000000e+00,4.300000000000000000e+01,4.387029751901211938e+01,5.000000000000000000e+01
1.215000000000000000e+03,0.000000000000000000e+00,3.386492278588208649e+01,-3.619638498116242165e+00,3.703229315388468024e+01,4.522681301136508569e-01,0.000000000000000000e+00,4.300000000000000000e+01,4.386325271988742713e+01,5.000000000000000000e+01
1.216000000000000000e+03,0.000000000000000000e+00,3.386878532650876394e+01,-3.590338602889405095e+00,3.701046738730176600e+01,4.486565420964042650e-01,0.000000000000000000e+00,4.300000000000000000e+01,4.385626426302133041e+01,5.000000000000000000e+01
1.217000000000000000e+03,0.000000000000000000e+00,3.387261873253159905e+01,-3.561273039720085798e+00,3.698881831107246398e+01,4.450734611792209194e-01,0.000000000000000000e+00,4.300000000000000000e+01,4.384933170331828478e+01,5.000000000000000000e+01
1.218000000000000000e+03,0.000000000000000000e+00,3.387642321831418002e+01,-3.532439957419544641e+00,3.696734451193921700e+01,4.415186637945021086e-01,0.000000000000000000e+00,4.300000000000000000e+01,4.384245459910279408e+01,5.000000000000000000e+01
1.219000000000000000e+03,0.000000000000000000e+00,3.388019899718975125e+01,-3.503837519023301095e+00,3.694604458781141432e+01,4.379919284016397518e-01,0.000000000000000000e+00,4.300000000000000000e+01,4.383563251209662326e+01,5.000000000000000000e+01
1.220000000000000000e+03,0.000000000000000000e+00,3.388394628141993792e+01,-3.475463901696361990e+00,3.692491714767952260e+01,4.344930354367836922e-01,0.000000000000000000e+00,4.300000000000000000e+01,4.382886500739606817e+01,5.000000000000000000e+01
1.221000000000000000e+03,0.000000000000000000e+00,3.388766528215688112e+01,-3.447317296638682915e+00,3.690396081152974261e+01,4.310217672658214205e-01,0.000000000000000000e+00,4.300000000000000000e+01,4.382215165344922525e+01,5.000000000000000000e+01
1.222000000000000000e+03,0.000000000000000000e+00,3.389135620940921712e+01,-3.419395908990633615e+00,3.688317421025928411e+01,4.275779081405716164e-01,0.000000000000000000e+00,4.300000000000000000e+01,4.381549202203337501e+01,5.000000000000000000e+01
1.223000000000000000e+03,0.000000000000000000e+00,3.389501927201078502e+01,-3.391697957738930125e+00,3.686255598559218072e+01,4.241612441575306480e-01,0.000000000000000000e+00,4.300000000000000000e+01,4.380888568823230145e+01,5.000000000000000000e+01
1.224000000000000000e+03,0.000000000000000000e+00,3.389865467759307194e+01,-3.364221675622308894e+00,3.684210478999569460e+01,4.207715632196865063e-01,0.000000000000000000e+00,4.300000000000000000e+01,4.380233223041374657e+01,5.000000000000000000e+01
1.225000000000000000e+03,0.000000000000000000e+00,3.390226263255995320e+01,-3.336965309037755123e+00,3.682181928659728953e+01,4.174086550004192375e-01,0.000000000000000000e+00,4.300000000000000000e+01,4.379583123020683644e+01,5.000000000000000000e+01
1.226000000000000000e+03,0.000000000000000000e+00,3.390584334206553763e+01,-3.309927117946616537e+00,3.680169814910217241e+01,4.140723109099786470e-01,0.000000000000000000e+00,4.300000000000000000e+01,4.378938227247959958e+01,5.000000000000000000e+01
1.227000000000000000e+03,0.000000000000000000e+00,3.390939700999419415e+01,-3.283105375781101287e+00,3.678174006171140320e+01,4.107623240638950124e-01,0.000000000000000000e+00,4.300000000000000000e+01,4.378298494531648544e+01,5.000000000000000000e+01
1.228000000000000000e+03,0.000000000000000000e+00,3.391292383894335671e+01,-3.256498369350774524e+00,3.676194371904058045e+01,4.074784892535487923e-01,0.000000000000000000e+00,4.300000000000000000e+01,4.377663883999598227e+01,5.000000000000000000e+01
1.229000000000000000e+03,0.000000000000000000e+00,3.391642403020796337e+01,-3.230104398749470640e+00,3.674230782603906675e+01,4.042206029183660898e-01,0.000000000000000000e+00,4.300000000000000000e+01,4.377034355096824925e+01,5.000000000000000000e+01
1.230000000000000000e+03,0.000000000000000000e+00,3.391989778376741071e+01,-3.203921777262261905e+00,3.672283109790981115e+01,4.009884631198594174e-01,0.000000000000000000e+00,4.300000000000000000e+01,4.376409867583277702e+01,5.000000000000000000e+01
1.231000000000000000e+03,0.000000000000000000e+00,3.392334529827451917e+01,-3.177948831272547459e+00,3.670351226002973277e+01,3.977818695173324093e-01,0.000000000000000000e+00,4.300000000000000000e+01,4.375790381531619744e+01,5.000000000000000000e+01
1.232000000000000000e+03,0.000000000000000000e+00,3.392676677104554983e+01,-3.152183900169762687e+00,3.668435004787064457e+01,3.946006233446666678e-01,0.000000000000000000e+00,4.300000000000000000e+01,4.375175857325004358e+01,5.000000000000000000e+01
1.233000000000000000e+03,0.000000000000000000e+00,3.393016239805275802e+01,-3.126625336256880772e+00,3.666534320692075255e+01,3.914445273888877974e-01,0.000000000000000000e+00,4.300000000000000000e+01,4.374566255654866609e+01,5.000000000000000000e+01
1.234000000000000000e+03,0.000000000000000000e+00,3.393353237391774258e+01,-3.101271504658564826e+00,3.664649049260671632e+01,3.883133859695906409e-01,0.000000000000000000e+00,4.300000000000000000e+01,4.373961537518712817e+01,5.000000000000000000e+01
1.235000000000000000e+03,0.000000000000000000e+00,3.393687689190689127e+01,-3.076120783229231659e+00,3.662779067021626389e+01,3.852070049198532686e-01,0.000000000000000000e+00,4.300000000000000000e+01,4.373361664217924272e+01,5.000000000000000000e+01
1.236000000000000000e+03,0.000000000000000000e+00,3.394019614392755813e+01,-3.051171562461706177e+00,3.660924251482136071e+01,3.821251915679045319e-01,0.000000000000000000e+00,4.300000000000000000e+01,4.372766597355563789e+01,5.000000000000000000e+01
1.237000000000000000e+03,0.000000000000000000e+00,3.394349032052586779e+01,-3.026422245395995692e+00,3.659084481120193288e+01,3.790677547199345354e-01,0.000000000000000000e+00,4.300000000000000000e+01,4.372176298834193631e+01,5.000000000000000000e+01
1.238000000000000000e+03,0.000000000000000000e+00,3.394675961088525895e+01,-3.001871247528532294e+00,3.657259635377015172e+01,3.760345046436392447e-01,0.000000000000000000e+00,4.300000000000000000e+01,4.371590730853694140e+01,5.000000000000000000e+01
1.239000000000000000e+03,0.000000000000000000e+00,3.395000420282666909e+01,-2.977516996721451203e+00,3.655449594649525125e+01,3.730252530528624377e-01,0.000000000000000000e+00,4.300000000000000000e+01,4.371009855909100139e+01,5.000000000000000000e+01
1.240000000000000000e+03,0.000000000000000000e+00,3.395322428280890392e+01,-2.953357933112604083e+00,3.653654240282891408e+01,3.700398130925983686e-01,0.000000000000000000e+00,4.300000000000000000e+01,4.370433636788437326e+01,5.000000000000000000e+01
1.241000000000000000e+03,0.000000000000000000e+00,3.395642003593064118e+01,-2.929392509025571023e+00,3.651873454563119026e+01,3.670779993250200546e-01,0.000000000000000000e+00,4.300000000000000000e+01,4.369862036570572883e+01,5.000000000000000000e+01
1.242000000000000000e+03,0.000000000000000000e+00,3.395959164593261193e+01,-2.905619188880268489e+00,3.650107120709696318e+01,3.641396277159112960e-01,0.000000000000000000e+00,4.300000000000000000e+01,4.369295018623071769e+01,5.000000000000000000e+01
1.243000000000000000e+03,0.000000000000000000e+00,3.396273929520097568e+01,-2.882036449103788645e+00,3.648355122868295553e+01,3.612245156218060749e-01,0.000000000000000000e+00,4.300000000000000000e+01,4.368732546600062960e+01,5.000000000000000000e+01
1.244000000000000000e+03,0.000000000000000000e+00,3.396586316477124967e+01,-2.858642778041655230e+00,3.646617346103528234e+01,3.583324817776210036e-01,0.000000000000000000e+00,4.300000000000000000e+01,4.368174584440118480e+01,5.000000000000000000e+01
1.245000000000000000e+03,0.000000000000000000e+00,3.396896343433256504e+01,-2.835436675869611900e+00,3.644893676391753701e+01,3.554633462846377157e-01,0.000000000000000000e+00,4.300000000000000000e+01,4.367621096364135980e+01,5.000000000000000000e+01
1.246000000000000000e+03,0.000000000000000000e+00,3.397204028223300298e+01,-2.812416654505554003e+00,3.643184000613938878e+01,3.526169305991688763e-01,0.000000000000000000e+00,4.300000000000000000e+01,4.367072046873236957e+01,5.000000000000000000e+01
1.247000000000000000e+03,0.000000000000000000e+00,3.397509388548503750e+01,-2.789581237522117174e+00,3.641488206548575590e+01,3.497930575213931137e-01,0.000000000000000000e+00,4.300000000000000000e+01,4.366527400746672072e+01,5.000000000000000000e+01
1.248000000000000000e+03,0.000000000000000000e+00,3.397812441977161058e+01,-2.766928960059555465e+00,3.639806182864649031e+01,3.469915511846773382e-01,0.000000000000000000e+00,4.300000000000000000e+01,4.365987123039738549e+01,5.000000000000000000e+01
1.249000000000000000e+03,0.000000000000000000e+00,3.398113205945259807e+01,-2.744458368739125742e+00,3.638137819114655969e+01,3.442122370451612401e-01,0.000000000000000000e+00,4.300000000000000000e+01,4.365451179081706812e+01,5.000000000000000000e+01
1.250000000000000000e+03,0.000000000000000000e+00,3.398411697757163097e+01,-2.722168021576853114e+00,3.636483005727679085e+01,3.414549418716952278e-01,0.000000000000000000e+00,4.300000000000000000e+01,4.364919534473760621e+01,5.000000000000000000e+01
1.251000000000000000e+03,0.000000000000000000e+00,3.398707934586321500e+01,-2.700056487897861235e+00,3.634841634002513189e+01,3.387194937359433444e-01,0.000000000000000000e+00,4.300000000000000000e+01,4.364392155086942182e+01,5.000000000000000000e+01
1.252000000000000000e+03,0.000000000000000000e+00,3.399001933476047554e+01,-2.678122348250906892e+00,3.633213596100841158e+01,3.360057220029695202e-01,0.000000000000000000e+00,4.300000000000000000e+01,4.363869007060117156e+01,5.000000000000000000e+01
1.253000000000000000e+03,0.000000000000000000e+00,3.399293711340256863e+01,-2.656364194323743710e+00,3.631598785040461763e+01,3.333134573216963714e-01,0.000000000000000000e+00,4.300000000000000000e+01,4.363350056797943921e+01,5.000000000000000000e+01
1.254000000000000000e+03,0.000000000000000000e+00,3.399583284964290897e+01,-2.634780628858660378e+00,3.629997094688572190e+01,3.306425316158508876e-01,0.000000000000000000e+00,4.300000000000000000e+01,4.362835270968858481e+01,5.000000000000000000e+01
1.255000000000000000e+03,0.000000000000000000e+00,3.399870671005720624e+01,-2.613370265568673911e+00,3.628408419755096048e+01,3.279927780749233857e-01,0.000000000000000000e+00,4.300000000000000000e+01,4.362324616503066466e+01,5.000000000000000000e+01
1.256000000000000000e+03,0.000000000000000000e+00,3.400155885995211946e+01,-2.592131729054012901e+00,3.626832655786066084e+01,3.253640311454684131e-01,0.000000000000000000e+00,4.300000000000000000e+01,4.361818060590555035e+01,5.000000000000000000e+01
1.257000000000000000e+03,0.000000000000000000e+00,3.400438946337337143e+01,-2.571063654719432989e+00,3.625269699157057346e+01,3.227561265222302356e-01,0.000000000000000000e+00,4.300000000000000000e+01,4.361315570679106202e+01,5.000000000000000000e+01
1.258000000000000000e+03,0.000000000000000000e+00,3.400719868311490046e+01,-2.550164688691587855e+00,3.623719447066667243e+01,3.201689011398188289e-01,0.000000000000000000e+00,4.300000000000000000e+01,4.360817114472330758e+01,5.000000000000000000e+01
1.259000000000000000e+03,0.000000000000000000e+00,3.400998668072738695e+01,-2.529433487737259512e+00,3.622181797530048897e+01,3.176021931641568874e-01,0.000000000000000000e+00,4.300000000000000000e+01,4.360322659927710731e+01,5.000000000000000000e+01
1.260000000000000000e+03,0.000000000000000000e+00,3.401275361652715645e+01,-2.508868719181941209e+00,3.620656649372491387e+01,3.150558419841806290e-01,0.000000000000000000e+00,4.300000000000000000e+01,4.359832175254655340e+01,5.000000000000000000e+01
1.261000000000000000e+03,0.000000000000000000e+00,3.401549964960511119e+01,-2.488469060828985224e+00,3.619143902223051157e+01,3.125296882035850099e-01,0.000000000000000000e+00,4.300000000000000000e+01,4.359345628912564052e+01,5.000000000000000000e+01
1.262000000000000000e+03,0.000000000000000000e+00,3.401822493783612344e+01,-2.468233200879041522e+00,3.617643456508231026e+01,3.100235736328574299e-01,0.000000000000000000e+00,4.300000000000000000e+01,4.358862989608913097e+01,5.000000000000000000e+01
1.263000000000000000e+03,0.000000000000000000e+00,3.402092963788755497e+01,-2.448159837850476084e+00,3.616155213445708227e+01,3.075373412809476181e-01,0.000000000000000000e+00,4.300000000000000000e+01,4.358384226297341968e+01,5.000000000000000000e+01
1.264000000000000000e+03,0.000000000000000000e+00,3.402361390522881379e+01,-2.428247680499785677e+00,3.614679075038109346e+01,3.050708353475065637e-01,0.000000000000000000e+00,4.300000000000000000e+01,4.357909308175761254e+01,5.000000000000000000e+01
1.265000000000000000e+03,0.000000000000000000e+00,3.402627789414029991e+01,-2.408495447742901696e+00,3.613214944066837120e+01,3.026239012148299601e-01,0.000000000000000000e+00,4.300000000000000000e+01,4.357438204684468275e+01,5.000000000000000000e+01
1.266000000000000000e+03,0.000000000000000000e+00,3.402892175772262817e+01,-2.388901868576817744e+00,3.611762724085939169e+01,3.001963854400495624e-01,0.000000000000000000e+00,4.300000000000000000e+01,4.356970885504278357e+01,5.000000000000000000e+01
1.267000000000000000e+03,0.000000000000000000e+00,3.403154564790568060e+01,-2.369465682001868245e+00,3.610322319416029302e+01,2.977881357472522139e-01,0.000000000000000000e+00,4.300000000000000000e+01,4.356507320554665341e+01,5.000000000000000000e+01
1.268000000000000000e+03,0.000000000000000000e+00,3.403414971545790735e+01,-2.350185636944388978e+00,3.608893635138251454e+01,2.953990010197797278e-01,0.000000000000000000e+00,4.300000000000000000e+01,4.356047479991918436e+01,5.000000000000000000e+01
1.269000000000000000e+03,0.000000000000000000e+00,3.403673410999530091e+01,-2.331060492180061949e+00,3.607476577088294079e+01,2.930288312924217431e-01,0.000000000000000000e+00,4.300000000000000000e+01,4.355591334207309018e+01,5.000000000000000000e+01
1.270000000000000000e+03,0.000000000000000000e+00,3.403929897999056209e+01,-2.312089016257668828e+00,3.606071051850447162e+01,2.906774777437566848e-01,0.000000000000000000e+00,4.300000000000000000e+01,4.355138853825270928e+01,5.000000000000000000e+01
1.271000000000000000e+03,0.000000000000000000e+00,3.404184447278218073e+01,-2.293269987423408818e+00,3.604676966751709699e+01,2.883447926884930568e-01,0.000000000000000000e+00,4.300000000000000000e+01,4.354690009701594988e+01,5.000000000000000000e+01
1.272000000000000000e+03,0.000000000000000000e+00,3.404437073458334595e+01,-2.274602193545806728e+00,3.603294229855936948e+01,2.860306295697833678e-01,0.000000000000000000e+00,4.300000000000000000e+01,4.354244772921632034e+01,5.000000000000000000e+01
1.273000000000000000e+03,0.000000000000000000e+00,3.404687791049114765e+01,-2.256084432040975862e+00,3.601922749958039560e+01,2.837348429517331794e-01,0.000000000000000000e+00,4.300000000000000000e+01,4.353803114798513718e+01,5.000000000000000000e+01
1.274000000000000000e+03,0.000000000000000000e+00,3.404936614449533749e+01,-2.237715509798620772e+00,3.600562436578222503e+01,2.814572885117336831e-01,0.000000000000000000e+00,4.300000000000000000e+01,4.353365006871382548e+01,5.000000000000000000e+01
1.275000000000000000e+03,0.000000000000000000e+00,3.405183557948726047e+01,-2.219494243108421472e+00,3.599213199956272291e+01,2.791978230329603128e-01,0.000000000000000000e+00,4.300000000000000000e+01,4.352930420903636843e+01,5.000000000000000000e+01
1.276000000000000000e+03,0.000000000000000000e+00,3.405428635726860875e+01,-2.201419457587039830e+00,3.597874951045884728e+01,2.769563043968058524e-01,0.000000000000000000e+00,4.300000000000000000e+01,4.352499328881182805e+01,5.000000000000000000e+01
1.277000000000000000e+03,0.000000000000000000e+00,3.405671861856055926e+01,-2.183489988105423496e+00,3.596547601509042380e+01,2.747325915755554071e-01,0.000000000000000000e+00,4.300000000000000000e+01,4.352071703010710024e+01,5.000000000000000000e+01
1.278000000000000000e+03,0.000000000000000000e+00,3.405913250301188100e+01,-2.165704678717080611e+00,3.595231063710430419e+01,2.725265446246535883e-01,0.000000000000000000e+00,4.300000000000000000e+01,4.351647515717968417e+01,5.000000000000000000e+01
1.279000000000000000e+03,0.000000000000000000e+00,3.406152814920800864e+01,-2.148062382586418906e+00,3.593925250711897945e+01,2.703380246754445992e-01,0.000000000000000000e+00,4.300000000000000000e+01,4.351226739646063635e+01,5.000000000000000000e+01
1.280000000000000000e+03,0.000000000000000000e+00,3.406390569467947671e+01,-2.130561961917846414e+00,3.592630076266963357e+01,2.681668939276932173e-01,0.000000000000000000e+00,4.300000000000000000e+01,4.350809347653763126e+01,5.000000000000000000e+01
1.281000000000000000e+03,0.000000000000000000e+00,3.406626527591049580e+01,-2.113202287885323827e+00,3.591345454815361649e+01,2.660130156422036429e-01,0.000000000000000000e+00,4.300000000000000000e+01,4.350395312813814996e+01,5.000000000000000000e+01
1.282000000000000000e+03,0.000000000000000000e+00,3.406860702834734411e+01,-2.095982240562440868e+00,3.590071301477633625e+01,2.638762541334470635e-01,0.000000000000000000e+00,4.300000000000000000e+01,4.349984608411281783e+01,5.000000000000000000e+01
1.283000000000000000e+03,0.000000000000000000e+00,3.407093108640658841e+01,-2.078900708853117951e+00,3.588807532049759175e+01,2.617564747621152765e-01,0.000000000000000000e+00,4.300000000000000000e+01,4.349577207941880630e+01,5.000000000000000000e+01
1.284000000000000000e+03,0.000000000000000000e+00,3.407323758348366027e+01,-2.061956590422573399e+00,3.587554062997830329e+01,2.596535439279350488e-01,0.000000000000000000e+00,4.300000000000000000e+01,4.349173085110342640e+01,5.000000000000000000e+01
1.285000000000000000e+03,0.000000000000000000e+00,3.407552665196081421e+01,-2.045148791629086471e+00,3.586310811452766956e+01,2.575673290622304545e-01,0.000000000000000000e+00,4.300000000000000000e+01,4.348772213828778632e+01,5.000000000000000000e+01
1.286000000000000000e+03,0.000000000000000000e+00,3.407779842321545516e+01,-2.028476227456028624e+00,3.585077695205073667e+01,2.554976986207455614e-01,0.000000000000000000e+00,4.300000000000000000e+01,4.348374568215062652e+01,5.000000000000000000e+01
1.287000000000000000e+03,0.000000000000000000e+00,3.408005302762800426e+01,-2.011937821444631069e+00,3.583854632699636511e+01,2.534445220762693851e-01,0.000000000000000000e+00,4.300000000000000000e+01,4.347980122591221885e+01,5.000000000000000000e+01
1.288000000000000000e+03,0.000000000000000000e+00,3.408229059459011268e+01,-1.995532505627022335e+00,3.582641543030562303e+01,2.514076699115170843e-01,0.000000000000000000e+00,4.300000000000000000e+01,4.347588851481843619e+01,5.000000000000000000e+01
1.289000000000000000e+03,0.000000000000000000e+00,3.408451125251244207e+01,-1.979259220459970159e+00,3.581438345936057743e+01,2.493870136118369607e-01,0.000000000000000000e+00,4.300000000000000000e+01,4.347200729612491443e+01,5.000000000000000000e+01
1.290000000000000000e+03,0.000000000000000000e+00,3.408671512883251609e+01,-1.963116914759011289e+00,3.580244961793346903e+01,2.473824256580577086e-01,0.000000000000000000e+00,4.300000000000000000e+01,4.346815731908134239e+01,5.000000000000000000e+01
1.291000000000000000e+03,0.000000000000000000e+00,3.408890235002252922e+01,-1.947104545633111083e+00,3.579061311613630636e+01,2.453937795193291971e-01,0.000000000000000000e+00,4.300000000000000000e+01,4.346433833491587961e+01,5.000000000000000000e+01
1.292000000000000000e+03,0.000000000000000000e+00,3.409107304159693541e+01,-1.931221078419857129e+00,3.577887317037083648e+01,2.434209496459568411e-01,0.000000000000000000e+00,4.300000000000000000e+01,4.346055009681965231e+01,5.000000000000000000e+01
1.293000000000000000e+03,0.000000000000000000e+00,3.409322732812036350e+01,-1.915465486620974822e+00,3.576722900327891352e+01,2.414638114624227949e-01,0.000000000000000000e+00,4.300000000000000000e+01,4.345679235993144829e+01,5.000000000000000000e+01
1.294000000000000000e+03,0.000000000000000000e+00,3.409536533321470131e+01,-1.899836751838674065e+00,3.575567984369326524e+01,2.395222413601132971e-01,0.000000000000000000e+00,4.300000000000000000e+01,4.345306488132243317e+01,5.000000000000000000e+01
1.295000000000000000e+03,0.000000000000000000e+00,3.409748717956701825e+01,-1.884333863712081447e+00,3.574422492658863604e+01,2.375961166904602406e-01,0.000000000000000000e+00,4.300000000000000000e+01,4.344936741998105845e+01,5.000000000000000000e+01
1.296000000000000000e+03,0.000000000000000000e+00,3.409959298893662805e+01,-1.868955819854472677e+00,3.573286349303329246e+01,2.356853157578083502e-01,0.000000000000000000e+00,4.300000000000000000e+01,4.344569973679804065e+01,5.000000000000000000e+01
1.297000000000000000e+03,0.000000000000000000e+00,3.410168288216264187e+01,-1.853701625790798779e+00,3.572159479014094785e+01,2.337897178124943021e-01,0.000000000000000000e+00,4.300000000000000000e+01,4.344206159455148253e+01,5.000000000000000000e+01
1.298000000000000000e+03,0.000000000000000000e+00,3.410375697917108795e+01,-1.838570294895804702e+00,3.571041807102304233e+01,2.319092030438483221e-01,0.000000000000000000e+00,4.300000000000000000e+01,4.343845275789208671e+01,5.000000000000000000e+01
1.299000000000000000e+03,0.000000000000000000e+00,3.410581539898216619e+01,-1.823560848332530737e+00,3.569933259474138509e+01,2.300436525733160764e-01,0.000000000000000000e+00,4.300000000000000000e+01,4.343487299332849005e+01,5.000000000000000000e+01
1.300000000000000000e+03,0.000000000000000000e+00,3.410785825971746021e+01,-1.808672314991317753e+00,3.568833762626119466e+01,2.281929484475824776e-01,0.000000000000000000e+00,4.300000000000000000e+01,4.343132206921274019e+01,5.000000000000000000e+01
1.301000000000000000e+03,0.000000000000000000e+00,3.410988567860669463e+01,-1.793903731429403070e+00,3.567743243640448014e+01,2.263569736316151104e-01,0.000000000000000000e+00,4.300000000000000000e+01,4.342779975572582885e+01,5.000000000000000000e+01
1.302000000000000000e+03,0.000000000000000000e+00,3.411189777199501805e+01,-1.779254141810751255e+00,3.566661630180380627e+01,2.245356120019624258e-01,0.000000000000000000e+00,4.300000000000000000e+01,4.342430582486337443e+01,5.000000000000000000e+01
1.303000000000000000e+03,0.000000000000000000e+00,3.411389465534983856e+01,-1.764722597846507979e+00,3.565588850485641359e+01,2.227287483399320311e-01,0.000000000000000000e+00,4.300000000000000000e+01,4.342084005042140404e+01,5.000000000000000000e+01
1.304000000000000000e+03,0.000000000000000000e+00,3.411587644326767332e+01,-1.750308158735865538e+00,3.564524833367868695e+01,2.209362683248496384e-01,0.000000000000000000e+00,4.300000000000000000e+01,4.341740220798227767e+01,5.000000000000000000e+01
1.305000000000000000e+03,0.000000000000000000e+00,3.411784324948072111e+01,-1.736009891107521019e+00,3.563469508206101466e+01,2.191580585272281667e-01,0.000000000000000000e+00,4.300000000000000000e+01,4.341399207490064782e+01,5.000000000000000000e+01
1.306000000000000000e+03,0.000000000000000000e+00,3.411979518686393931e+01,-1.721826868961280343e+00,3.562422804942295329e+01,2.173940064022658325e-01,0.000000000000000000e+00,4.300000000000000000e+01,4.341060943028959684e+01,5.000000000000000000e+01
1.307000000000000000e+03,0.000000000000000000e+00,3.412173236744148141e+01,-1.707758173610403274e+00,3.561384654076878320e+01,2.156440002831004343e-01,0.000000000000000000e+00,4.300000000000000000e+01,4.340725405500684531e+01,5.000000000000000000e+01
1.308000000000000000e+03,0.000000000000000000e+00,3.412365490239341170e+01,-1.693802893624242634e+00,3.560354986664340515e+01,2.139079293742492949e-01,0.000000000000000000e+00,4.300000000000000000e+01,4.340392573164108825e+01,5.000000000000000000e+01
1.309000000000000000e+03,0.000000000000000000e+00,3.412556290206215692e+01,-1.679960124771415098e+00,3.559333734308856378e+01,2.121856837450020183e-01,0.000000000000000000e+00,4.300000000000000000e+01,4.340062424449843803e+01,5.000000000000000000e+01
1.310000000000000000e+03,0.000000000000000000e+00,3.412745647595885856e+01,-1.666228969963416517e+00,3.558320829159942633e+01,2.104771543228516339e-01,0.000000000000000000e+00,4.300000000000000000e+01,4.339734937958892402e+01,5.000000000000000000e+01
1.311000000000000000e+03,0.000000000000000000e+00,3.412933573277017985e+01,-1.652608539198472615e+00,3.557316203908150243e+01,2.087822328871545841e-01,0.000000000000000000e+00,4.300000000000000000e+01,4.339410092461318413e+01,5.000000000000000000e+01
1.312000000000000000e+03,0.000000000000000000e+00,3.413120078036420324e+01,-1.639097949506188812e+00,3.556319791780791206e+01,2.071008120624805715e-01,0.000000000000000000e+00,4.300000000000000000e+01,4.339087866894917056e+01,5.000000000000000000e+01
1.313000000000000000e+03,0.000000000000000000e+00,3.413305172579705982e+01,-1.625696324892256905e+00,3.555331526537695908e+01,2.054327853123618097e-01,0.000000000000000000e+00,4.300000000000000000e+01,4.338768240363901896e+01,5.000000000000000000e+01
1.314000000000000000e+03,0.000000000000000000e+00,3.413488867531906124e+01,-1.612402796283844308e+00,3.554351342467006702e+01,2.037780469328362154e-01,0.000000000000000000e+00,4.300000000000000000e+01,4.338451192137600287e+01,5.000000000000000000e+01
1.315000000000000000e+03,0.000000000000000000e+00,3.413671173438080331e+01,-1.599216501475335450e+00,3.553379174381003480e+01,2.021364920461015680e-01,0.000000000000000000e+00,4.300000000000000000e+01,4.338136701649156635e+01,5.000000000000000000e+01
1.316000000000000000e+03,0.000000000000000000e+00,3.413852100763951114e+01,-1.586136585074399585e+00,3.552414957611961199e+01,2.005080165943003978e-01,0.000000000000000000e+00,4.300000000000000000e+01,4.337824748494251992e+01,5.000000000000000000e+01
1.317000000000000000e+03,0.000000000000000000e+00,3.414031659896476611e+01,-1.573162198448738724e+00,3.551458628008040819e+01,1.988925173330964025e-01,0.000000000000000000e+00,4.300000000000000000e+01,4.337515312429823666e+01,5.000000000000000000e+01
1.318000000000000000e+03,0.000000000000000000e+00,3.414209861144497893e+01,-1.560292499672833788e+00,3.550510121929212204e+01,1.972898918256899281e-01,0.000000000000000000e+00,4.300000000000000000e+01,4.337208373372806136e+01,5.000000000000000000e+01
1.319000000000000000e+03,0.000000000000000000e+00,3.414386714739292472e+01,-1.547526653475578717e+00,3.549569376243209007e+01,1.957000384364164514e-01,0.000000000000000000e+00,4.300000000000000000e+01,4.336903911398870548e+01,5.000000000000000000e+01
1.320000000000000000e+03,0.000000000000000000e+00,3.414562230835212375e+01,-1.534863831187855077e+00,3.548636328321514100e+01,1.941228563248375560e-01,0.000000000000000000e+00,4.300000000000000000e+01,4.336601906741186951e+01,5.000000000000000000e+01
1.321000000000000000e+03,0.000000000000000000e+00,3.414736419510209942e+01,-1.522303210691053010e+00,3.547710916035379825e+01,1.925582454393547360e-01,0.000000000000000000e+00,4.300000000000000000e+01,4.336302339789180138e+01,5.000000000000000000e+01
1.322000000000000000e+03,0.000000000000000000e+00,3.414909290766493655e+01,-1.509843976365324636e+00,3.546793077751875245e+01,1.910061065115076229e-01,0.000000000000000000e+00,4.300000000000000000e+01,4.336005191087312483e+01,5.000000000000000000e+01
1.323000000000000000e+03,0.000000000000000000e+00,3.415080854531031918e+01,-1.497485319038962093e+00,3.545882752329966792e+01,1.894663410496152667e-01,0.000000000000000000e+00,4.300000000000000000e+01,4.335710441333861809e+01,5.000000000000000000e+01
1.324000000000000000e+03,0.000000000000000000e+00,3.415251120656178330e+01,-1.485226435937567535e+00,3.544979879116630883e+01,1.879388513330451094e-01,0.000000000000000000e+00,4.300000000000000000e+01,4.335418071379717730e+01,5.000000000000000000e+01
1.325000000000000000e+03,0.000000000000000000e+00,3.415420098920210279e+01,-1.473066530633992066e+00,3.544084397942993547e+01,1.864235404061575230e-01,0.000000000000000000e+00,4.300000000000000000e+01,4.335128062227182966e+01,5.000000000000000000e+01
1.326000000000000000e+03,0.000000000000000000e+00,3.415587799027900928e+01,-1.461004812998482283e+00,3.543196249120502017e+01,1.849203120724716154e-01,0.000000000000000000e+00,4.300000000000000000e+01,4.334840395028784599e+01,5.000000000000000000e+01
1.327000000000000000e+03,0.000000000000000000e+00,3.415754230611088360e+01,-1.449040499149237826e+00,3.542315373437128301e+01,1.834290708888442478e-01,0.000000000000000000e+00,4.300000000000000000e+01,4.334555051086098842e+01,5.000000000000000000e+01
1.328000000000000000e+03,0.000000000000000000e+00,3.415919403229199247e+01,-1.437172811403534256e+00,3.541441712153600463e+01,1.819497221595237080e-01,0.000000000000000000e+00,4.300000000000000000e+01,4.334272011848579353e+01,5.000000000000000000e+01
1.329000000000000000e+03,0.000000000000000000e+00,3.416083326369809470e+01,-1.425400978228990478e+00,3.540575206999661617e+01,1.804821719304721961e-01,0.000000000000000000e+00,4.300000000000000000e+01,4.333991258912394073e+01,5.000000000000000000e+01
1.330000000000000000e+03,0.000000000000000000e+00,3.416246009449218946e+01,-1.413724234195192331e+00,3.539715800170363735e+01,1.790263269837458759e-01,0.000000000000000000e+00,4.300000000000000000e+01,4.333712774019281255e+01,5.000000000000000000e+01
1.331000000000000000e+03,0.000000000000000000e+00,3.416407461812924140e+01,-1.402141819926113975e+00,3.538863434322384194e+01,1.775820948315156855e-01,0.000000000000000000e+00,4.300000000000000000e+01,4.333436539055397674e+01,5.000000000000000000e+01
1.332000000000000000e+03,0.000000000000000000e+00,3.416567692736234818e+01,-1.390652982052213993e+00,3.538018052570376426e+01,1.761493837107995786e-01,0.000000000000000000e+00,4.300000000000000000e+01,4.333162536050193836e+01,5.000000000000000000e+01
1.333000000000000000e+03,0.000000000000000000e+00,3.416726711424732343e+01,-1.379256973163654143e+00,3.537179598483346865e+01,1.747281025775085928e-01,0.000000000000000000e+00,4.300000000000000000e+01,4.332890747175284929e+01,5.000000000000000000e+01
1.334000000000000000e+03,0.000000000000000000e+00,3.416884527014831008e+01,-1.367953051763342032e+00,3.536348016081058887e+01,1.733181611010649603e-01,0.000000000000000000e+00,4.300000000000000000e+01,4.332621154743334557e+01,5.000000000000000000e+01
1.335000000000000000e+03,0.000000000000000000e+00,3.417041148574308096e+01,-1.356740482220503141e+00,3.535523249830468728e+01,1.719194696588924876e-01,0.000000000000000000e+00,4.300000000000000000e+01,4.332353741206951270e+01,5.000000000000000000e+01
1.336000000000000000e+03,0.000000000000000000e+00,3.417196585102786344e+01,-1.345618534724788429e+00,3.534705244642186273e+01,1.705319393307879461e-01,0.000000000000000000e+00,4.300000000000000000e+01,4.332088489157586508e+01,5.000000000000000000e+01
1.337000000000000000e+03,0.000000000000000000e+00,3.417350845532283188e+01,-1.334586485240437881e+00,3.533893945866964259e+01,1.691554818936219506e-01,0.000000000000000000e+00,4.300000000000000000e+01,4.331825381324446056e+01,5.000000000000000000e+01
1.338000000000000000e+03,0.000000000000000000e+00,3.417503938727703172e+01,-1.323643615461007172e+00,3.533089299292215912e+01,1.677900098158789655e-01,0.000000000000000000e+00,4.300000000000000000e+01,4.331564400573408591e+01,5.000000000000000000e+01
1.339000000000000000e+03,0.000000000000000000e+00,3.417655873487350249e+01,-1.312789212764389202e+00,3.532291251138559574e+01,1.664354362522950381e-01,0.000000000000000000e+00,4.300000000000000000e+01,4.331305529905954188e+01,5.000000000000000000e+01
1.340000000000000000e+03,0.000000000000000000e+00,3.417806658543413079e+01,-1.302022570168250182e+00,3.531499748056390331e+01,1.650916750384767151e-01,0.000000000000000000e+00,4.300000000000000000e+01,4.331048752458097084e+01,5.000000000000000000e+01
1.341000000000000000e+03,0.000000000000000000e+00,3.417956302562485860e+01,-1.291342986285641592e+00,3.530714737122477942e+01,1.637586406857224064e-01,0.000000000000000000e+00,4.300000000000000000e+01,4.330794051499331943e+01,5.000000000000000000e+01
1.342000000000000000e+03,0.000000000000000000e+00,3.418104814146042969e+01,-1.280749765281175012e+00,3.529936165836592465e+01,1.624362483756744968e-01,0.000000000000000000e+00,4.300000000000000000e+01,4.330541410431583671e+01,5.000000000000000000e+01
1.343000000000000000e+03,0.000000000000000000e+00,3.418252201830942028e+01,-1.270242216827344617e+00,3.529163982118156184e+01,1.611244139551994692e-01,0.000000000000000000e+00,4.300000000000000000e+01,4.330290812788169319e+01,5.000000000000000000e+01
1.344000000000000000e+03,0.000000000000000000e+00,3.418398474089900674e+01,-1.259819656061350157e+00,3.528398134302921108e+01,1.598230539311496223e-01,0.000000000000000000e+00,4.300000000000000000e+01,4.330042242232766370e+01,5.000000000000000000e+01
1.345000000000000000e+03,0.000000000000000000e+00,3.418543639331977602e+01,-1.249481403542189284e+00,3.527638571139673473e+01,1.585320854652352840e-01,0.000000000000000000e+00,4.300000000000000000e+01,4.329795682558387426e+01,5.000000000000000000e+01
1.346000000000000000e+03,0.000000000000000000e+00,3.418687705903062124e+01,-1.239226785208012549e+00,3.526885241786963121e+01,1.572514263689994418e-01,0.000000000000000000e+00,4.300000000000000000e+01,4.329551117686366979e+01,5.000000000000000000e+01
1.347000000000000000e+03,0.000000000000000000e+00,3.418830682086328920e+01,-1.229055132333982447e+00,3.526138095809860573e+01,1.559809950986678628e-01,0.000000000000000000e+00,4.300000000000000000e+01,4.329308531665350301e+01,5.000000000000000000e+01
1.348000000000000000e+03,0.000000000000000000e+00,3.418972576102741101e+01,-1.218965781490221501e+00,3.525397083176736146e+01,1.547207107502686640e-01,0.000000000000000000e+00,4.300000000000000000e+01,4.329067908670297982e+01,5.000000000000000000e+01
1.349000000000000000e+03,0.000000000000000000e+00,3.419113396111474401e+01,-1.208958074500408930e+00,3.524662154256067481e+01,1.534704930544794899e-01,0.000000000000000000e+00,4.300000000000000000e+01,4.328829233001491161e+01,5.000000000000000000e+01
1.350000000000000000e+03,0.000000000000000000e+00,3.419253150210410297e+01,-1.199031358400408420e+00,3.523933259813271235e+01,1.522302623717994574e-01,0.000000000000000000e+00,4.300000000000000000e+01,4.328592489083545303e+01,5.000000000000000000e+01
1.351000000000000000e+03,0.000000000000000000e+00,3.419391846436606386e+01,-1.189184985397249594e+00,3.523210351007558927e+01,1.509999396877207689e-01,0.000000000000000000e+00,4.300000000000000000e+01,4.328357661464438166e+01,5.000000000000000000e+01
1.352000000000000000e+03,0.000000000000000000e+00,3.419529492766716317e+01,-1.179418312828700799e+00,3.522493379388818369e+01,1.497794466076793896e-01,0.000000000000000000e+00,4.300000000000000000e+01,4.328124734814538499e+01,5.000000000000000000e+01
1.353000000000000000e+03,0.000000000000000000e+00,3.419666097117463721e+01,-1.169730703122871862e+00,3.521782296894518538e+01,1.485687053523235546e-01,0.000000000000000000e+00,4.300000000000000000e+01,4.327893693925643959e+01,5.000000000000000000e+01
1.354000000000000000e+03,0.000000000000000000e+00,3.419801667346096252e+01,-1.160121523758199436e+00,3.521077055846641457e+01,1.473676387527474707e-01,0.000000000000000000e+00,4.300000000000000000e+01,4.327664523710026856e+01,5.000000000000000000e+01
1.355000000000000000e+03,0.000000000000000000e+00,3.419936211250831803e+01,-1.150590147223760518e+00,3.520377608948633252e+01,1.461761702457481660e-01,0.000000000000000000e+00,4.300000000000000000e+01,4.327437209199490553e+01,5.000000000000000000e+01
1.356000000000000000e+03,0.000000000000000000e+00,3.420069736571281283e+01,-1.141135950980025182e+00,3.519683909282384349e+01,1.449942238689931884e-01,0.000000000000000000e+00,4.300000000000000000e+01,4.327211735544427995e+01,5.000000000000000000e+01
1.357000000000000000e+03,0.000000000000000000e+00,3.420202250988902648e+01,-1.131758317419701898e+00,3.518995910305229557e+01,1.438217242564363285e-01,0.000000000000000000e+00,4.300000000000000000e+01,4.326988088012889477e+01,5.000000000000000000e+01
1.358000000000000000e+03,0.000000000000000000e+00,3.420333762127447841e+01,-1.122456633828964101e+00,3.518313565846975166e+01,1.426585966336884059e-01,0.000000000000000000e+00,4.300000000000000000e+01,4.326766251989658940e+01,5.000000000000000000e+01
1.359000000000000000e+03,0.000000000000000000e+00,3.420464277553379873e+01,-1.113230292349032924e+00,3.517636830106945212e+01,1.415047668133742054e-01,0.000000000000000000e+00,4.300000000000000000e+01,4.326546212975338790e+01,5.000000000000000000e+01
1.360000000000000000e+03,0.000000000000000000e+00,3.420593804776292046e+01,-1.104078689938114533e+00,3.516965657651055466e+01,1.403601611904762292e-01,0.000000000000000000e+00,4.300000000000000000e+01,4.326327956585436851e+01,5.000000000000000000e+01
1.361000000000000000e+03,0.000000000000000000e+00,3.420722351249356308e+01,-1.095001228333424725e+00,3.516300003408907315e+01,1.392247067379142889e-01,0.000000000000000000e+00,4.300000000000000000e+01,4.326111468549462558e+01,5.000000000000000000e+01
1.362000000000000000e+03,0.000000000000000000e+00,3.420849924369751704e+01,-1.085997314013599890e+00,3.515639822670905090e+01,1.380983310020689747e-01,0.000000000000000000e+00,4.300000000000000000e+01,4.325896734710035929e+01,5.000000000000000000e+01
1.363000000000000000e+03,0.000000000000000000e+00,3.420976531479044525e+01,-1.077066358161637760e+00,3.514985071085396839e+01,1.369809620981157494e-01,0.000000000000000000e+00,4.300000000000000000e+01,4.325683741021992290e+01,5.000000000000000000e+01
1.364000000000000000e+03,0.000000000000000000e+00,3.421102179863654413e+01,-1.068207776627662531e+00,3.514335704655835713e+01,1.358725287058429043e-01,0.000000000000000000e+00,4.300000000000000000e+01,4.325472473551506170e+01,5.000000000000000000e+01
1.365000000000000000e+03,0.000000000000000000e+00,3.421226876755220303e+01,-1.059420989892486897e+00,3.513691679737967632e+01,1.347729600650121040e-01,0.000000000000000000e+00,4.300000000000000000e+01,4.325262918475212359e+01,5.000000000000000000e+01
1.366000000000000000e+03,0.000000000000000000e+00,3.421350629331045923e+01,-1.050705423031055963e+00,3.513052953037036730e+01,1.336821859711460614e-01,0.000000000000000000e+00,4.300000000000000000e+01,4.325055062079336921e+01,5.000000000000000000e+01
1.367000000000000000e+03,0.000000000000000000e+00,3.421473444714506229e+01,-1.042060505676305260e+00,3.512419481605014937e+01,1.326001367712186518e-01,0.000000000000000000e+00,4.300000000000000000e+01,4.324848890758840270e+01,5.000000000000000000e+01
1.368000000000000000e+03,0.000000000000000000e+00,3.421595329975416888e+01,-1.033485671983521481e+00,3.511791222837851478e+01,1.315267433591714996e-01,0.000000000000000000e+00,4.300000000000000000e+01,4.324644391016558131e+01,5.000000000000000000e+01
1.369000000000000000e+03,0.000000000000000000e+00,3.421716292130469128e+01,-1.024980360594612616e+00,3.511168134472748648e+01,1.304619371718196419e-01,0.000000000000000000e+00,4.300000000000000000e+01,4.324441549462353862e+01,5.000000000000000000e+01
1.370000000000000000e+03,0.000000000000000000e+00,3.421836338143625511e+01,-1.016544014602854373e+00,3.510550174585451799e+01,1.294056501845963769e-01,0.000000000000000000e+00,4.300000000000000000e+01,4.324240352812279298e+01,5.000000000000000000e+01
1.371000000000000000e+03,0.000000000000000000e+00,3.421955474926495810e+01,-1.008176081517987432e+00,3.509937301587568470e+01,1.283578149072586438e-01,0.000000000000000000e+00,4.300000000000000000e+01,4.324040787887738446e+01,5.000000000000000000e+01
1.372000000000000000e+03,0.000000000000000000e+00,3.422073709338735625e+01,-9.998760132314354898e-01,3.509329474223901713e+01,1.273183643797757003e-01,0.000000000000000000e+00,4.300000000000000000e+01,4.323842841614657573e+01,5.000000000000000000e+01
1.373000000000000000e+03,0.000000000000000000e+00,3.422191048188456364e+01,-9.916432659817885353e-01,3.508726651569809718e+01,1.262872321682510790e-01,0.000000000000000000e+00,4.300000000000000000e+01,4.323646501022665234e+01,5.000000000000000000e+01
1.374000000000000000e+03,0.000000000000000000e+00,3.422307498232584777e+01,-9.834773003206994657e-01,3.508128793028581072e+01,1.252643523607376019e-01,0.000000000000000000e+00,4.300000000000000000e+01,4.323451753244276574e+01,5.000000000000000000e+01
1.375000000000000000e+03,0.000000000000000000e+00,3.422423066177258733e+01,-9.753775810789583334e-01,3.507535858328837008e+01,1.242496595631734646e-01,0.000000000000000000e+00,4.300000000000000000e+01,4.323258585514084018e+01,5.000000000000000000e+01
1.376000000000000000e+03,0.000000000000000000e+00,3.422537758678199538e+01,-9.673435773328328269e-01,3.506947807521947880e+01,1.232430888953481019e-01,0.000000000000000000e+00,4.300000000000000000e+01,4.323066985167953646e+01,5.000000000000000000e+01
1.377000000000000000e+03,0.000000000000000000e+00,3.422651582341101317e+01,-9.593747623706447847e-01,3.506364600979473067e+01,1.222445759869234677e-01,0.000000000000000000e+00,4.300000000000000000e+01,4.322876939642228677e+01,5.000000000000000000e+01
1.378000000000000000e+03,0.000000000000000000e+00,3.422764543722002628e+01,-9.514706136596422503e-01,3.505786199390622215e+01,1.212540569734520818e-01,0.000000000000000000e+00,4.300000000000000000e+01,4.322688436472940055e+01,5.000000000000000000e+01
1.379000000000000000e+03,0.000000000000000000e+00,3.422876649327655230e+01,-9.436306128131670690e-01,3.505212563759732802e+01,1.202714684923916894e-01,0.000000000000000000e+00,4.300000000000000000e+01,4.322501463295022717e+01,5.000000000000000000e+01
1.380000000000000000e+03,0.000000000000000000e+00,3.422987905615881488e+01,-9.358542455580594055e-01,3.504643655403770452e+01,1.192967476791721854e-01,0.000000000000000000e+00,4.300000000000000000e+01,4.322316007841535423e+01,5.000000000000000000e+01
1.381000000000000000e+03,0.000000000000000000e+00,3.423098318995967304e+01,-9.281410017022089232e-01,3.504079435949848431e+01,1.183298321633935446e-01,0.000000000000000000e+00,4.300000000000000000e+01,4.322132057942889816e+01,5.000000000000000000e+01
1.382000000000000000e+03,0.000000000000000000e+00,3.423207895829008862e+01,-9.204903751024914316e-01,3.503519867332764903e+01,1.173706600649258025e-01,0.000000000000000000e+00,4.300000000000000000e+01,4.321949601526085871e+01,5.000000000000000000e+01
1.383000000000000000e+03,0.000000000000000000e+00,3.423316642428267897e+01,-9.129018636329705449e-01,3.502964911792562219e+01,1.164191699900276739e-01,0.000000000000000000e+00,4.300000000000000000e+01,4.321768626613949493e+01,5.000000000000000000e+01
1.384000000000000000e+03,0.000000000000000000e+00,3.423424565059551128e+01,-9.053749691531884913e-01,3.502414531872104675e+01,1.154753010276478725e-01,0.000000000000000000e+00,4.300000000000000000e+01,4.321589121324380756e+01,5.000000000000000000e+01
1.385000000000000000e+03,0.000000000000000000e+00,3.423531669941538524e+01,-8.979091974768996787e-01,3.501868690414671903e+01,1.145389927455662260e-01,0.000000000000000000e+00,4.300000000000000000e+01,4.321411073869602859e+01,5.000000000000000000e+01
1.386000000000000000e+03,0.000000000000000000e+00,3.423637963246170557e+01,-8.905040583408347921e-01,3.501327350561577134e+01,1.136101851867710177e-01,0.000000000000000000e+00,4.300000000000000000e+01,4.321234472555423878e+01,5.000000000000000000e+01
1.387000000000000000e+03,0.000000000000000000e+00,3.423743451098958701e+01,-8.831590653739955776e-01,3.500790475749799668e+01,1.126888188655882500e-01,0.000000000000000000e+00,4.300000000000000000e+01,4.321059305780497084e+01,5.000000000000000000e+01
1.388000000000000000e+03,0.000000000000000000e+00,3.423848139579361316e+01,-8.758737360668916727e-01,3.500258029709637242e+01,1.117748347641305678e-01,0.000000000000000000e+00,4.300000000000000000e+01,4.320885562035589800e+01,5.000000000000000000e+01
1.389000000000000000e+03,0.000000000000000000e+00,3.423952034721131099e+01,-8.686475917411310421e-01,3.499729976462378289e+01,1.108681743286584476e-01,0.000000000000000000e+00,4.300000000000000000e+01,4.320713229902862196e+01,5.000000000000000000e+01
1.390000000000000000e+03,0.000000000000000000e+00,3.424055142512627725e+01,-8.614801575194251937e-01,3.499206280317989837e+01,1.099687794658046752e-01,0.000000000000000000e+00,4.300000000000000000e+01,4.320542298055143959e+01,5.000000000000000000e+01
1.391000000000000000e+03,0.000000000000000000e+00,3.424157468897188750e+01,-8.543709622955049099e-01,3.498686905872825292e+01,1.090765925391393582e-01,0.000000000000000000e+00,4.300000000000000000e+01,4.320372755255222330e+01,5.000000000000000000e+01
1.392000000000000000e+03,0.000000000000000000e+00,3.424259019773452906e+01,-8.473195387045087124e-01,3.498171818007351419e+01,1.081915563655292400e-01,0.000000000000000000e+00,4.300000000000000000e+01,4.320204590355133689e+01,5.000000000000000000e+01
1.393000000000000000e+03,0.000000000000000000e+00,3.424359800995699032e+01,-8.403254230935203184e-01,3.497660981883890230e+01,1.073136142116081770e-01,0.000000000000000000e+00,4.300000000000000000e+01,4.320037792295460122e+01,5.000000000000000000e+01
1.394000000000000000e+03,0.000000000000000000e+00,3.424459818374180031e+01,-8.333881554923112667e-01,3.497154362944381489e+01,1.064427097902960195e-01,0.000000000000000000e+00,4.300000000000000000e+01,4.319872350104633085e+01,5.000000000000000000e+01
1.395000000000000000e+03,0.000000000000000000e+00,3.424559077675449714e+01,-8.265072795843805276e-01,3.496651926908160135e+01,1.055787872572801905e-01,0.000000000000000000e+00,4.300000000000000000e+01,4.319708252898244183e+01,5.000000000000000000e+01
1.396000000000000000e+03,0.000000000000000000e+00,3.424657584622670470e+01,-8.196823426782887667e-01,3.496153639769753596e+01,1.047217912074623059e-01,0.000000000000000000e+00,4.300000000000000000e+01,4.319545489878352384e+01,5.000000000000000000e+01
1.397000000000000000e+03,0.000000000000000000e+00,3.424755344895991271e+01,-8.129128956788447269e-01,3.495659467796696873e+01,1.038716666717853510e-01,0.000000000000000000e+00,4.300000000000000000e+01,4.319384050332809721e+01,5.000000000000000000e+01
1.398000000000000000e+03,0.000000000000000000e+00,3.424852364132809868e+01,-8.061984930590612164e-01,3.495169377527360410e+01,1.030283591135618404e-01,0.000000000000000000e+00,4.300000000000000000e+01,4.319223923634582718e+01,5.000000000000000000e+01
1.399000000000000000e+03,0.000000000000000000e+00,3.424948647928128764e+01,-7.995386928319317965e-01,3.494683335768799992e+01,1.021918144252181165e-01,0.000000000000000000e+00,4.300000000000000000e+01,4.319065099241079508e+01,5.000000000000000000e+01
1.400000000000000000e+03,0.000000000000000000e+00,3.425044201834882074e+01,-7.929330565224460559e-01,3.494201309594622273e+01,1.013619789250408687e-01,0.000000000000000000e+00,4.300000000000000000e+01,4.318907566693491873e+01,5.000000000000000000e+01
1.401000000000000000e+03,0.000000000000000000e+00,3.425139031364199127e+01,-7.863811491402237230e-01,3.493723266342865230e+01,1.005387993535678814e-01,0.000000000000000000e+00,4.300000000000000000e+01,4.318751315616128039e+01,5.000000000000000000e+01
1.402000000000000000e+03,0.000000000000000000e+00,3.425233141985779639e+01,-7.798825391517653083e-01,3.493249173613897796e+01,9.972222287058325751e-02,0.000000000000000000e+00,4.300000000000000000e+01,4.318596335715761825e+01,5.000000000000000000e+01
1.403000000000000000e+03,0.000000000000000000e+00,3.425326539128163716e+01,-7.734367984533828677e-01,3.492778999268333706e+01,9.891219705168492748e-02,0.000000000000000000e+00,4.300000000000000000e+01,4.318442616780981780e+01,5.000000000000000000e+01
1.404000000000000000e+03,0.000000000000000000e+00,3.425419228179058706e+01,-7.670435023441298794e-01,3.492312711424963112e+01,9.810866988508652742e-02,0.000000000000000000e+00,4.300000000000000000e+01,4.318290148681547436e+01,5.000000000000000000e+01
1.405000000000000000e+03,0.000000000000000000e+00,3.425511214485635492e+01,-7.607022294990273270e-01,3.491850278458701951e+01,9.731158976836269681e-02,0.000000000000000000e+00,4.300000000000000000e+01,4.318138921367749106e+01,5.000000000000000000e+01
1.406000000000000000e+03,0.000000000000000000e+00,3.425602503354839001e+01,-7.544125619424371099e-01,3.491391668998554820e+01,9.652090550527905877e-02,0.000000000000000000e+00,4.300000000000000000e+01,4.317988924869773371e+01,5.000000000000000000e+01
1.407000000000000000e+03,0.000000000000000000e+00,3.425693100053688056e+01,-7.481740850216724859e-01,3.490936851925593487e+01,9.573656630261864753e-02,0.000000000000000000e+00,4.300000000000000000e+01,4.317840149297074248e+01,5.000000000000000000e+01
1.408000000000000000e+03,0.000000000000000000e+00,3.425783009809570956e+01,-7.419863873808437704e-01,3.490485796370954574e+01,9.495852176700483871e-02,0.000000000000000000e+00,4.300000000000000000e+01,4.317692584837747916e+01,5.000000000000000000e+01
1.409000000000000000e+03,0.000000000000000000e+00,3.425872237810546750e+01,-7.358490609348532496e-01,3.490038471713851465e+01,9.418672190180393811e-02,0.000000000000000000e+00,4.300000000000000000e+01,4.317546221757913827e+01,5.000000000000000000e+01
1.410000000000000000e+03,0.000000000000000000e+00,3.425960789205633716e+01,-7.297617008436549924e-01,3.489594847579599701e+01,9.342111710399150781e-02,0.000000000000000000e+00,4.300000000000000000e+01,4.317401050401097962e+01,5.000000000000000000e+01
1.411000000000000000e+03,0.000000000000000000e+00,3.426048669105117028e+01,-7.237239054866034804e-01,3.489154893837662286e+01,9.266165816115029541e-02,0.000000000000000000e+00,4.300000000000000000e+01,4.317257061187624601e+01,5.000000000000000000e+01
1.412000000000000000e+03,0.000000000000000000e+00,3.426135882580824443e+01,-7.177352764371577321e-01,3.488718580599706343e+01,9.190829624834302713e-02,0.000000000000000000e+00,4.300000000000000000e+01,4.317114244614010943e+01,5.000000000000000000e+01
1.413000000000000000e+03,0.000000000000000000e+00,3.426222434666416206e+01,-7.117954184377022209e-01,3.488285878217677549e+01,9.116098292508864609e-02,0.000000000000000000e+00,4.300000000000000000e+01,4.316972591252364566e+01,5.000000000000000000e+01
1.414000000000000000e+03,0.000000000000000000e+00,3.426308330357682053e+01,-7.059039393744869217e-01,3.487856757281887354e+01,9.041967013243518148e-02,0.000000000000000000e+00,4.300000000000000000e+01,4.316832091749790834e+01,5.000000000000000000e+01
1.415000000000000000e+03,0.000000000000000000e+00,3.426393574612805537e+01,-7.000604502529813589e-01,3.487431188619119382e+01,8.968431018984718284e-02,0.000000000000000000e+00,4.300000000000000000e+01,4.316692736827798171e+01,5.000000000000000000e+01
1.416000000000000000e+03,0.000000000000000000e+00,3.426478172352671692e+01,-6.942645651731388368e-01,3.487009143290746493e+01,8.895485579238847362e-02,0.000000000000000000e+00,4.300000000000000000e+01,4.316554517281713998e+01,5.000000000000000000e+01
1.417000000000000000e+03,0.000000000000000000e+00,3.426562128461122825e+01,-6.885159013051053156e-01,3.486590592590864901e+01,8.823126000768444221e-02,0.000000000000000000e+00,4.300000000000000000e+01,4.316417423980102086e+01,5.000000000000000000e+01
1.418000000000000000e+03,0.000000000000000000e+00,3.426645447785247711e+01,-6.828140788649860182e-01,3.486175508044442495e+01,8.751347627303686372e-02,0.000000000000000000e+00,4.300000000000000000e+01,4.316281447864183463e+01,5.000000000000000000e+01
1.419000000000000000e+03,0.000000000000000000e+00,3.426728135135665099e+01,-6.771587210907613619e-01,3.485763861405481379e+01,8.680145839259828522e-02,0.000000000000000000e+00,4.300000000000000000e+01,4.316146579947267270e+01,5.000000000000000000e+01
1.420000000000000000e+03,0.000000000000000000e+00,3.426810195286770977e+01,-6.715494542186148941e-01,3.485355624655196749e+01,8.609516053435400940e-02,0.000000000000000000e+00,4.300000000000000000e+01,4.316012811314178066e+01,5.000000000000000000e+01
1.421000000000000000e+03,0.000000000000000000e+00,3.426891632977039848e+01,-6.659859074591150119e-01,3.484950770000206433e+01,8.539453722744803910e-02,0.000000000000000000e+00,4.300000000000000000e+01,4.315880133120693785e+01,5.000000000000000000e+01
1.422000000000000000e+03,0.000000000000000000e+00,3.426972452909282651e+01,-6.604677129738387720e-01,3.484549269870738897e+01,8.469954335927877553e-02,0.000000000000000000e+00,4.300000000000000000e+01,4.315748536592987250e+01,5.000000000000000000e+01
1.423000000000000000e+03,0.000000000000000000e+00,3.427052659750904695e+01,-6.549945058521445818e-01,3.484151096918853341e+01,8.401013417265555672e-02,0.000000000000000000e+00,4.300000000000000000e+01,4.315618013027069111e+01,5.000000000000000000e+01
1.424000000000000000e+03,0.000000000000000000e+00,3.427132258134181342e+01,-6.495659240880027330e-01,3.483756224016671865e+01,8.332626526309439008e-02,0.000000000000000000e+00,4.300000000000000000e+01,4.315488553788237169e+01,5.000000000000000000e+01
1.425000000000000000e+03,0.000000000000000000e+00,3.427211252656526597e+01,-6.441816085570929440e-01,3.483364624254630826e+01,8.264789257605084649e-02,0.000000000000000000e+00,4.300000000000000000e+01,4.315360150310530685e+01,5.000000000000000000e+01
1.426000000000000000e+03,0.000000000000000000e+00,3.427289647880744639e+01,-6.388412029941082926e-01,3.482976270939740715e+01,8.197497240414915176e-02,0.000000000000000000e+00,4.300000000000000000e+01,4.315232794096188940e+01,5.000000000000000000e+01
1.427000000000000000e+03,0.000000000000000000e+00,3.427367448335282063e+01,-6.335443539702366733e-01,3.482591137593862385e+01,8.130746138443564752e-02,0.000000000000000000e+00,4.300000000000000000e+01,4.315106476715110517e+01,5.000000000000000000e+01
1.428000000000000000e+03,0.000000000000000000e+00,3.427444658514507836e+01,-6.282907108706714538e-01,3.482209197951996060e+01,8.064531649579227690e-02,0.000000000000000000e+00,4.300000000000000000e+01,4.314981189804321104e+01,5.000000000000000000e+01
1.429000000000000000e+03,0.000000000000000000e+00,3.427521282878957010e+01,-6.230799258724770695e-01,3.481830425960584563e+01,7.998849505619654021e-02,0.000000000000000000e+00,4.300000000000000000e+01,4.314856925067444138e+01,5.000000000000000000e+01
1.430000000000000000e+03,0.000000000000000000e+00,3.427597325855577282e+01,-6.179116539225728566e-01,3.481454795775829325e+01,7.933695472005852789e-02,0.000000000000000000e+00,4.300000000000000000e+01,4.314733674274174291e+01,5.000000000000000000e+01
1.431000000000000000e+03,0.000000000000000000e+00,3.427672791838000421e+01,-6.127855527158350135e-01,3.481082281762020614e+01,7.869065347562984036e-02,0.000000000000000000e+00,4.300000000000000000e+01,4.314611429259758779e+01,5.000000000000000000e+01
1.432000000000000000e+03,0.000000000000000000e+00,3.427747685186754723e+01,-6.077012826735231910e-01,3.480712858489878414e+01,7.804954964228673353e-02,0.000000000000000000e+00,4.300000000000000000e+01,4.314490181924475110e+01,5.000000000000000000e+01
1.433000000000000000e+03,0.000000000000000000e+00,3.427822010229569116e+01,-6.026585069215603108e-01,3.480346500734911075e+01,7.741360186813658895e-02,0.000000000000000000e+00,4.300000000000000000e+01,4.314369924233123044e+01,5.000000000000000000e+01
1.434000000000000000e+03,0.000000000000000000e+00,3.427895771261564306e+01,-5.976568912694023572e-01,3.479983183475781061e+01,7.678276912723736025e-02,0.000000000000000000e+00,4.300000000000000000e+01,4.314250648214511585e+01,5.000000000000000000e+01
1.435000000000000000e+03,0.000000000000000000e+00,3.427968972545536985e+01,-5.926961041887023329e-01,3.479622881892687758e+01,7.615701071719968573e-02,0.000000000000000000e+00,4.300000000000000000e+01,4.314132345960955206e+01,5.000000000000000000e+01
1.436000000000000000e+03,0.000000000000000000e+00,3.428041618312185790e+01,-5.877758167923571309e-01,3.479265571365762355e+01,7.553628625659507267e-02,0.000000000000000000e+00,4.300000000000000000e+01,4.314015009627773622e+01,5.000000000000000000e+01
1.437000000000000000e+03,0.000000000000000000e+00,3.428113712760344356e+01,-5.828957028137036200e-01,3.478911227473474099e+01,7.492055568240341135e-02,0.000000000000000000e+00,4.300000000000000000e+01,4.313898631432792996e+01,5.000000000000000000e+01
1.438000000000000000e+03,0.000000000000000000e+00,3.428185260057232142e+01,-5.780554385857725741e-01,3.478559825991051468e+01,7.430977924758001840e-02,0.000000000000000000e+00,4.300000000000000000e+01,4.313783203655852105e+01,5.000000000000000000e+01
1.439000000000000000e+03,0.000000000000000000e+00,3.428256264338695303e+01,-5.732547030207502115e-01,3.478211342888911162e+01,7.370391751859611817e-02,0.000000000000000000e+00,4.300000000000000000e+01,4.313668718638314203e+01,5.000000000000000000e+01
1.440000000000000000e+03,0.000000000000000000e+00,3.428326729709431220e+01,-5.684931775896758799e-01,3.477865754331105563e+01,7.310293137292721288e-02,0.000000000000000000e+00,4.300000000000000000e+01,4.313555168782581006e+01,5.000000000000000000e+01
1.441000000000000000e+03,0.000000000000000000e+00,3.428396660243218719e+01,-5.637705463022287811e-01,3.477523036673778734e+01,7.250678199663045109e-02,0.000000000000000000e+00,4.300000000000000000e+01,4.313442546551608103e+01,5.000000000000000000e+01
1.442000000000000000e+03,0.000000000000000000e+00,3.428466059983180969e+01,-5.590864956865727597e-01,3.477183166463635189e+01,7.191543088203254663e-02,0.000000000000000000e+00,4.300000000000000000e+01,4.313330844468431735e+01,5.000000000000000000e+01
1.443000000000000000e+03,0.000000000000000000e+00,3.428534932941965252e+01,-5.544407147696753801e-01,3.476846120436419341e+01,7.132883982513517351e-02,0.000000000000000000e+00,4.300000000000000000e+01,4.313220055115689178e+01,5.000000000000000000e+01
1.444000000000000000e+03,0.000000000000000000e+00,3.428603283102020782e+01,-5.498328950573597718e-01,3.476511875515411987e+01,7.074697092344552074e-02,0.000000000000000000e+00,4.300000000000000000e+01,4.313110171135151916e+01,5.000000000000000000e+01
1.445000000000000000e+03,0.000000000000000000e+00,3.428671114415788423e+01,-5.452627305148892711e-01,3.476180408809931777e+01,7.016978657345943060e-02,0.000000000000000000e+00,4.300000000000000000e+01,4.313001185227256684e+01,5.000000000000000000e+01
1.446000000000000000e+03,0.000000000000000000e+00,3.428738430805948667e+01,-5.407299175474626907e-01,3.475851697613854441e+01,6.959724946839920823e-02,0.000000000000000000e+00,4.300000000000000000e+01,4.312893090150642195e+01,5.000000000000000000e+01
1.447000000000000000e+03,0.000000000000000000e+00,3.428805236165634085e+01,-5.362341549809467312e-01,3.475525719404139835e+01,6.902932259588576147e-02,0.000000000000000000e+00,4.300000000000000000e+01,4.312785878721689414e+01,5.000000000000000000e+01
1.448000000000000000e+03,0.000000000000000000e+00,3.428871534358660256e+01,-5.317751440427559428e-01,3.475202451839372486e+01,6.846596923563220971e-02,0.000000000000000000e+00,4.300000000000000000e+01,4.312679543814067529e+01,5.000000000000000000e+01
1.449000000000000000e+03,0.000000000000000000e+00,3.428937329219723296e+01,-5.273525883429682759e-01,3.474881872758312795e+01,6.790715295707482058e-02,0.000000000000000000e+00,4.300000000000000000e+01,4.312574078358276353e+01,5.000000000000000000e+01
1.450000000000000000e+03,0.000000000000000000e+00,3.429002624554662759e+01,-5.229661938552941924e-01,3.474563960178461741e+01,6.735283761730342933e-02,0.000000000000000000e+00,4.300000000000000000e+01,4.312469475341203662e+01,5.000000000000000000e+01
1.451000000000000000e+03,0.000000000000000000e+00,3.429067424140621512e+01,-5.186156688986656160e-01,3.474248692294632690e+01,6.680298735855533243e-02,0.000000000000000000e+00,4.300000000000000000e+01,4.312365727805673998e+01,5.000000000000000000e+01
1.452000000000000000e+03,0.000000000000000000e+00,3.429131731726313603e+01,-5.143007241184699430e-01,3.473936047477539546e+01,6.625756660621062721e-02,0.000000000000000000e+00,4.300000000000000000e+01,4.312262828850011687e+01,5.000000000000000000e+01
1.453000000000000000e+03,0.000000000000000000e+00,3.429195551032191247e+01,-5.100210724683763575e-01,3.473626004272391299e+01,6.571654006637402123e-02,0.000000000000000000e+00,4.300000000000000000e+01,4.312160771627598166e+01,5.000000000000000000e+01
1.454000000000000000e+03,0.000000000000000000e+00,3.429258885750694219e+01,-5.057764291919240041e-01,3.473318541397502912e+01,6.517987272384213882e-02,0.000000000000000000e+00,4.300000000000000000e+01,4.312059549346437848e+01,5.000000000000000000e+01
1.455000000000000000e+03,0.000000000000000000e+00,3.429321739546451653e+01,-5.015665118044664306e-01,3.473013637742910475e+01,6.464752983987938351e-02,0.000000000000000000e+00,4.300000000000000000e+01,4.311959155268729660e+01,5.000000000000000000e+01
1.456000000000000000e+03,0.000000000000000000e+00,3.429384116056462517e+01,-4.973910400753511207e-01,3.472711272369004831e+01,6.411947694992548019e-02,0.000000000000000000e+00,4.300000000000000000e+01,4.311859582710432903e+01,5.000000000000000000e+01
1.457000000000000000e+03,0.000000000000000000e+00,3.429446018890349990e+01,-4.932497360098635486e-01,3.472411424505168753e+01,6.359567986168000731e-02,0.000000000000000000e+00,4.300000000000000000e+01,4.311760825040848033e+01,5.000000000000000000e+01
1.458000000000000000e+03,0.000000000000000000e+00,3.429507451630526305e+01,-4.891423238317913480e-01,3.472114073548431890e+01,6.307610465273963407e-02,0.000000000000000000e+00,4.300000000000000000e+01,4.311662875682191753e+01,5.000000000000000000e+01
1.459000000000000000e+03,0.000000000000000000e+00,3.429568417832417282e+01,-4.850685299657522265e-01,3.471819199062130679e+01,6.256071766861710792e-02,0.000000000000000000e+00,4.300000000000000000e+01,4.311565728109179219e+01,5.000000000000000000e+01
1.460000000000000000e+03,0.000000000000000000e+00,3.429628921024660571e+01,-4.810280830198172541e-01,3.471526780774580345e+01,6.204948552062028444e-02,0.000000000000000000e+00,4.300000000000000000e+01,4.311469375848609786e+01,5.000000000000000000e+01
1.461000000000000000e+03,0.000000000000000000e+00,3.429688964709306020e+01,-4.770207137682821452e-01,3.471236798577760396e+01,6.154237508373844312e-02,0.000000000000000000e+00,4.300000000000000000e+01,4.311373812478953482e+01,5.000000000000000000e+01
1.462000000000000000e+03,0.000000000000000000e+00,3.429748552362024583e+01,-4.730461551344679605e-01,3.470949232526007222e+01,6.103935349464555821e-02,0.000000000000000000e+00,4.300000000000000000e+01,4.311279031629945990e+01,5.000000000000000000e+01
1.463000000000000000e+03,0.000000000000000000e+00,3.429807687432279550e+01,-4.691041421738761930e-01,3.470664062834715935e+01,6.054038814950960662e-02,0.000000000000000000e+00,4.300000000000000000e+01,4.311185026982178670e+01,5.000000000000000000e+01
1.464000000000000000e+03,0.000000000000000000e+00,3.429866373343558905e+01,-4.651944120571376851e-01,3.470381269879057839e+01,6.004544670214435192e-02,0.000000000000000000e+00,4.300000000000000000e+01,4.311091792266700651e+01,5.000000000000000000e+01
1.465000000000000000e+03,0.000000000000000000e+00,3.429924613493538033e+01,-4.613167040534629781e-01,3.470100834192702877e+01,5.955449706181935310e-02,0.000000000000000000e+00,4.300000000000000000e+01,4.310999321264615958e+01,5.000000000000000000e+01
1.466000000000000000e+03,0.000000000000000000e+00,3.429982411254307095e+01,-4.574707595138867156e-01,3.469822736466554858e+01,5.906750739141240075e-02,0.000000000000000000e+00,4.300000000000000000e+01,4.310907607806690578e+01,5.000000000000000000e+01
1.467000000000000000e+03,0.000000000000000000e+00,3.430039769972531616e+01,-4.536563218549251042e-01,3.469546957547493804e+01,5.858444610530275098e-02,0.000000000000000000e+00,4.300000000000000000e+01,4.310816645772959532e+01,5.000000000000000000e+01
1.468000000000000000e+03,0.000000000000000000e+00,3.430096692969650718e+01,-4.498731365422337092e-01,3.469273478437133917e+01,5.810528186740834128e-02,0.000000000000000000e+00,4.300000000000000000e+01,4.310726429092333944e+01,5.000000000000000000e+01
1.469000000000000000e+03,0.000000000000000000e+00,3.430153183542093842e+01,-4.461209510742651929e-01,3.469002280290584395e+01,5.762998358935714910e-02,0.000000000000000000e+00,4.300000000000000000e+01,4.310636951742218770e+01,5.000000000000000000e+01
1.470000000000000000e+03,0.000000000000000000e+00,3.430209244961425696e+01,-4.423995149663701998e-01,3.468733344415225162e+01,5.715852042837053781e-02,0.000000000000000000e+00,4.300000000000000000e+01,4.310548207748126970e+01,5.000000000000000000e+01
1.471000000000000000e+03,0.000000000000000000e+00,3.430264880474557287e+01,-4.387085797347508032e-01,3.468466652269489714e+01,5.669086178542893928e-02,0.000000000000000000e+00,4.300000000000000000e+01,4.310460191183297241e+01,5.000000000000000000e+01
1.472000000000000000e+03,0.000000000000000000e+00,3.430320093303945583e+01,-4.350478988805612235e-01,3.468202185461659326e+01,5.622697730342519212e-02,0.000000000000000000e+00,4.300000000000000000e+01,4.310372896168321688e+01,5.000000000000000000e+01
1.473000000000000000e+03,0.000000000000000000e+00,3.430374886647729937e+01,-4.314172278744228817e-01,3.467939925748665786e+01,5.576683686505867765e-02,0.000000000000000000e+00,4.300000000000000000e+01,4.310286316870764267e+01,5.000000000000000000e+01
1.474000000000000000e+03,0.000000000000000000e+00,3.430429263679970120e+01,-4.278163241405546491e-01,3.467679855034902658e+01,5.531041059123126269e-02,0.000000000000000000e+00,4.300000000000000000e+01,4.310200447504793431e+01,5.000000000000000000e+01
1.475000000000000000e+03,0.000000000000000000e+00,3.430483227550799086e+01,-4.242449470414945134e-01,3.467421955371047915e+01,5.485766883900225488e-02,0.000000000000000000e+00,4.300000000000000000e+01,4.310115282330814779e+01,5.000000000000000000e+01
1.476000000000000000e+03,0.000000000000000000e+00,3.430536781386580714e+01,-4.207028578628213000e-01,3.467166208952894380e+01,5.440858219968308651e-02,0.000000000000000000e+00,4.300000000000000000e+01,4.310030815655100156e+01,5.000000000000000000e+01
1.477000000000000000e+03,0.000000000000000000e+00,3.430589928290137891e+01,-4.171898197977284006e-01,3.466912598120190836e+01,5.396312149719989515e-02,0.000000000000000000e+00,4.300000000000000000e+01,4.309947041829428827e+01,5.000000000000000000e+01
1.478000000000000000e+03,0.000000000000000000e+00,3.430642671340890359e+01,-4.137055979320999333e-01,3.466661105355490236e+01,5.352125778609995166e-02,0.000000000000000000e+00,4.300000000000000000e+01,4.309863955250723677e+01,5.000000000000000000e+01
1.479000000000000000e+03,0.000000000000000000e+00,3.430695013595061482e+01,-4.102499592293802344e-01,3.466411713283010698e+01,5.308296234988705425e-02,0.000000000000000000e+00,4.300000000000000000e+01,4.309781550360698787e+01,5.000000000000000000e+01
1.480000000000000000e+03,0.000000000000000000e+00,3.430746958085811116e+01,-4.068226725159158619e-01,3.466164404667499355e+01,5.264820669903017003e-02,0.000000000000000000e+00,4.300000000000000000e+01,4.309699821645500606e+01,5.000000000000000000e+01
1.481000000000000000e+03,0.000000000000000000e+00,3.430798507823444510e+01,-4.034235084660319215e-01,3.465919162413112531e+01,5.221696256935597774e-02,0.000000000000000000e+00,4.300000000000000000e+01,4.309618763635356942e+01,5.000000000000000000e+01
1.482000000000000000e+03,0.000000000000000000e+00,3.430849665795581416e+01,-4.000522395874334114e-01,3.465675969562299485e+01,5.178920192024839830e-02,0.000000000000000000e+00,4.300000000000000000e+01,4.309538370904230931e+01,5.000000000000000000e+01
1.483000000000000000e+03,0.000000000000000000e+00,3.430900434967293933e+01,-3.967086402068132900e-01,3.465434809294696805e+01,5.136489693277844493e-02,0.000000000000000000e+00,4.300000000000000000e+01,4.309458638069469316e+01,5.000000000000000000e+01
1.484000000000000000e+03,0.000000000000000000e+00,3.430950818281326775e+01,-3.933924864552240663e-01,3.465195664926031327e+01,5.094402000818214898e-02,0.000000000000000000e+00,4.300000000000000000e+01,4.309379559791464942e+01,5.000000000000000000e+01
1.485000000000000000e+03,0.000000000000000000e+00,3.431000818658216645e+01,-3.901035562540409729e-01,3.464958519907031587e+01,5.052654376589183621e-02,0.000000000000000000e+00,4.300000000000000000e+01,4.309301130773312138e+01,5.000000000000000000e+01
1.486000000000000000e+03,0.000000000000000000e+00,3.431050438996485497e+01,-3.868416293006287088e-01,3.464723357822350636e+01,5.011244104197733196e-02,0.000000000000000000e+00,4.300000000000000000e+01,4.309223345760469215e+01,5.000000000000000000e+01
1.487000000000000000e+03,0.000000000000000000e+00,3.431099682172802545e+01,-3.836064870543046124e-01,3.464490162389490990e+01,4.970168488741830842e-02,0.000000000000000000e+00,4.300000000000000000e+01,4.309146199540422373e+01,5.000000000000000000e+01
1.488000000000000000e+03,0.000000000000000000e+00,3.431148551042153372e+01,-3.803979127223604539e-01,3.464258917457745213e+01,4.929424856643968567e-02,0.000000000000000000e+00,4.300000000000000000e+01,4.309069686942355304e+01,5.000000000000000000e+01
1.489000000000000000e+03,0.000000000000000000e+00,3.431197048437981323e+01,-3.772156912463205947e-01,3.464029607007139333e+01,4.889010555474049280e-02,0.000000000000000000e+00,4.300000000000000000e+01,4.308993802836816656e+01,5.000000000000000000e+01
1.490000000000000000e+03,0.000000000000000000e+00,3.431245177172371541e+01,-3.740596092881117718e-01,3.463802215147389774e+01,4.848922953792642043e-02,0.000000000000000000e+00,4.300000000000000000e+01,4.308918542135393182e+01,5.000000000000000000e+01
1.491000000000000000e+03,0.000000000000000000e+00,3.431292940036198758e+01,-3.709294552164689729e-01,3.463576726116863114e+01,4.809159440982920669e-02,0.000000000000000000e+00,4.300000000000000000e+01,4.308843899790384313e+01,5.000000000000000000e+01
1.492000000000000000e+03,0.000000000000000000e+00,3.431340339799296402e+01,-3.678250190934009289e-01,3.463353124281547935e+01,4.769717427088581568e-02,0.000000000000000000e+00,4.300000000000000000e+01,4.308769870794478862e+01,5.000000000000000000e+01
1.493000000000000000e+03,0.000000000000000000e+00,3.431387379210613631e+01,-3.647460926607434817e-01,3.463131394134033769e+01,4.730594342654579482e-02,0.000000000000000000e+00,4.300000000000000000e+01,4.308696450180437409e+01,5.000000000000000000e+01
1.494000000000000000e+03,0.000000000000000000e+00,3.431434060998359570e+01,-3.616924693269502611e-01,3.462911520292497869e+01,4.691787638556720041e-02,0.000000000000000000e+00,4.300000000000000000e+01,4.308623633020771848e+01,5.000000000000000000e+01
1.495000000000000000e+03,0.000000000000000000e+00,3.431480387870176685e+01,-3.586639441537643469e-01,3.462693487499699074e+01,4.653294785853918231e-02,0.000000000000000000e+00,4.300000000000000000e+01,4.308551414427433457e+01,5.000000000000000000e+01
1.496000000000000000e+03,0.000000000000000000e+00,3.431526362513275785e+01,-3.556603138432452016e-01,3.462477280621983056e+01,4.615113275617503674e-02,0.000000000000000000e+00,4.300000000000000000e+01,4.308479789551498129e+01,5.000000000000000000e+01
1.497000000000000000e+03,0.000000000000000000e+00,3.431571987594605844e+01,-3.526813767246769205e-01,3.462262884648290395e+01,4.577240618783214726e-02,0.000000000000000000e+00,4.300000000000000000e+01,4.308408753582856576e+01,5.000000000000000000e+01
1.498000000000000000e+03,0.000000000000000000e+00,3.431617265761002500e+01,-3.497269327416834828e-01,3.462050284689176749e+01,4.539674345994028359e-02,0.000000000000000000e+00,4.300000000000000000e+01,4.308338301749907373e+01,5.000000000000000000e+01
1.499000000000000000e+03,0.000000000000000000e+00,3.431662199639335853e+01,-3.467967834394626303e-01,3.461839465975839403e+01,4.502412007442723602e-02,0.000000000000000000e+00,4.300000000000000000e+01,4.308268429319250714e+01,5.000000000000000000e+01
1.500000000000000000e+03,0.000000000000000000e+00,3.431706791836668202e+01,-3.438907319520485006e-01,3.461630413859150934e+01,4.465451172722446210e-02,0.000000000000000000e+00,4.300000000000000000e+01,4.308199131595387854e+01,5.000000000000000000e+01
1.501000000000000000e+03,0.000000000000000000e+00,3.431751044940386208e+01,-3.410085829898113485e-01,3.461423113808701402e+01,4.428789430665464044e-02,0.000000000000000000e+00,4.300000000000000000e+01,4.308130403920417706e+01,5.000000000000000000e+01
1.502000000000000000e+03,0.000000000000000000e+00,3.431794961518366449e+01,-3.381501428268386955e-01,3.461217551411846216e+01,4.392424389203954116e-02,0.000000000000000000e+00,4.300000000000000000e+01,4.308062241673741255e+01,5.000000000000000000e+01
1.503000000000000000e+03,0.000000000000000000e+00,3.431838544119111134e+01,-3.353152192886418304e-01,3.461013712372764672e+01,4.356353675210015985e-02,0.000000000000000000e+00,4.300000000000000000e+01,4.307994640271763842e+01,5.000000000000000000e+01
1.504000000000000000e+03,0.000000000000000000e+00,3.431881795271902291e+01,-3.325036217397734362e-01,3.460811582511524875e+01,4.320574934354884378e-02,0.000000000000000000e+00,4.300000000000000000e+01,4.307927595167603840e+01,5.000000000000000000e+01
1.505000000000000000e+03,0.000000000000000000e+00,3.431924717486934640e+01,-3.297151610717110604e-01,3.460611147763152928e+01,4.285085830952976155e-02,0.000000000000000000e+00,4.300000000000000000e+01,4.307861101850798491e+01,5.000000000000000000e+01
1.506000000000000000e+03,0.000000000000000000e+00,3.431967313255479723e+01,-3.269496496906228455e-01,3.460412394176714912e+01,4.249884047827616473e-02,0.000000000000000000e+00,4.300000000000000000e+01,4.307795155847018975e+01,5.000000000000000000e+01
1.507000000000000000e+03,0.000000000000000000e+00,3.432009585049999600e+01,-3.242069015055171199e-01,3.460215307914401706e+01,4.214967286150143877e-02,0.000000000000000000e+00,4.300000000000000000e+01,4.307729752717781935e+01,5.000000000000000000e+01
1.508000000000000000e+03,0.000000000000000000e+00,3.432051535324302449e+01,-3.214867319162439396e-01,3.460019875250623045e+01,4.180333265303780993e-02,0.000000000000000000e+00,4.300000000000000000e+01,4.307664888060163122e+01,5.000000000000000000e+01
1.509000000000000000e+03,0.000000000000000000e+00,3.432093166513698179e+01,-3.187889578015861147e-01,3.459826082571108685e+01,4.145979722748546065e-02,0.000000000000000000e+00,4.300000000000000000e+01,4.307600557506519579e+01,5.000000000000000000e+01
1.510000000000000000e+03,0.000000000000000000e+00,3.432134481035107854e+01,-3.161133975077038971e-01,3.459633916372015960e+01,4.111904413862359220e-02,0.000000000000000000e+00,4.300000000000000000e+01,4.307536756724206128e+01,5.000000000000000000e+01
1.511000000000000000e+03,0.000000000000000000e+00,3.432175481287226404e+01,-3.134598708363440234e-01,3.459443363259045867e+01,4.078105111815035627e-02,0.000000000000000000e+00,4.300000000000000000e+01,4.307473481415300398e+01,5.000000000000000000e+01
1.512000000000000000e+03,0.000000000000000000e+00,3.432216169650641291e+01,-3.108281990334029188e-01,3.459254409946563413e+01,4.044579607417846806e-02,0.000000000000000000e+00,4.300000000000000000e+01,4.307410727316324284e+01,5.000000000000000000e+01
1.513000000000000000e+03,0.000000000000000000e+00,3.432256548487992376e+01,-3.082182047773423528e-01,3.459067043256729335e+01,4.011325708997136308e-02,0.000000000000000000e+00,4.300000000000000000e+01,4.307348490197975366e+01,5.000000000000000000e+01
1.514000000000000000e+03,0.000000000000000000e+00,3.432296620144069266e+01,-3.056297121680187079e-01,3.458881250118633233e+01,3.978341242238018355e-02,0.000000000000000000e+00,4.300000000000000000e+01,4.307286765864849798e+01,5.000000000000000000e+01
1.515000000000000000e+03,0.000000000000000000e+00,3.432336386945994633e+01,-3.030625467151576435e-01,3.458697017567438792e+01,3.945624050071807470e-02,0.000000000000000000e+00,4.300000000000000000e+01,4.307225550155179405e+01,5.000000000000000000e+01
1.516000000000000000e+03,0.000000000000000000e+00,3.432375851203305928e+01,-3.005165353274201201e-01,3.458514332743531838e+01,3.913171992516067260e-02,0.000000000000000000e+00,4.300000000000000000e+01,4.307164838940560969e+01,5.000000000000000000e+01
1.517000000000000000e+03,0.000000000000000000e+00,3.432415015208118092e+01,-2.979915063011426279e-01,3.458333182891676927e+01,3.880982946555883162e-02,0.000000000000000000e+00,4.300000000000000000e+01,4.307104628125690482e+01,5.000000000000000000e+01
1.518000000000000000e+03,0.000000000000000000e+00,3.432453881235267090e+01,-2.954872893092850283e-01,3.458153555360181741e+01,3.849054806013973290e-02,0.000000000000000000e+00,4.300000000000000000e+01,4.307044913648105222e+01,5.000000000000000000e+01
1.519000000000000000e+03,0.000000000000000000e+00,3.432492451542394463e+01,-2.930037153907030789e-01,3.457975437600065760e+01,3.817385481399390018e-02,0.000000000000000000e+00,4.300000000000000000e+01,4.306985691477918010e+01,5.000000000000000000e+01
1.520000000000000000e+03,0.000000000000000000e+00,3.432530728370123541e+01,-2.905406169390959970e-01,3.457798817164236738e+01,3.785972899796852253e-02,0.000000000000000000e+00,4.300000000000000000e+01,4.306926957617561413e+01,5.000000000000000000e+01
1.521000000000000000e+03,0.000000000000000000e+00,3.432568713942161054e+01,-2.880978276923675807e-01,3.457623681706672869e+01,3.754815004725087224e-02,0.000000000000000000e+00,4.300000000000000000e+01,4.306868708101531951e+01,5.000000000000000000e+01
1.522000000000000000e+03,0.000000000000000000e+00,3.432606410465420055e+01,-2.856751827219877193e-01,3.457450018981614193e+01,3.723909756004861737e-02,0.000000000000000000e+00,4.300000000000000000e+01,4.306810938996132165e+01,5.000000000000000000e+01
1.523000000000000000e+03,0.000000000000000000e+00,3.432643820130173395e+01,-2.832725184222646408e-01,3.457277816842755414e+01,3.693255129644287815e-02,0.000000000000000000e+00,4.300000000000000000e+01,4.306753646399221225e+01,5.000000000000000000e+01
1.524000000000000000e+03,0.000000000000000000e+00,3.432680945110153203e+01,-2.808896724999725425e-01,3.457107063242451517e+01,3.662849117698927653e-02,0.000000000000000000e+00,4.300000000000000000e+01,4.306696826439962678e+01,5.000000000000000000e+01
1.525000000000000000e+03,0.000000000000000000e+00,3.432717787562690148e+01,-2.785264839638603163e-01,3.456937746230923381e+01,3.632689728152475178e-02,0.000000000000000000e+00,4.300000000000000000e+01,4.306640475278577185e+01,5.000000000000000000e+01
1.526000000000000000e+03,0.000000000000000000e+00,3.432754349628823576e+01,-2.761827931143676085e-01,3.456769853955474048e+01,3.602774984786317330e-02,0.000000000000000000e+00,4.300000000000000000e+01,4.306584589106095962e+01,5.000000000000000000e+01
1.527000000000000000e+03,0.000000000000000000e+00,3.432790633433427274e+01,-2.738584415333701338e-01,3.456603374659709260e+01,3.573102927055255701e-02,0.000000000000000000e+00,4.300000000000000000e+01,4.306529164144113508e+01,5.000000000000000000e+01
1.528000000000000000e+03,0.000000000000000000e+00,3.432826641085349451e+01,-2.715532720738956241e-01,3.456438296682764388e+01,3.543671609974477499e-02,0.000000000000000000e+00,4.300000000000000000e+01,4.306474196644546737e+01,5.000000000000000000e+01
1.529000000000000000e+03,0.000000000000000000e+00,3.432862374677518602e+01,-2.692671288501057303e-01,3.456274608458539177e+01,3.514479103989470721e-02,0.000000000000000000e+00,4.300000000000000000e+01,4.306419682889396938e+01,5.000000000000000000e+01
1.530000000000000000e+03,0.000000000000000000e+00,3.432897836287040150e+01,-2.669998572273958870e-01,3.456112298514936043e+01,3.485523494843816017e-02,0.000000000000000000e+00,4.300000000000000000e+01,4.306365619190504646e+01,5.000000000000000000e+01
1.531000000000000000e+03,0.000000000000000000e+00,3.432933027975368390e+01,-2.647513038122001339e-01,3.455951355473104769e+01,3.456802883483547917e-02,0.000000000000000000e+00,4.300000000000000000e+01,4.306312001889317997e+01,5.000000000000000000e+01
1.532000000000000000e+03,0.000000000000000000e+00,3.432967951788375416e+01,-2.625213164423569889e-01,3.455791768046695722e+01,3.428315385915738089e-02,0.000000000000000000e+00,4.300000000000000000e+01,4.306258827356654706e+01,5.000000000000000000e+01
1.533000000000000000e+03,0.000000000000000000e+00,3.433002609756497492e+01,-2.603097441772094789e-01,3.455633525041116627e+01,3.400059133101526049e-02,0.000000000000000000e+00,4.300000000000000000e+01,4.306206091992470419e+01,5.000000000000000000e+01
1.534000000000000000e+03,0.000000000000000000e+00,3.433037003894830264e+01,-2.581164372879712343e-01,3.455476615352795733e+01,3.372032270831678419e-02,0.000000000000000000e+00,4.300000000000000000e+01,4.306153792225624244e+01,5.000000000000000000e+01
1.535000000000000000e+03,0.000000000000000000e+00,3.433071136203275131e+01,-2.559412472479742906e-01,3.455321027968450665e+01,3.344232959621666612e-02,0.000000000000000000e+00,4.300000000000000000e+01,4.306101924513653501e+01,5.000000000000000000e+01
1.536000000000000000e+03,0.000000000000000000e+00,3.433105008666611724e+01,-2.537840267233011371e-01,3.455166751964363669e+01,3.316659374578123654e-02,0.000000000000000000e+00,4.300000000000000000e+01,4.306050485342542089e+01,5.000000000000000000e+01
1.537000000000000000e+03,0.000000000000000000e+00,3.433138623254646404e+01,-2.516446295631506458e-01,3.455013776505662548e+01,3.289309705299205827e-02,0.000000000000000000e+00,4.300000000000000000e+01,4.305999471226496667e+01,5.000000000000000000e+01
1.538000000000000000e+03,0.000000000000000000e+00,3.433171981922305349e+01,-2.495229107905292953e-01,3.454862090845607270e+01,3.262182155751478657e-02,0.000000000000000000e+00,4.300000000000000000e+01,4.305948878707720695e+01,5.000000000000000000e+01
1.539000000000000000e+03,0.000000000000000000e+00,3.433205086609760315e+01,-2.474187265928535218e-01,3.454711684324882270e+01,3.235274944163476357e-02,0.000000000000000000e+00,4.300000000000000000e+01,4.305898704356193463e+01,5.000000000000000000e+01
1.540000000000000000e+03,0.000000000000000000e+00,3.433237939242524561e+01,-2.453319343127590146e-01,3.454562546370893017e+01,3.208586302907263932e-02,0.000000000000000000e+00,4.300000000000000000e+01,4.305848944769448394e+01,5.000000000000000000e+01
1.541000000000000000e+03,0.000000000000000000e+00,3.433270541731572933e+01,-2.432623924388806480e-01,3.454414666497069675e+01,3.182114478390845463e-02,0.000000000000000000e+00,4.300000000000000000e+01,4.305799596572353494e+01,5.000000000000000000e+01
1.542000000000000000e+03,0.000000000000000000e+00,3.433302895973455549e+01,-2.412099605967206739e-01,3.454268034302177881e+01,3.155857730949666179e-02,0.000000000000000000e+00,4.300000000000000000e+01,4.305750656416896049e+01,5.000000000000000000e+01
1.543000000000000000e+03,0.000000000000000000e+00,3.433335003850390876e+01,-2.391744995396945794e-01,3.454122639469630940e+01,3.129814334729009301e-02,0.000000000000000000e+00,4.300000000000000000e+01,4.305702120981964498e+01,5.000000000000000000e+01
1.544000000000000000e+03,0.000000000000000000e+00,3.433366867230390085e+01,-2.371558711400585939e-01,3.453978471766810543e+01,3.103982577585446753e-02,0.000000000000000000e+00,4.300000000000000000e+01,4.305653986973135972e+01,5.000000000000000000e+01
1.545000000000000000e+03,0.000000000000000000e+00,3.433398487967356516e+01,-2.351539383800736183e-01,3.453835521044391044e+01,3.078360760972994117e-02,0.000000000000000000e+00,4.300000000000000000e+01,4.305606251122464556e+01,5.000000000000000000e+01
1.546000000000000000e+03,0.000000000000000000e+00,3.433429867901185872e+01,-2.331685653431986582e-01,3.453693777235671547e+01,3.052947199834295244e-02,0.000000000000000000e+00,4.300000000000000000e+01,4.305558910188269550e+01,5.000000000000000000e+01
1.547000000000000000e+03,0.000000000000000000e+00,3.433461008857882035e+01,-2.311996172052843967e-01,3.453553230355911552e+01,3.027740222499243627e-02,0.000000000000000000e+00,4.300000000000000000e+01,4.305511960954926565e+01,5.000000000000000000e+01
1.548000000000000000e+03,0.000000000000000000e+00,3.433491912649661515e+01,-2.292469602258848382e-01,3.453413870501670857e+01,3.002738170579519542e-02,0.000000000000000000e+00,4.300000000000000000e+01,4.305465400232662887e+01,5.000000000000000000e+01
1.549000000000000000e+03,0.000000000000000000e+00,3.433522581075036584e+01,-2.273104617397463667e-01,3.453275687850157283e+01,2.977939398853813799e-02,0.000000000000000000e+00,4.300000000000000000e+01,4.305419224857347160e+01,5.000000000000000000e+01
1.550000000000000000e+03,0.000000000000000000e+00,3.433553015918955253e+01,-2.253899901480602153e-01,3.453138672658577946e+01,2.953342275182923096e-02,0.000000000000000000e+00,4.300000000000000000e+01,4.305373431690289721e+01,5.000000000000000000e+01
1.551000000000000000e+03,0.000000000000000000e+00,3.433583218952868776e+01,-2.234854149101584975e-01,3.453002815263495506e+01,2.928945180389348410e-02,0.000000000000000000e+00,4.300000000000000000e+01,4.305328017618037961e+01,5.000000000000000000e+01
1.552000000000000000e+03,0.000000000000000000e+00,3.433613191934855990e+01,-2.215966065350031544e-01,3.452868106080191524e+01,2.904746508164395002e-02,0.000000000000000000e+00,4.300000000000000000e+01,4.305282979552176670e+01,5.000000000000000000e+01
1.553000000000000000e+03,0.000000000000000000e+00,3.433642936609705743e+01,-2.197234365728817918e-01,3.452734535602031940e+01,2.880744664962348392e-02,0.000000000000000000e+00,4.300000000000000000e+01,4.305238314429126945e+01,5.000000000000000000e+01
1.554000000000000000e+03,0.000000000000000000e+00,3.433672454709041943e+01,-2.178657776070444529e-01,3.452602094399838961e+01,2.856938069907389785e-02,0.000000000000000000e+00,4.300000000000000000e+01,4.305194019209952216e+01,5.000000000000000000e+01
1.555000000000000000e+03,0.000000000000000000e+00,3.433701747951385386e+01,-2.160235032456359894e-01,3.452470773121270042e+01,2.833325154679339902e-02,0.000000000000000000e+00,4.300000000000000000e+01,4.305150090880158587e+01,5.000000000000000000e+01
1.556000000000000000e+03,0.000000000000000000e+00,3.433730818042288035e+01,-2.141964881133918419e-01,3.452340562490198295e+01,2.809904363429237273e-02,0.000000000000000000e+00,4.300000000000000000e+01,4.305106526449500137e+01,5.000000000000000000e+01
1.557000000000000000e+03,0.000000000000000000e+00,3.433759666674426114e+01,-2.123846078435407680e-01,3.452211453306098576e+01,2.786674152681414482e-02,0.000000000000000000e+00,4.300000000000000000e+01,4.305063322951790639e+01,5.000000000000000000e+01
1.558000000000000000e+03,0.000000000000000000e+00,3.433788295527662626e+01,-2.105877390699736895e-01,3.452083436443442110e+01,2.763632991217486456e-02,0.000000000000000000e+00,4.300000000000000000e+01,4.305020477444706017e+01,5.000000000000000000e+01
1.559000000000000000e+03,0.000000000000000000e+00,3.433816706269191599e+01,-2.088057594190280419e-01,3.451956502851090391e+01,2.740779360004060028e-02,0.000000000000000000e+00,4.300000000000000000e+01,4.304977987009599616e+01,5.000000000000000000e+01
1.560000000000000000e+03,0.000000000000000000e+00,3.433844900553592794e+01,-2.070385475018043930e-01,3.451830643551696909e+01,2.718111752075825366e-02,0.000000000000000000e+00,4.300000000000000000e+01,4.304935848751309635e+01,5.000000000000000000e+01
1.561000000000000000e+03,0.000000000000000000e+00,3.433872880022957474e+01,-2.052859829061576824e-01,3.451705849641115975e+01,2.695628672456922698e-02,0.000000000000000000e+00,4.300000000000000000e+01,4.304894059797973682e+01,5.000000000000000000e+01
1.562000000000000000e+03,0.000000000000000000e+00,3.433900646306971538e+01,-2.035479461889842800e-01,3.451582112287809423e+01,2.673328638060151405e-02,0.000000000000000000e+00,4.300000000000000000e+01,4.304852617300846163e+01,5.000000000000000000e+01
1.563000000000000000e+03,0.000000000000000000e+00,3.433928201022985860e+01,-2.018243188686270340e-01,3.451459422732266091e+01,2.651210177582052907e-02,0.000000000000000000e+00,4.300000000000000000e+01,4.304811518434108564e+01,5.000000000000000000e+01
1.564000000000000000e+03,0.000000000000000000e+00,3.433955545776154139e+01,-2.001149834169848873e-01,3.451337772286419892e+01,2.629271831432698076e-02,0.000000000000000000e+00,4.300000000000000000e+01,4.304770760394691820e+01,5.000000000000000000e+01
1.565000000000000000e+03,0.000000000000000000e+00,3.433982682159486188e+01,-1.984198232521248717e-01,3.451217152333074978e+01,2.607512151623467278e-02,0.000000000000000000e+00,4.300000000000000000e+01,4.304730340402092992e+01,5.000000000000000000e+01
1.566000000000000000e+03,0.000000000000000000e+00,3.434009611753954516e+01,-1.967387227306576225e-01,3.451097554325335892e+01,2.585929701684525420e-02,0.000000000000000000e+00,4.300000000000000000e+01,4.304690255698194079e+01,5.000000000000000000e+01
1.567000000000000000e+03,0.000000000000000000e+00,3.434036336128600908e+01,-1.950715671402017404e-01,3.450978969786041262e+01,2.564523056579676857e-02,0.000000000000000000e+00,4.300000000000000000e+01,4.304650503547087936e+01,5.000000000000000000e+01
1.568000000000000000e+03,0.000000000000000000e+00,3.434062856840586164e+01,-1.934182426921433606e-01,3.450861390307201049e+01,2.543290802599507822e-02,0.000000000000000000e+00,4.300000000000000000e+01,4.304611081234897796e+01,5.000000000000000000e+01
1.569000000000000000e+03,0.000000000000000000e+00,3.434089175435315155e+01,-1.917786365141300742e-01,3.450744807549441617e+01,2.522231537286611161e-02,0.000000000000000000e+00,4.300000000000000000e+01,4.304571986069602474e+01,5.000000000000000000e+01
1.570000000000000000e+03,0.000000000000000000e+00,3.434115293446516404e+01,-1.901526366428010761e-01,3.450629213241452220e+01,2.501343869343894410e-02,0.000000000000000000e+00,4.300000000000000000e+01,4.304533215380863709e+01,5.000000000000000000e+01
1.571000000000000000e+03,0.000000000000000000e+00,3.434141212396315979e+01,-1.885401320166059935e-01,3.450514599179435749e+01,2.480626418540895009e-02,0.000000000000000000e+00,4.300000000000000000e+01,4.304494766519852078e+01,5.000000000000000000e+01
1.572000000000000000e+03,0.000000000000000000e+00,3.434166933795342658e+01,-1.869410124685646213e-01,3.450400957226567300e+01,2.460077815632004741e-02,0.000000000000000000e+00,4.300000000000000000e+01,4.304456636859075758e+01,5.000000000000000000e+01
1.573000000000000000e+03,0.000000000000000000e+00,3.434192459142806797e+01,-1.853551687191449249e-01,3.450288279312452033e+01,2.439696702269270046e-02,0.000000000000000000e+00,4.300000000000000000e+01,4.304418823792210702e+01,5.000000000000000000e+01
1.574000000000000000e+03,0.000000000000000000e+00,3.434217789926588438e+01,-1.837824923692001344e-01,3.450176557432592261e+01,2.419481730915645085e-02,0.000000000000000000e+00,4.300000000000000000e+01,4.304381324733932956e+01,5.000000000000000000e+01
1.575000000000000000e+03,0.000000000000000000e+00,3.434242927623310493e+01,-1.822228758929943515e-01,3.450065783647854545e+01,2.399431564755913696e-02,0.000000000000000000e+00,4.300000000000000000e+01,4.304344137119748126e+01,5.000000000000000000e+01
1.576000000000000000e+03,0.000000000000000000e+00,3.434267873698458828e+01,-1.806762126311100836e-01,3.449955950083945311e+01,2.379544877624711549e-02,0.000000000000000000e+00,4.300000000000000000e+01,4.304307258405830794e+01,5.000000000000000000e+01
1.577000000000000000e+03,0.000000000000000000e+00,3.434292629606409264e+01,-1.791423967837695863e-01,3.449847048930885052e+01,2.359820353900923123e-02,0.000000000000000000e+00,4.300000000000000000e+01,4.304270686068853280e+01,5.000000000000000000e+01
1.578000000000000000e+03,0.000000000000000000e+00,3.434317196790573234e+01,-1.776213234037126998e-01,3.449739072442493892e+01,2.340256688450593689e-02,0.000000000000000000e+00,4.300000000000000000e+01,4.304234417605828611e+01,5.000000000000000000e+01
1.579000000000000000e+03,0.000000000000000000e+00,3.434341576683426212e+01,-1.761128883896658504e-01,3.449632012935874315e+01,2.320852586518678748e-02,0.000000000000000000e+00,4.300000000000000000e+01,4.304198450533943543e+01,5.000000000000000000e+01
1.580000000000000000e+03,0.000000000000000000e+00,3.434365770706628496e+01,-1.746169884793974392e-01,3.449525862790901698e+01,2.301606763666735195e-02,0.000000000000000000e+00,4.300000000000000000e+01,4.304162782390400110e+01,5.000000000000000000e+01
1.581000000000000000e+03,0.000000000000000000e+00,3.434389780271089165e+01,-1.731335212431275583e-01,3.449420614449720546e+01,2.282517945681834109e-02,0.000000000000000000e+00,4.300000000000000000e+01,4.304127410732255754e+01,5.000000000000000000e+01
1.582000000000000000e+03,0.000000000000000000e+00,3.434413606777048500e+01,-1.716623850768788928e-01,3.449316260416239288e+01,2.263584868497204444e-02,0.000000000000000000e+00,4.300000000000000000e+01,4.304092333136263449e+01,5.000000000000000000e+01
1.583000000000000000e+03,0.000000000000000000e+00,3.434437251614168929e+01,-1.702034791958275672e-01,3.449212793255633613e+01,2.244806278118298068e-02,0.000000000000000000e+00,4.300000000000000000e+01,4.304057547198718225e+01,5.000000000000000000e+01
1.584000000000000000e+03,0.000000000000000000e+00,3.434460716161591165e+01,-1.687567036279196964e-01,3.449110205593854062e+01,2.226180930529132740e-02,0.000000000000000000e+00,4.300000000000000000e+01,4.304023050535296591e+01,5.000000000000000000e+01
1.585000000000000000e+03,0.000000000000000000e+00,3.434484001788045759e+01,-1.673219592071928385e-01,3.449008490117132197e+01,2.207707591632563845e-02,0.000000000000000000e+00,4.300000000000000000e+01,4.303988840780906600e+01,5.000000000000000000e+01
1.586000000000000000e+03,0.000000000000000000e+00,3.434507109851897155e+01,-1.658991475675403449e-01,3.448907639571498152e+01,2.189385037153342498e-02,0.000000000000000000e+00,4.300000000000000000e+01,4.303954915589531538e+01,5.000000000000000000e+01
1.587000000000000000e+03,0.000000000000000000e+00,3.434530041701248138e+01,-1.644881711362100318e-01,3.448807646762296741e+01,2.171212052572576295e-02,0.000000000000000000e+00,4.300000000000000000e+01,4.303921272634077866e+01,5.000000000000000000e+01
1.588000000000000000e+03,0.000000000000000000e+00,3.434552798674010177e+01,-1.630889331274799903e-01,3.448708504553708565e+01,2.153187433050151450e-02,0.000000000000000000e+00,4.300000000000000000e+01,4.303887909606226003e+01,5.000000000000000000e+01
1.589000000000000000e+03,0.000000000000000000e+00,3.434575382097972351e+01,-1.617013375364526329e-01,3.448610205868276068e+01,2.135309983341441425e-02,0.000000000000000000e+00,4.300000000000000000e+01,4.303854824216279695e+01,5.000000000000000000e+01
1.590000000000000000e+03,0.000000000000000000e+00,3.434597793290878087e+01,-1.603252891327896779e-01,3.448512743686432458e+01,2.117578517725216686e-02,0.000000000000000000e+00,4.300000000000000000e+01,4.303822014193016088e+01,5.000000000000000000e+01
1.591000000000000000e+03,0.000000000000000000e+00,3.434620033560521080e+01,-1.589606934544767203e-01,3.448416111046034871e+01,2.099991859933727015e-02,0.000000000000000000e+00,4.300000000000000000e+01,4.303789477283540066e+01,5.000000000000000000e+01
1.592000000000000000e+03,0.000000000000000000e+00,3.434642104204795032e+01,-1.576074568017649669e-01,3.448320301041900393e+01,2.082548843071042183e-02,0.000000000000000000e+00,4.300000000000000000e+01,4.303757211253138593e+01,5.000000000000000000e+01
1.593000000000000000e+03,0.000000000000000000e+00,3.434664006511771817e+01,-1.562654862311130544e-01,3.448225306825346337e+01,2.065248309536974608e-02,0.000000000000000000e+00,4.300000000000000000e+01,4.303725213885132916e+01,5.000000000000000000e+01
1.594000000000000000e+03,0.000000000000000000e+00,3.434685741759796684e+01,-1.549346895490404108e-01,3.448131121603736204e+01,2.048089110964460696e-02,0.000000000000000000e+00,4.300000000000000000e+01,4.303693482980737883e+01,5.000000000000000000e+01
1.595000000000000000e+03,0.000000000000000000e+00,3.434707311217530190e+01,-1.536149753062757140e-01,3.448037738640024230e+01,2.031070108133688212e-02,0.000000000000000000e+00,4.300000000000000000e+01,4.303662016358915565e+01,5.000000000000000000e+01
1.596000000000000000e+03,0.000000000000000000e+00,3.434728716144056193e+01,-1.523062527916692888e-01,3.447945151252309159e+01,2.014190170914119740e-02,0.000000000000000000e+00,4.300000000000000000e+01,4.303630811856236704e+01,5.000000000000000000e+01
1.597000000000000000e+03,0.000000000000000000e+00,3.434749957788924490e+01,-1.510084320264304669e-01,3.447853352813387318e+01,1.997448178180192060e-02,0.000000000000000000e+00,4.300000000000000000e+01,4.303599867326739314e+01,5.000000000000000000e+01
1.598000000000000000e+03,0.000000000000000000e+00,3.434771037392231108e+01,-1.497214237582466523e-01,3.447762336750312073e+01,1.980843017743789264e-02,0.000000000000000000e+00,4.300000000000000000e+01,4.303569180641788705e+01,5.000000000000000000e+01
1.599000000000000000e+03,0.000000000000000000e+00,3.434791956184695749e+01,-1.484451394554616444e-01,3.447672096543956144e+01,1.964373586285826298e-02,0.000000000000000000e+00,4.300000000000000000e+01,4.303538749689938925e+01,5.000000000000000000e+01
1.600000000000000000e+03,0.000000000000000000e+00,3.434812715387730719e+01,-1.471794913013129702e-01,3.447582625728575323e+01,1.948038789286999153e-02,0.000000000000000000e+00,4.300000000000000000e+01,4.303508572376796337e+01,5.000000000000000000e+01
1.601000000000000000e+03,0.000000000000000000e+00,3.434833316213507715e+01,-1.459243921882578399e-01,3.447493917891378601e+01,1.931837540955009744e-02,0.000000000000000000e+00,4.300000000000000000e+01,4.303478646624883908e+01,5.000000000000000000e+01
1.602000000000000000e+03,0.000000000000000000e+00,3.434853759865021061e+01,-1.446797557123287725e-01,3.447405966672100419e+01,1.915768764154010886e-02,0.000000000000000000e+00,4.300000000000000000e+01,4.303448970373503357e+01,5.000000000000000000e+01
1.603000000000000000e+03,0.000000000000000000e+00,3.434874047536183639e+01,-1.434454961674004325e-01,3.447318765762576476e+01,1.899831390347132484e-02,0.000000000000000000e+00,4.300000000000000000e+01,4.303419541578605134e+01,5.000000000000000000e+01
1.604000000000000000e+03,0.000000000000000000e+00,3.434894180411856013e+01,-1.422215285397816775e-01,3.447232308906320952e+01,1.884024359512650321e-02,0.000000000000000000e+00,4.300000000000000000e+01,4.303390358212652700e+01,5.000000000000000000e+01
1.605000000000000000e+03,0.000000000000000000e+00,3.434914159667943778e+01,-1.410077685025710459e-01,3.447146589898112978e+01,1.868346620087910082e-02,0.000000000000000000e+00,4.300000000000000000e+01,4.303361418264491078e+01,5.000000000000000000e+01
1.606000000000000000e+03,0.000000000000000000e+00,3.434933986471459377e+01,-1.398041324101897132e-01,3.447061602583578122e+01,1.852797128900563958e-02,0.000000000000000000e+00,4.300000000000000000e+01,4.303332719739216827e+01,5.000000000000000000e+01
1.607000000000000000e+03,0.000000000000000000e+00,3.434953661980581074e+01,-1.386105372929733182e-01,3.446977340858779826e+01,1.837374851098999562e-02,0.000000000000000000e+00,4.300000000000000000e+01,4.303304260658048008e+01,5.000000000000000000e+01
1.608000000000000000e+03,0.000000000000000000e+00,3.434973187344723300e+01,-1.374269008517640667e-01,3.446893798669812270e+01,1.822078760087526145e-02,0.000000000000000000e+00,4.300000000000000000e+01,4.303276039058194868e+01,5.000000000000000000e+01
1.609000000000000000e+03,0.000000000000000000e+00,3.434992563704604152e+01,-1.362531414525323115e-01,3.446810970012394648e+01,1.806907837463233094e-02,0.000000000000000000e+00,4.300000000000000000e+01,4.303248052992731232e+01,5.000000000000000000e+01
1.610000000000000000e+03,0.000000000000000000e+00,3.435011792192321423e+01,-1.350891781210273868e-01,3.446728848931469713e+01,1.791861072954414533e-02,0.000000000000000000e+00,4.300000000000000000e+01,4.303220300530470155e+01,5.000000000000000000e+01
1.611000000000000000e+03,0.000000000000000000e+00,3.435030873931394524e+01,-1.339349305376063004e-01,3.446647429520808714e+01,1.776937464346679471e-02,0.000000000000000000e+00,4.300000000000000000e+01,4.303192779755837449e+01,5.000000000000000000e+01
1.612000000000000000e+03,0.000000000000000000e+00,3.435049810036837670e+01,-1.327903190319731919e-01,3.446566705922612783e+01,1.762136017422373177e-02,0.000000000000000000e+00,4.300000000000000000e+01,4.303165488768743785e+01,5.000000000000000000e+01
1.613000000000000000e+03,0.000000000000000000e+00,3.435068601615248696e+01,-1.316552645778601704e-01,3.446486672327124978e+01,1.747455745909644656e-02,0.000000000000000000e+00,4.300000000000000000e+01,4.303138425684466739e+01,5.000000000000000000e+01
1.614000000000000000e+03,0.000000000000000000e+00,3.435087249764823270e+01,-1.305296887881216006e-01,3.446407322972238774e+01,1.732895671396450163e-02,0.000000000000000000e+00,4.300000000000000000e+01,4.303111588633522189e+01,5.000000000000000000e+01
1.615000000000000000e+03,0.000000000000000000e+00,3.435105755575467867e+01,-1.294135139093851028e-01,3.446328652143114368e+01,1.718454823291730438e-02,0.000000000000000000e+00,4.300000000000000000e+01,4.303084975761546360e+01,5.000000000000000000e+01
1.616000000000000000e+03,0.000000000000000000e+00,3.435124120128830327e+01,-1.283066628171460888e-01,3.446250654171797123e+01,1.704132238747946282e-02,0.000000000000000000e+00,4.300000000000000000e+01,4.303058585229172195e+01,5.000000000000000000e+01
1.617000000000000000e+03,0.000000000000000000e+00,3.435142344498384404e+01,-1.272090590106255137e-01,3.446173323436836000e+01,1.689926962610930131e-02,0.000000000000000000e+00,4.300000000000000000e+01,4.303032415211912820e+01,5.000000000000000000e+01
1.618000000000000000e+03,0.000000000000000000e+00,3.435160429749463873e+01,-1.261206266079234473e-01,3.446096654362910527e+01,1.675838047345636073e-02,0.000000000000000000e+00,4.300000000000000000e+01,4.303006463900039336e+01,5.000000000000000000e+01
1.619000000000000000e+03,0.000000000000000000e+00,3.435178376939349221e+01,-1.250412903409361398e-01,3.446020641420454211e+01,1.661864552988986943e-02,0.000000000000000000e+00,4.300000000000000000e+01,4.302980729498464285e+01,5.000000000000000000e+01
1.620000000000000000e+03,0.000000000000000000e+00,3.435196187117319511e+01,-1.239709755505094130e-01,3.445945279125286476e+01,1.648005547083920830e-02,0.000000000000000000e+00,4.300000000000000000e+01,4.302955210226625127e+01,5.000000000000000000e+01
1.621000000000000000e+03,0.000000000000000000e+00,3.435213861324704254e+01,-1.229096081815921476e-01,3.445870562038246021e+01,1.634260104617942660e-02,0.000000000000000000e+00,4.300000000000000000e+01,4.302929904318366283e+01,5.000000000000000000e+01
1.622000000000000000e+03,0.000000000000000000e+00,3.435231400594962992e+01,-1.218571147783306802e-01,3.445796484764824896e+01,1.620627307971383990e-02,0.000000000000000000e+00,4.300000000000000000e+01,4.302904810021826165e+01,5.000000000000000000e+01
1.623000000000000000e+03,0.000000000000000000e+00,3.435248805953719398e+01,-1.208134224793699779e-01,3.445723041954806831e+01,1.607106246849924341e-02,0.000000000000000000e+00,4.300000000000000000e+01,4.302879925599321354e+01,5.000000000000000000e+01
1.624000000000000000e+03,0.000000000000000000e+00,3.435266078418840863e+01,-1.197784590130366589e-01,3.445650228301911255e+01,1.593696018232738237e-02,0.000000000000000000e+00,4.300000000000000000e+01,4.302855249327232201e+01,5.000000000000000000e+01
1.625000000000000000e+03,0.000000000000000000e+00,3.435283219000496047e+01,-1.187521526925811588e-01,3.445578038543435184e+01,1.580395726318678876e-02,0.000000000000000000e+00,4.300000000000000000e+01,4.302830779495894120e+01,5.000000000000000000e+01
1.626000000000000000e+03,0.000000000000000000e+00,3.435300228701190406e+01,-1.177344324116562230e-01,3.445506467459902211e+01,1.567204482454114672e-02,0.000000000000000000e+00,4.300000000000000000e+01,4.302806514409481764e+01,5.000000000000000000e+01
1.627000000000000000e+03,0.000000000000000000e+00,3.435317108515854301e+01,-1.167252276394999261e-01,3.445435509874710789e+01,1.554121405093228728e-02,0.000000000000000000e+00,4.300000000000000000e+01,4.302782452385900314e+01,5.000000000000000000e+01
1.628000000000000000e+03,0.000000000000000000e+00,3.435333859431880654e+01,-1.157244684164142196e-01,3.445365160653788905e+01,1.541145619733500297e-02,0.000000000000000000e+00,4.300000000000000000e+01,4.302758591756675344e+01,5.000000000000000000e+01
1.629000000000000000e+03,0.000000000000000000e+00,3.435350482429191032e+01,-1.147320853491843595e-01,3.445295414705248049e+01,1.528276258861101244e-02,0.000000000000000000e+00,4.300000000000000000e+01,4.302734930866844820e+01,5.000000000000000000e+01
1.630000000000000000e+03,0.000000000000000000e+00,3.435366978480276146e+01,-1.137480096065869861e-01,3.445226266979043572e+01,1.515512461891765569e-02,0.000000000000000000e+00,4.300000000000000000e+01,4.302711468074847545e+01,5.000000000000000000e+01
1.631000000000000000e+03,0.000000000000000000e+00,3.435383348550287508e+01,-1.127721729147504737e-01,3.445157712466633626e+01,1.502853375129464819e-02,0.000000000000000000e+00,4.300000000000000000e+01,4.302688201752421548e+01,5.000000000000000000e+01
1.632000000000000000e+03,0.000000000000000000e+00,3.435399593597039569e+01,-1.118045075529289639e-01,3.445089746200643788e+01,1.490298151689363644e-02,0.000000000000000000e+00,4.300000000000000000e+01,4.302665130284491113e+01,5.000000000000000000e+01
1.633000000000000000e+03,0.000000000000000000e+00,3.435415714571124823e+01,-1.108449463488035969e-01,3.445022363254535236e+01,1.477845951470091977e-02,0.000000000000000000e+00,4.300000000000000000e+01,4.302642252069067297e+01,5.000000000000000000e+01
1.634000000000000000e+03,0.000000000000000000e+00,3.435431712415912386e+01,-1.098934226743452369e-01,3.444955558742271506e+01,1.465495941075600599e-02,0.000000000000000000e+00,4.300000000000000000e+01,4.302619565517139222e+01,5.000000000000000000e+01
1.635000000000000000e+03,0.000000000000000000e+00,3.435447588067639657e+01,-1.089498704412929647e-01,3.444889327817990932e+01,1.453247293778149422e-02,0.000000000000000000e+00,4.300000000000000000e+01,4.302597069052571044e+01,5.000000000000000000e+01
1.636000000000000000e+03,0.000000000000000000e+00,3.435463342455457791e+01,-1.080142240968691020e-01,3.444823665675682633e+01,1.441099189461799920e-02,0.000000000000000000e+00,4.300000000000000000e+01,4.302574761111999635e+01,5.000000000000000000e+01
1.637000000000000000e+03,0.000000000000000000e+00,3.435478976501477177e+01,-1.070864186195236434e-01,3.444758567548862516e+01,1.429050814567014993e-02,0.000000000000000000e+00,4.300000000000000000e+01,4.302552640144732266e+01,5.000000000000000000e+01
1.638000000000000000e+03,0.000000000000000000e+00,3.435494491120823568e+01,-1.061663895146788134e-01,3.444694028710252098e+01,1.417101362039046263e-02,0.000000000000000000e+00,4.300000000000000000e+01,4.302530704612643575e+01,5.000000000000000000e+01
1.639000000000000000e+03,0.000000000000000000e+00,3.435509887221699898e+01,-1.052540728104439799e-01,3.444630044471461616e+01,1.405250031282601238e-02,0.000000000000000000e+00,4.300000000000000000e+01,4.302508952990077518e+01,5.000000000000000000e+01
1.640000000000000000e+03,0.000000000000000000e+00,3.435525165705421813e+01,-1.043494050535375139e-01,3.444566610182675248e+01,1.393496028100335571e-02,0.000000000000000000e+00,4.300000000000000000e+01,4.302487383763745044e+01,5.000000000000000000e+01
1.641000000000000000e+03,0.000000000000000000e+00,3.435540327466487298e+01,-1.034523233050312491e-01,3.444503721232337767e+01,1.381838564652069883e-02,0.000000000000000000e+00,4.300000000000000000e+01,4.302465995432626045e+01,5.000000000000000000e+01
1.642000000000000000e+03,0.000000000000000000e+00,3.435555373392617895e+01,-1.025627651362723269e-01,3.444441373046844745e+01,1.370276859400272607e-02,0.000000000000000000e+00,4.300000000000000000e+01,4.302444786507872010e+01,5.000000000000000000e+01
1.643000000000000000e+03,0.000000000000000000e+00,3.435570304364807015e+01,-1.016806686248345470e-01,3.444379561090234176e+01,1.358810137056516015e-02,0.000000000000000000e+00,4.300000000000000000e+01,4.302423755512706549e+01,5.000000000000000000e+01
1.644000000000000000e+03,0.000000000000000000e+00,3.435585121257383889e+01,-1.008059723503810928e-01,3.444318280863881654e+01,1.347437628539852224e-02,0.000000000000000000e+00,4.300000000000000000e+01,4.302402900982330891e+01,5.000000000000000000e+01
1.645000000000000000e+03,0.000000000000000000e+00,3.435599824938042701e+01,-9.993861539073410627e-02,3.444257527906196970e+01,1.336158570918759454e-02,0.000000000000000000e+00,4.300000000000000000e+01,4.302382221463825118e+01,5.000000000000000000e+01
1.646000000000000000e+03,0.000000000000000000e+00,3.435614416267922877e+01,-9.907853731776695982e-02,3.444197297792325685e+01,1.324972207373576773e-02,0.000000000000000000e+00,4.300000000000000000e+01,4.302361715516056506e+01,5.000000000000000000e+01
1.647000000000000000e+03,0.000000000000000000e+00,3.435628896101624008e+01,-9.822567819359202812e-02,3.444137586133849283e+01,1.313877787133973206e-02,0.000000000000000000e+00,4.300000000000000000e+01,4.302341381709582180e+01,5.000000000000000000e+01
1.648000000000000000e+03,0.000000000000000000e+00,3.435643265287280457e+01,-9.737997856651206541e-02,3.444078388578489580e+01,1.302874565442716133e-02,0.000000000000000000e+00,4.300000000000000000e+01,4.302321218626556742e+01,5.000000000000000000e+01
1.649000000000000000e+03,0.000000000000000000e+00,3.435657524666601859e+01,-9.654137946717841756e-02,3.444019700809816698e+01,1.291961803502642697e-02,0.000000000000000000e+00,4.300000000000000000e+01,4.302301224860638484e+01,5.000000000000000000e+01
1.650000000000000000e+03,0.000000000000000000e+00,3.435671675074920728e+01,-9.570982240469018409e-02,3.443961518546957024e+01,1.281138768432763669e-02,0.000000000000000000e+00,4.300000000000000000e+01,4.302281399016897723e+01,5.000000000000000000e+01
1.651000000000000000e+03,0.000000000000000000e+00,3.435685717341245748e+01,-9.488524936278198985e-02,3.443903837544304736e+01,1.270404733219104854e-02,0.000000000000000000e+00,4.300000000000000000e+01,4.302261739711726563e+01,5.000000000000000000e+01
1.652000000000000000e+03,0.000000000000000000e+00,3.435699652288293038e+01,-9.406760279607086217e-02,3.443846653591236873e+01,1.259758976663403855e-02,0.000000000000000000e+00,4.300000000000000000e+01,4.302242245572745105e+01,5.000000000000000000e+01
1.653000000000000000e+03,0.000000000000000000e+00,3.435713480732562886e+01,-9.325682562615537907e-02,3.443789962511829117e+01,1.249200783349078102e-02,0.000000000000000000e+00,4.300000000000000000e+01,4.302222915238715473e+01,5.000000000000000000e+01
1.654000000000000000e+03,0.000000000000000000e+00,3.435727203484347569e+01,-9.245286123803984901e-02,3.443733760164572288e+01,1.238729443579233459e-02,0.000000000000000000e+00,4.300000000000000000e+01,4.302203747359447306e+01,5.000000000000000000e+01
1.655000000000000000e+03,0.000000000000000000e+00,3.435740821347826568e+01,-9.165565347620391323e-02,3.443678042442094522e+01,1.228344253351948238e-02,0.000000000000000000e+00,4.300000000000000000e+01,4.302184740595714629e+01,5.000000000000000000e+01
1.656000000000000000e+03,0.000000000000000000e+00,3.435754335121063008e+01,-9.086514664114493656e-02,3.443622805270884157e+01,1.218044514293194214e-02,0.000000000000000000e+00,4.300000000000000000e+01,4.302165893619164194e+01,5.000000000000000000e+01
1.657000000000000000e+03,0.000000000000000000e+00,3.435767745596085376e+01,-9.008128548556580684e-02,3.443568044611014756e+01,1.207829533627381713e-02,0.000000000000000000e+00,4.300000000000000000e+01,4.302147205112228789e+01,5.000000000000000000e+01
1.658000000000000000e+03,0.000000000000000000e+00,3.435781053558925180e+01,-8.930401521076956894e-02,3.443513756455871544e+01,1.197698624130644034e-02,0.000000000000000000e+00,4.300000000000000000e+01,4.302128673768042688e+01,5.000000000000000000e+01
1.659000000000000000e+03,0.000000000000000000e+00,3.435794259789646787e+01,-8.853328146314273783e-02,3.443459936831882118e+01,1.187651104079055601e-02,0.000000000000000000e+00,4.300000000000000000e+01,4.302110298290354251e+01,5.000000000000000000e+01
1.660000000000000000e+03,0.000000000000000000e+00,3.435807365062405694e+01,-8.776903033052038672e-02,3.443406581798246435e+01,1.177686297211401160e-02,0.000000000000000000e+00,4.300000000000000000e+01,4.302092077393440661e+01,5.000000000000000000e+01
1.661000000000000000e+03,0.000000000000000000e+00,3.435820370145494707e+01,-8.701120833863994208e-02,3.443353687446672495e+01,1.167803532686230786e-02,0.000000000000000000e+00,4.300000000000000000e+01,4.302074009802024079e+01,5.000000000000000000e+01
1.662000000000000000e+03,0.000000000000000000e+00,3.435833275801382314e+01,-8.625976244765397316e-02,3.443301249901111305e+01,1.158002145036342301e-02,0.000000000000000000e+00,4.300000000000000000e+01,4.302056094251187801e+01,5.000000000000000000e+01
1.663000000000000000e+03,0.000000000000000000e+00,3.435846082786757449e+01,-8.551464004864310631e-02,3.443249265317495400e+01,1.148281474126374921e-02,0.000000000000000000e+00,4.300000000000000000e+01,4.302038329486291701e+01,5.000000000000000000e+01
1.664000000000000000e+03,0.000000000000000000e+00,3.435858791852583494e+01,-8.477578896009931031e-02,3.443197729883477365e+01,1.138640865116054279e-02,0.000000000000000000e+00,4.300000000000000000e+01,4.302020714262891943e+01,5.000000000000000000e+01
1.665000000000000000e+03,0.000000000000000000e+00,3.435871403744123853e+01,-8.404315742458649818e-02,3.443146639818173327e+01,1.129079668409430255e-02,0.000000000000000000e+00,4.300000000000000000e+01,4.302003247346658554e+01,5.000000000000000000e+01
1.666000000000000000e+03,0.000000000000000000e+00,3.435883919200993120e+01,-8.331669410531253317e-02,3.443095991371908582e+01,1.119597239615843440e-02,0.000000000000000000e+00,4.300000000000000000e+01,4.301985927513293717e+01,5.000000000000000000e+01
1.667000000000000000e+03,0.000000000000000000e+00,3.435896338957199703e+01,-8.259634808273068340e-02,3.443045780825961799e+01,1.110192939510805214e-02,0.000000000000000000e+00,4.300000000000000000e+01,4.301968753548450053e+01,5.000000000000000000e+01
1.668000000000000000e+03,0.000000000000000000e+00,3.435908663741198410e+01,-8.188206885114120148e-02,3.442996004492313489e+01,1.100866133999552944e-02,0.000000000000000000e+00,4.300000000000000000e+01,4.301951724247653885e+01,5.000000000000000000e+01
1.669000000000000000e+03,0.000000000000000000e+00,3.435920894275911763e+01,-8.117380631549962755e-02,3.442946658713398023e+01,1.091616194063822418e-02,0.000000000000000000e+00,4.300000000000000000e+01,4.301934838416223528e+01,5.000000000000000000e+01
1.670000000000000000e+03,0.000000000000000000e+00,3.435933031278784711e+01,-8.047151078801836888e-02,3.442897739861854944e+01,1.082442495731529737e-02,0.000000000000000000e+00,4.300000000000000000e+01,4.301918094869191123e+01,5.000000000000000000e+01
1.671000000000000000e+03,0.000000000000000000e+00,3.435945075461827258e+01,-7.977513298491596683e-02,3.442849244340283832e+01,1.073344420034761174e-02,0.000000000000000000e+00,4.300000000000000000e+01,4.301901492431224483e+01,5.000000000000000000e+01
1.672000000000000000e+03,0.000000000000000000e+00,3.435957027531652841e+01,-7.908462402316630835e-02,3.442801168580999160e+01,1.064321352970631906e-02,0.000000000000000000e+00,4.300000000000000000e+01,4.301885029936550353e+01,5.000000000000000000e+01
1.673000000000000000e+03,0.000000000000000000e+00,3.435968888189519532e+01,-7.839993541730709559e-02,3.442753509045790850e+01,1.055372685459314737e-02,0.000000000000000000e+00,4.300000000000000000e+01,4.301868706228878381e+01,5.000000000000000000e+01
1.674000000000000000e+03,0.000000000000000000e+00,3.435980658131357757e+01,-7.772101907627770867e-02,3.442706262225683389e+01,1.046497813302183291e-02,0.000000000000000000e+00,4.300000000000000000e+01,4.301852520161322957e+01,5.000000000000000000e+01
1.675000000000000000e+03,0.000000000000000000e+00,3.435992338047832817e+01,-7.704782730016848658e-02,3.442659424640698518e+01,1.037696137151075670e-02,0.000000000000000000e+00,4.300000000000000000e+01,4.301836470596327899e+01,5.000000000000000000e+01
1.676000000000000000e+03,0.000000000000000000e+00,3.436003928624377579e+01,-7.638031277708823286e-02,3.442612992839617903e+01,1.028967062468646304e-02,0.000000000000000000e+00,4.300000000000000000e+01,4.301820556405594687e+01,5.000000000000000000e+01
1.677000000000000000e+03,0.000000000000000000e+00,3.436015430541210947e+01,-7.571842858017947819e-02,3.442566963399751501e+01,1.020309999477659810e-02,0.000000000000000000e+00,4.300000000000000000e+01,4.301804776470002878e+01,5.000000000000000000e+01
1.678000000000000000e+03,0.000000000000000000e+00,3.436026844473416020e+01,-7.506212816430860024e-02,3.442521332926703082e+01,1.011724363144037540e-02,0.000000000000000000e+00,4.300000000000000000e+01,4.301789129679540480e+01,5.000000000000000000e+01
1.679000000000000000e+03,0.000000000000000000e+00,3.436038171090947912e+01,-7.441136536316972361e-02,3.442476098054142142e+01,1.003209573122516331e-02,0.000000000000000000e+00,4.300000000000000000e+01,4.301773614933230050e+01,5.000000000000000000e+01
1.680000000000000000e+03,0.000000000000000000e+00,3.436049411058674963e+01,-7.376609438621135884e-02,3.442431255443572979e+01,9.947650537225410580e-03,0.000000000000000000e+00,4.300000000000000000e+01,4.301758231139054089e+01,5.000000000000000000e+01
1.681000000000000000e+03,0.000000000000000000e+00,3.436060565036436998e+01,-7.312626981553339844e-02,3.442386801784110872e+01,9.863902338792408103e-03,0.000000000000000000e+00,4.300000000000000000e+01,4.301742977213886832e+01,5.000000000000000000e+01
1.682000000000000000e+03,0.000000000000000000e+00,3.436071633679051018e+01,-7.249184660305009464e-02,3.442342733792254705e+01,9.780845471016100939e-03,0.000000000000000000e+00,4.300000000000000000e+01,4.301727852083416792e+01,5.000000000000000000e+01
1.683000000000000000e+03,0.000000000000000000e+00,3.436082617636399306e+01,-7.186278006726898315e-02,3.442299048211666701e+01,9.698474314600238552e-03,0.000000000000000000e+00,4.300000000000000000e+01,4.301712854682082110e+01,5.000000000000000000e+01
1.684000000000000000e+03,0.000000000000000000e+00,3.436093517553414500e+01,-7.123902589060150670e-02,3.442255741812949310e+01,9.616783295250456304e-03,0.000000000000000000e+00,4.300000000000000000e+01,4.301697983952998072e+01,5.000000000000000000e+01
1.685000000000000000e+03,0.000000000000000000e+00,3.436104334070131472e+01,-7.062054011634881501e-02,3.442212811393425653e+01,9.535766883407058650e-03,0.000000000000000000e+00,4.300000000000000000e+01,4.301683238847884638e+01,5.000000000000000000e+01
1.686000000000000000e+03,0.000000000000000000e+00,3.436115067821754820e+01,-7.000727914568743993e-02,3.442170253776923516e+01,9.455419593996041219e-03,0.000000000000000000e+00,4.300000000000000000e+01,4.301668618327001070e+01,5.000000000000000000e+01
1.687000000000000000e+03,0.000000000000000000e+00,3.436125719438655324e+01,-6.939919973495044248e-02,3.442128065813558635e+01,9.375735985921822974e-03,0.000000000000000000e+00,4.300000000000000000e+01,4.301654121359075589e+01,5.000000000000000000e+01
1.688000000000000000e+03,0.000000000000000000e+00,3.436136289546428912e+01,-6.879625899270183642e-02,3.442086244379520821e+01,9.296710661787364188e-03,0.000000000000000000e+00,4.300000000000000000e+01,4.301639746921236451e+01,5.000000000000000000e+01
1.689000000000000000e+03,0.000000000000000000e+00,3.436146778765930776e+01,-6.819841437686999241e-02,3.442044786376860088e+01,9.218338267578346165e-03,0.000000000000000000e+00,4.300000000000000000e+01,4.301625493998948002e+01,5.000000000000000000e+01
1.690000000000000000e+03,0.000000000000000000e+00,3.436157187713287442e+01,-6.760562369208795996e-02,3.442003688733278466e+01,9.140613492176210067e-03,0.000000000000000000e+00,4.300000000000000000e+01,4.301611361585937487e+01,5.000000000000000000e+01
1.691000000000000000e+03,0.000000000000000000e+00,3.436167516999979910e+01,-6.701784508664963835e-02,3.441962948401918965e+01,9.063531067262400182e-03,0.000000000000000000e+00,4.300000000000000000e+01,4.301597348684134658e+01,5.000000000000000000e+01
1.692000000000000000e+03,0.000000000000000000e+00,3.436177767232832281e+01,-6.643503704999779991e-02,3.441922562361158811e+01,8.987085766733564351e-03,0.000000000000000000e+00,4.300000000000000000e+01,4.301583454303602139e+01,5.000000000000000000e+01
1.693000000000000000e+03,0.000000000000000000e+00,3.436187939014073578e+01,-6.585715840982801772e-02,3.441882527614404808e+01,8.911272406514642724e-03,0.000000000000000000e+00,4.300000000000000000e+01,4.301569677462471475e+01,5.000000000000000000e+01
1.694000000000000000e+03,0.000000000000000000e+00,3.436198032941362612e+01,-6.528416832942900150e-02,3.441842841189888702e+01,8.836085844164471431e-03,0.000000000000000000e+00,4.300000000000000000e+01,4.301556017186877767e+01,5.000000000000000000e+01
1.695000000000000000e+03,0.000000000000000000e+00,3.436208049607823511e+01,-6.471602630496375852e-02,3.441803500140463257e+01,8.761520978563407461e-03,0.000000000000000000e+00,4.300000000000000000e+01,4.301542472510895720e+01,5.000000000000000000e+01
1.696000000000000000e+03,0.000000000000000000e+00,3.436217989602079825e+01,-6.415269216280997111e-02,3.441764501543404009e+01,8.687572749567232244e-03,0.000000000000000000e+00,4.300000000000000000e+01,4.301529042476474274e+01,5.000000000000000000e+01
1.697000000000000000e+03,0.000000000000000000e+00,3.436227853508297869e+01,-6.359412605684112985e-02,3.441725842500208188e+01,8.614236137739780461e-03,0.000000000000000000e+00,4.300000000000000000e+01,4.301515726133374784e+01,5.000000000000000000e+01
1.698000000000000000e+03,0.000000000000000000e+00,3.436237641906210172e+01,-6.304028846585556234e-02,3.441687520136399314e+01,8.541506163966169560e-03,0.000000000000000000e+00,4.300000000000000000e+01,4.301502522539109208e+01,5.000000000000000000e+01
1.699000000000000000e+03,0.000000000000000000e+00,3.436247355371137502e+01,-6.249114019100542733e-02,3.441649531601328960e+01,8.469377889092469941e-03,0.000000000000000000e+00,4.300000000000000000e+01,4.301489430758874732e+01,5.000000000000000000e+01
1.700000000000000000e+03,0.000000000000000000e+00,3.436256994474048554e+01,-6.194664235307783401e-02,3.441611874067983479e+01,8.397846413727663717e-03,0.000000000000000000e+00,4.300000000000000000e+01,4.301476449865492668e+01,5.000000000000000000e+01
1.701000000000000000e+03,0.000000000000000000e+00,3.436266559781585528e+01,-6.140675638995345825e-02,3.441574544732792162e+01,8.326906877893936604e-03,0.000000000000000000e+00,4.300000000000000000e+01,4.301463578939350896e+01,5.000000000000000000e+01
1.702000000000000000e+03,0.000000000000000000e+00,3.436276051856069103e+01,-6.087144405421276300e-02,3.441537540815433971e+01,8.256554460563213585e-03,0.000000000000000000e+00,4.300000000000000000e+01,4.301450817068335652e+01,5.000000000000000000e+01
1.703000000000000000e+03,0.000000000000000000e+00,3.436285471255583701e+01,-6.034066741029905229e-02,3.441500859558649950e+01,8.186784379638351039e-03,0.000000000000000000e+00,4.300000000000000000e+01,4.301438163347779664e+01,5.000000000000000000e+01
1.704000000000000000e+03,0.000000000000000000e+00,3.436294818533946938e+01,-5.981438883236112058e-02,3.441464498228052804e+01,8.117591891302372575e-03,0.000000000000000000e+00,4.300000000000000000e+01,4.301425616880393932e+01,5.000000000000000000e+01
1.705000000000000000e+03,0.000000000000000000e+00,3.436304094240806251e+01,-5.929257100141629988e-02,3.441428454111942870e+01,8.048972290045423167e-03,0.000000000000000000e+00,4.300000000000000000e+01,4.301413176776215153e+01,5.000000000000000000e+01
1.706000000000000000e+03,0.000000000000000000e+00,3.436313298921612613e+01,-5.877517690316357707e-02,3.441392724521120527e+01,7.980920908084169346e-03,0.000000000000000000e+00,4.300000000000000000e+01,4.301400842152543191e+01,5.000000000000000000e+01
1.707000000000000000e+03,0.000000000000000000e+00,3.436322433117685904e+01,-5.826216982538302835e-02,3.441357306788703596e+01,7.913433115206328083e-03,0.000000000000000000e+00,4.300000000000000000e+01,4.301388612133881395e+01,5.000000000000000000e+01
1.708000000000000000e+03,0.000000000000000000e+00,3.436331497366252563e+01,-5.775351335545344383e-02,3.441322198269946142e+01,7.846504318515697129e-03,0.000000000000000000e+00,4.300000000000000000e+01,4.301376485851884013e+01,5.000000000000000000e+01
1.709000000000000000e+03,0.000000000000000000e+00,3.436340492200432095e+01,-5.724917137816547263e-02,3.441287396342056581e+01,7.780129961919284888e-03,0.000000000000000000e+00,4.300000000000000000e+01,4.301364462445291537e+01,5.000000000000000000e+01
1.710000000000000000e+03,0.000000000000000000e+00,3.436349418149325885e+01,-5.674910807303239907e-02,3.441252898404017913e+01,7.714305526117540453e-03,0.000000000000000000e+00,4.300000000000000000e+01,4.301352541059878831e+01,5.000000000000000000e+01
1.711000000000000000e+03,0.000000000000000000e+00,3.436358275738007961e+01,-5.625328791213281276e-02,3.441218701876411501e+01,7.649026528099667904e-03,0.000000000000000000e+00,4.300000000000000000e+01,4.301340720848395449e+01,5.000000000000000000e+01
1.712000000000000000e+03,0.000000000000000000e+00,3.436367065487574024e+01,-5.576167565762827488e-02,3.441184804201239444e+01,7.584288520976291414e-03,0.000000000000000000e+00,4.300000000000000000e+01,4.301329000970513050e+01,5.000000000000000000e+01
1.713000000000000000e+03,0.000000000000000000e+00,3.436375787915147129e+01,-5.527423635957643550e-02,3.441151202841750489e+01,7.520087093548229011e-03,0.000000000000000000e+00,4.300000000000000000e+01,4.301317380592765005e+01,5.000000000000000000e+01
1.714000000000000000e+03,0.000000000000000000e+00,3.436384443533944477e+01,-5.479093535341911930e-02,3.441117895282265238e+01,7.456417870207593390e-03,0.000000000000000000e+00,4.300000000000000000e+01,4.301305858888493105e+01,5.000000000000000000e+01
1.715000000000000000e+03,0.000000000000000000e+00,3.436393032853285234e+01,-5.431173825776593189e-02,3.441084879028004906e+01,7.393276510570335851e-03,0.000000000000000000e+00,4.300000000000000000e+01,4.301294435037794983e+01,5.000000000000000000e+01
1.716000000000000000e+03,0.000000000000000000e+00,3.436401556378611843e+01,-5.383661097220739794e-02,3.441052151604921505e+01,7.330658709106355544e-03,0.000000000000000000e+00,4.300000000000000000e+01,4.301283108227466556e+01,5.000000000000000000e+01
1.717000000000000000e+03,0.000000000000000000e+00,3.436410014611533370e+01,-5.336551967492123016e-02,3.441019710559526601e+01,7.268560194987630507e-03,0.000000000000000000e+00,4.300000000000000000e+01,4.301271877650947317e+01,5.000000000000000000e+01
1.718000000000000000e+03,0.000000000000000000e+00,3.436418408049867423e+01,-5.289843082039686478e-02,3.440987553458723625e+01,7.206976731836586478e-03,0.000000000000000000e+00,4.300000000000000000e+01,4.301260742508271306e+01,5.000000000000000000e+01
1.719000000000000000e+03,0.000000000000000000e+00,3.436426737187630920e+01,-5.243531113739630795e-02,3.440955677889643027e+01,7.145904117271411130e-03,0.000000000000000000e+00,4.300000000000000000e+01,4.301249702006009556e+01,5.000000000000000000e+01
1.720000000000000000e+03,0.000000000000000000e+00,3.436435002515099768e+01,-5.197612762656048102e-02,3.440924081459474593e+01,7.085338182812829164e-03,0.000000000000000000e+00,4.300000000000000000e+01,4.301238755357219645e+01,5.000000000000000000e+01
1.721000000000000000e+03,0.000000000000000000e+00,3.436443204518826633e+01,-5.152084755831098928e-02,3.440892761795305432e+01,7.025274793521919803e-03,0.000000000000000000e+00,4.300000000000000000e+01,4.301227901781391694e+01,5.000000000000000000e+01
1.722000000000000000e+03,0.000000000000000000e+00,3.436451343681675041e+01,-5.106943847060416153e-02,3.440861716543955851e+01,6.965709847800356444e-03,0.000000000000000000e+00,4.300000000000000000e+01,4.301217140504398628e+01,5.000000000000000000e+01
1.723000000000000000e+03,0.000000000000000000e+00,3.436459420482835725e+01,-5.062186816686244095e-02,3.440830943371818051e+01,6.906639277039097399e-03,0.000000000000000000e+00,4.300000000000000000e+01,4.301206470758442890e+01,5.000000000000000000e+01
1.724000000000000000e+03,0.000000000000000000e+00,3.436467435397864278e+01,-5.017810471375794279e-02,3.440800439964696977e+01,6.848059045428756333e-03,0.000000000000000000e+00,4.300000000000000000e+01,4.301195891782006697e+01,5.000000000000000000e+01
1.725000000000000000e+03,0.000000000000000000e+00,3.436475388898701766e+01,-4.973811643914382435e-02,3.440770204027651857e+01,6.789965149645259095e-03,0.000000000000000000e+00,4.300000000000000000e+01,4.301185402819798753e+01,5.000000000000000000e+01
1.726000000000000000e+03,0.000000000000000000e+00,3.436483281453723038e+01,-4.930187192983790517e-02,3.440740233284837046e+01,6.732353618694653617e-03,0.000000000000000000e+00,4.300000000000000000e+01,4.301175003122709484e+01,5.000000000000000000e+01
1.727000000000000000e+03,0.000000000000000000e+00,3.436491113527715413e+01,-4.886934002976082991e-02,3.440710525479347837e+01,6.675220513438134828e-03,0.000000000000000000e+00,4.300000000000000000e+01,4.301164691947754903e+01,5.000000000000000000e+01
1.728000000000000000e+03,0.000000000000000000e+00,3.436498885581961815e+01,-4.844048983760153304e-02,3.440681078373063428e+01,6.618561926590048848e-03,0.000000000000000000e+00,4.300000000000000000e+01,4.301154468558030430e+01,5.000000000000000000e+01
1.729000000000000000e+03,0.000000000000000000e+00,3.436506598074238639e+01,-4.801529070489628237e-02,3.440651889746494874e+01,6.562373982330582146e-03,0.000000000000000000e+00,4.300000000000000000e+01,4.301144332222661149e+01,5.000000000000000000e+01
1.730000000000000000e+03,0.000000000000000000e+00,3.436514251458844171e+01,-4.759371223396007683e-02,3.440622957398632309e+01,6.506652836082575490e-03,0.000000000000000000e+00,4.300000000000000000e+01,4.301134282216755622e+01,5.000000000000000000e+01
1.731000000000000000e+03,0.000000000000000000e+00,3.436521846186612805e+01,-4.717572427596577328e-02,3.440594279146792900e+01,6.451394674165938405e-03,0.000000000000000000e+00,4.300000000000000000e+01,4.301124317821351895e+01,5.000000000000000000e+01
1.732000000000000000e+03,0.000000000000000000e+00,3.436529382704979696e+01,-4.676129692869807064e-02,3.440565852826471627e+01,6.396595713778531651e-03,0.000000000000000000e+00,4.300000000000000000e+01,4.301114438323374856e+01,5.000000000000000000e+01
1.733000000000000000e+03,0.000000000000000000e+00,3.436536861457967973e+01,-4.635040053478046984e-02,3.440537676291192071e+01,6.342252202537839410e-03,0.000000000000000000e+00,4.300000000000000000e+01,4.301104643015587214e+01,5.000000000000000000e+01
1.734000000000000000e+03,0.000000000000000000e+00,3.436544282886225687e+01,-4.594300567963611331e-02,3.440509747412359332e+01,6.288360418301757598e-03,0.000000000000000000e+00,4.300000000000000000e+01,4.301094931196541893e+01,5.000000000000000000e+01
1.735000000000000000e+03,0.000000000000000000e+00,3.436551647427057077e+01,-4.553908318950782713e-02,3.440482064079113655e+01,6.234916668946562275e-03,0.000000000000000000e+00,4.300000000000000000e+01,4.301085302170533708e+01,5.000000000000000000e+01
1.736000000000000000e+03,0.000000000000000000e+00,3.436558955514458091e+01,-4.513860412944857570e-02,3.440454624198184064e+01,6.181917292187588675e-03,0.000000000000000000e+00,4.300000000000000000e+01,4.301075755247556742e+01,5.000000000000000000e+01
1.737000000000000000e+03,0.000000000000000000e+00,3.436566207579109999e+01,-4.474153980154835925e-02,3.440427425693745533e+01,6.129358655191902150e-03,0.000000000000000000e+00,4.300000000000000000e+01,4.301066289743256021e+01,5.000000000000000000e+01
1.738000000000000000e+03,0.000000000000000000e+00,3.436573404048426283e+01,-4.434786174292463384e-02,3.440400466507275468e+01,6.077237154437703168e-03,0.000000000000000000e+00,4.300000000000000000e+01,4.301056904978881335e+01,5.000000000000000000e+01
1.739000000000000000e+03,0.000000000000000000e+00,3.436580545346583193e+01,-4.395754172380145208e-02,3.440373744597413008e+01,6.025549215500739485e-03,0.000000000000000000e+00,4.300000000000000000e+01,4.301047600281243888e+01,5.000000000000000000e+01
1.740000000000000000e+03,0.000000000000000000e+00,3.436587631894520456e+01,-4.357055174570679396e-02,3.440347257939816927e+01,5.974291292745189698e-03,0.000000000000000000e+00,4.300000000000000000e+01,4.301038374982668699e+01,5.000000000000000000e+01
1.741000000000000000e+03,0.000000000000000000e+00,3.436594664109998121e+01,-4.318686403949257430e-02,3.440321004527027071e+01,5.923459869200863905e-03,0.000000000000000000e+00,4.300000000000000000e+01,4.301029228420951966e+01,5.000000000000000000e+01
1.742000000000000000e+03,0.000000000000000000e+00,3.436601642407595136e+01,-4.280645106356150559e-02,3.440294982368325805e+01,5.873051456256073513e-03,0.000000000000000000e+00,4.300000000000000000e+01,4.301020159939318432e+01,5.000000000000000000e+01
1.743000000000000000e+03,0.000000000000000000e+00,3.436608567198728537e+01,-4.242928550209398159e-02,3.440269189489600876e+01,5.823062593371485136e-03,0.000000000000000000e+00,4.300000000000000000e+01,4.301011168886373071e+01,5.000000000000000000e+01
1.744000000000000000e+03,0.000000000000000000e+00,3.436615438891708862e+01,-4.205534026303855283e-02,3.440243623933209705e+01,5.773489848033796536e-03,0.000000000000000000e+00,4.300000000000000000e+01,4.301002254616061293e+01,5.000000000000000000e+01
1.745000000000000000e+03,0.000000000000000000e+00,3.436622257891736609e+01,-4.168458847645700044e-02,3.440218283757844375e+01,5.724329815382186472e-03,0.000000000000000000e+00,4.300000000000000000e+01,4.300993416487625609e+01,5.000000000000000000e+01
1.746000000000000000e+03,0.000000000000000000e+00,3.436629024600923543e+01,-4.131700349272165312e-02,3.440193167038395927e+01,5.675579117997952595e-03,0.000000000000000000e+00,4.300000000000000000e+01,4.300984653865559437e+01,5.000000000000000000e+01
1.747000000000000000e+03,0.000000000000000000e+00,3.436635739418346702e+01,-4.095255888059450705e-02,3.440168271865824323e+01,5.627234405818662584e-03,0.000000000000000000e+00,4.300000000000000000e+01,4.300975966119568739e+01,5.000000000000000000e+01
1.748000000000000000e+03,0.000000000000000000e+00,3.436642402740037028e+01,-4.059122842563143985e-02,3.440143596347024868e+01,5.579292355755310212e-03,0.000000000000000000e+00,4.300000000000000000e+01,4.300967352624527962e+01,5.000000000000000000e+01
1.749000000000000000e+03,0.000000000000000000e+00,3.436649014959017734e+01,-4.023298612834994015e-02,3.440119138604697469e+01,5.531749671555896697e-03,0.000000000000000000e+00,4.300000000000000000e+01,4.300958812760438121e+01,5.000000000000000000e+01
1.750000000000000000e+03,0.000000000000000000e+00,3.436655576465329887e+01,-3.987780620248557173e-02,3.440094896777218736e+01,5.484603083595739059e-03,0.000000000000000000e+00,4.300000000000000000e+01,4.300950345912386297e+01,5.000000000000000000e+01
1.751000000000000000e+03,0.000000000000000000e+00,3.436662087646043062e+01,-3.952566307330749457e-02,3.440070869018511246e+01,5.437849348627043708e-03,0.000000000000000000e+00,4.300000000000000000e+01,4.300941951470502289e+01,5.000000000000000000e+01
1.752000000000000000e+03,0.000000000000000000e+00,3.436668548885301533e+01,-3.917653137581576794e-02,3.440047053497917773e+01,5.391485249655724593e-03,0.000000000000000000e+00,4.300000000000000000e+01,4.300933628829922384e+01,5.000000000000000000e+01
1.753000000000000000e+03,0.000000000000000000e+00,3.436674960564305792e+01,-3.883038595323425046e-02,3.440023448400074102e+01,5.345507595551315071e-03,0.000000000000000000e+00,4.300000000000000000e+01,4.300925377390743165e+01,5.000000000000000000e+01
1.754000000000000000e+03,0.000000000000000000e+00,3.436681323061380056e+01,-3.848720185508966440e-02,3.440000051924782554e+01,5.299913221068995421e-03,0.000000000000000000e+00,4.300000000000000000e+01,4.300917196557984568e+01,5.000000000000000000e+01
1.755000000000000000e+03,0.000000000000000000e+00,3.436687636751972263e+01,-3.814695433567489441e-02,3.439976862286888348e+01,5.254698986512188266e-03,0.000000000000000000e+00,4.300000000000000000e+01,4.300909085741551507e+01,5.000000000000000000e+01
1.756000000000000000e+03,0.000000000000000000e+00,3.436693902008659052e+01,-3.780961885245321535e-02,3.439953877716157393e+01,5.209861777473285931e-03,0.000000000000000000e+00,4.300000000000000000e+01,4.300901044356189828e+01,5.000000000000000000e+01
1.757000000000000000e+03,0.000000000000000000e+00,3.436700119201211123e+01,-3.747517106422602190e-02,3.439931096457151938e+01,5.165398504812348905e-03,0.000000000000000000e+00,4.300000000000000000e+01,4.300893071821452196e+01,5.000000000000000000e+01
1.758000000000000000e+03,0.000000000000000000e+00,3.436706288696563405e+01,-3.714358682971435899e-02,3.439908516769109781e+01,5.121306104251808523e-03,0.000000000000000000e+00,4.300000000000000000e+01,4.300885167561655464e+01,5.000000000000000000e+01
1.759000000000000000e+03,0.000000000000000000e+00,3.436712410858877575e+01,-3.681484220578577077e-02,3.439886136925823479e+01,5.077581536329263401e-03,0.000000000000000000e+00,4.300000000000000000e+01,4.300877331005843018e+01,5.000000000000000000e+01
1.760000000000000000e+03,0.000000000000000000e+00,3.436718486049549171e+01,-3.648891344588807428e-02,3.439863955215521685e+01,5.034221786160763407e-03,0.000000000000000000e+00,4.300000000000000000e+01,4.300869561587748535e+01,5.000000000000000000e+01
1.761000000000000000e+03,0.000000000000000000e+00,3.436724514627212557e+01,-3.616577699854217620e-02,3.439841969940750488e+01,4.991223863165218481e-03,0.000000000000000000e+00,4.300000000000000000e+01,4.300861858745754773e+01,5.000000000000000000e+01
1.762000000000000000e+03,0.000000000000000000e+00,3.436730496947792091e+01,-3.584540950562808276e-02,3.439820179418254753e+01,4.948584801000359586e-03,0.000000000000000000e+00,4.300000000000000000e+01,4.300854221922858756e+01,5.000000000000000000e+01
1.763000000000000000e+03,0.000000000000000000e+00,3.436736433364494303e+01,-3.552778780093680810e-02,3.439798581978862302e+01,4.906301657255290188e-03,0.000000000000000000e+00,4.300000000000000000e+01,4.300846650566632690e+01,5.000000000000000000e+01
1.764000000000000000e+03,0.000000000000000000e+00,3.436742324227846268e+01,-3.521288890854505638e-02,3.439777175967368095e+01,4.864371513329243842e-03,0.000000000000000000e+00,4.300000000000000000e+01,4.300839144129187730e+01,5.000000000000000000e+01
1.765000000000000000e+03,0.000000000000000000e+00,3.436748169885709103e+01,-3.490069004130803842e-02,3.439755959742419122e+01,4.822791474208492669e-03,0.000000000000000000e+00,4.300000000000000000e+01,4.300831702067137030e+01,5.000000000000000000e+01
1.766000000000000000e+03,0.000000000000000000e+00,3.436753970683297865e+01,-3.459116859932277049e-02,3.439734931676401430e+01,4.781558668286042812e-03,0.000000000000000000e+00,4.300000000000000000e+01,4.300824323841558083e+01,5.000000000000000000e+01
1.767000000000000000e+03,0.000000000000000000e+00,3.436759726963212813e+01,-3.428430216836182709e-02,3.439714090155326431e+01,4.740670247221177337e-03,0.000000000000000000e+00,4.300000000000000000e+01,4.300817008917959328e+01,5.000000000000000000e+01
1.768000000000000000e+03,0.000000000000000000e+00,3.436765439065435856e+01,-3.398006851848436871e-02,3.439693433578719350e+01,4.700123385643410062e-03,0.000000000000000000e+00,4.300000000000000000e+01,4.300809756766242486e+01,5.000000000000000000e+01
1.769000000000000000e+03,0.000000000000000000e+00,3.436771107327365371e+01,-3.367844560246991553e-02,3.439672960359508380e+01,4.659915281041860508e-03,0.000000000000000000e+00,4.300000000000000000e+01,4.300802566860665621e+01,5.000000000000000000e+01
1.770000000000000000e+03,0.000000000000000000e+00,3.436776732083848884e+01,-3.337941155428161832e-02,3.439652668923913126e+01,4.620043153634661309e-03,0.000000000000000000e+00,4.300000000000000000e+01,4.300795438679811866e+01,5.000000000000000000e+01
1.771000000000000000e+03,0.000000000000000000e+00,3.436782313667163891e+01,-3.308294468776597219e-02,3.439632557711337313e+01,4.580504246027029477e-03,0.000000000000000000e+00,4.300000000000000000e+01,4.300788371706548219e+01,5.000000000000000000e+01
1.772000000000000000e+03,0.000000000000000000e+00,3.436787852407092458e+01,-3.278902349493880569e-02,3.439612625174258653e+01,4.541295823278160802e-03,0.000000000000000000e+00,4.300000000000000000e+01,4.300781365427998537e+01,5.000000000000000000e+01
1.773000000000000000e+03,0.000000000000000000e+00,3.436793348630877176e+01,-3.249762664486229025e-02,3.439592869778122264e+01,4.502415172412902594e-03,0.000000000000000000e+00,4.300000000000000000e+01,4.300774419335502330e+01,5.000000000000000000e+01
1.774000000000000000e+03,0.000000000000000000e+00,3.436798802663292207e+01,-3.220873298193093620e-02,3.439573290001233374e+01,4.463859602517447969e-03,0.000000000000000000e+00,4.300000000000000000e+01,4.300767532924583492e+01,5.000000000000000000e+01
1.775000000000000000e+03,0.000000000000000000e+00,3.436804214826640447e+01,-3.192232152457128574e-02,3.439553884334652878e+01,4.425626444443039008e-03,0.000000000000000000e+00,4.300000000000000000e+01,4.300760705694916908e+01,5.000000000000000000e+01
1.776000000000000000e+03,0.000000000000000000e+00,3.436809585440767023e+01,-3.163837146385298227e-02,3.439534651282091460e+01,4.387713050612512995e-03,0.000000000000000000e+00,4.300000000000000000e+01,4.300753937150294348e+01,5.000000000000000000e+01
1.777000000000000000e+03,0.000000000000000000e+00,3.436814914823084166e+01,-3.135686216207025229e-02,3.439515589359804437e+01,4.350116794867607724e-03,0.000000000000000000e+00,4.300000000000000000e+01,4.300747226798590361e+01,5.000000000000000000e+01
1.778000000000000000e+03,0.000000000000000000e+00,3.436820203288591102e+01,-3.107777315132342899e-02,3.439496697096490863e+01,4.312835072326696821e-03,0.000000000000000000e+00,4.300000000000000000e+01,4.300740574151728168e+01,5.000000000000000000e+01
1.779000000000000000e+03,0.000000000000000000e+00,3.436825451149903188e+01,-3.080108413210044110e-02,3.439477973033188363e+01,4.275865299252248203e-03,0.000000000000000000e+00,4.300000000000000000e+01,4.300733978725650530e+01,5.000000000000000000e+01
1.780000000000000000e+03,0.000000000000000000e+00,3.436830658717241960e+01,-3.052677497206518487e-02,3.439459415723175084e+01,4.239204912734618677e-03,0.000000000000000000e+00,4.300000000000000000e+01,4.300727440040283511e+01,5.000000000000000000e+01
1.781000000000000000e+03,0.000000000000000000e+00,3.436835826298477059e+01,-3.025482570455036158e-02,3.439441023731865243e+01,4.202851370672778565e-03,0.000000000000000000e+00,4.300000000000000000e+01,4.300720957619505924e+01,5.000000000000000000e+01
1.782000000000000000e+03,0.000000000000000000e+00,3.436840954199136888e+01,-2.998521652728674061e-02,3.439422795636711783e+01,4.166802151536093402e-03,0.000000000000000000e+00,4.300000000000000000e+01,4.300714530991116646e+01,5.000000000000000000e+01
1.783000000000000000e+03,0.000000000000000000e+00,3.436846042722424244e+01,-2.971792780104377113e-02,3.439404730027106183e+01,4.131054754224988343e-03,0.000000000000000000e+00,4.300000000000000000e+01,4.300708159686803356e+01,5.000000000000000000e+01
1.784000000000000000e+03,0.000000000000000000e+00,3.436851092169236210e+01,-2.945294004832928886e-02,3.439386825504280409e+01,4.095606697886066544e-03,0.000000000000000000e+00,4.300000000000000000e+01,4.300701843242111266e+01,5.000000000000000000e+01
1.785000000000000000e+03,0.000000000000000000e+00,3.436856102838174820e+01,-2.919023395208922289e-02,3.439369080681209567e+01,4.060455521739861524e-03,0.000000000000000000e+00,4.300000000000000000e+01,4.300695581196409734e+01,5.000000000000000000e+01
1.786000000000000000e+03,0.000000000000000000e+00,3.436861075025582579e+01,-2.892979035431865811e-02,3.439351494182513846e+01,4.025598785002962830e-03,0.000000000000000000e+00,4.300000000000000000e+01,4.300689373092863832e+01,5.000000000000000000e+01
1.787000000000000000e+03,0.000000000000000000e+00,3.436866009025538915e+01,-2.867159025487973911e-02,3.439334064644364730e+01,3.991034066622735181e-03,0.000000000000000000e+00,4.300000000000000000e+01,4.300683218478402381e+01,5.000000000000000000e+01
1.788000000000000000e+03,0.000000000000000000e+00,3.436870905129888598e+01,-2.841561481017183463e-02,3.439316790714389072e+01,3.956758965167825326e-03,0.000000000000000000e+00,4.300000000000000000e+01,4.300677116903687391e+01,5.000000000000000000e+01
1.789000000000000000e+03,0.000000000000000000e+00,3.436875763628254532e+01,-2.816184533186080752e-02,3.439299671051573171e+01,3.922771098671094976e-03,0.000000000000000000e+00,4.300000000000000000e+01,4.300671067923083513e+01,5.000000000000000000e+01
1.790000000000000000e+03,0.000000000000000000e+00,3.436880584808059780e+01,-2.791026328560826386e-02,3.439282704326171825e+01,3.889068104483283002e-03,0.000000000000000000e+00,4.300000000000000000e+01,4.300665071094628900e+01,5.000000000000000000e+01
1.791000000000000000e+03,0.000000000000000000e+00,3.436885368954533959e+01,-2.766085028985992150e-02,3.439265889219612404e+01,3.855647639081602983e-03,0.000000000000000000e+00,4.300000000000000000e+01,4.300659125980003950e+01,5.000000000000000000e+01
1.792000000000000000e+03,0.000000000000000000e+00,3.436890116350748769e+01,-2.741358811454532723e-02,3.439249224424406037e+01,3.822507377974023336e-03,0.000000000000000000e+00,4.300000000000000000e+01,4.300653232144503590e+01,5.000000000000000000e+01
1.793000000000000000e+03,0.000000000000000000e+00,3.436894827277608755e+01,-2.716845867992531693e-02,3.439232708644053815e+01,3.789645015472421427e-03,0.000000000000000000e+00,4.300000000000000000e+01,4.300647389157006728e+01,5.000000000000000000e+01
1.794000000000000000e+03,0.000000000000000000e+00,3.436899502013883279e+01,-2.692544405532128551e-02,3.439216340592956556e+01,3.757058264591377206e-03,0.000000000000000000e+00,4.300000000000000000e+01,4.300641596589947113e+01,5.000000000000000000e+01
1.795000000000000000e+03,0.000000000000000000e+00,3.436904140836224286e+01,-2.668452645790354849e-02,3.439200118996325273e+01,3.724744856898812642e-03,0.000000000000000000e+00,4.300000000000000000e+01,4.300635854019284210e+01,5.000000000000000000e+01
1.796000000000000000e+03,0.000000000000000000e+00,3.436908744019182649e+01,-2.644568825147970356e-02,3.439184042590093071e+01,3.692702542376842187e-03,0.000000000000000000e+00,4.300000000000000000e+01,4.300630161024475484e+01,5.000000000000000000e+01
1.797000000000000000e+03,0.000000000000000000e+00,3.436913311835215268e+01,-2.620891194534210808e-02,3.439168110120825617e+01,3.660929089237066787e-03,0.000000000000000000e+00,4.300000000000000000e+01,4.300624517188448692e+01,5.000000000000000000e+01
1.798000000000000000e+03,0.000000000000000000e+00,3.436917844554695733e+01,-2.597418019311535653e-02,3.439152320345632319e+01,3.629422283748491920e-03,0.000000000000000000e+00,4.300000000000000000e+01,4.300618922097569907e+01,5.000000000000000000e+01
1.799000000000000000e+03,0.000000000000000000e+00,3.436922342445962641e+01,-2.574147579142640682e-02,3.439136672032081066e+01,3.598179930242400432e-03,0.000000000000000000e+00,4.300000000000000000e+01,4.300613375341621492e+01,5.000000000000000000e+01
1.800000000000000000e+03,0.000000000000000000e+00,3.436926805775286198e+01,-2.551078167898850751e-02,3.439121163958112248e+01,3.567199850731438918e-03,0.000000000000000000e+00,4.300000000000000000e+01,4.300607876513768701e+01,5.000000000000000000e+01
1.801000000000000000e+03,0.000000000000000000e+00,3.436931234806929325e+01,-2.528208093521221861e-02,3.439105794911951364e+01,3.536479884995253654e-03,0.000000000000000000e+00,4.300000000000000000e+01,4.300602425210534108e+01,5.000000000000000000e+01
1.802000000000000000e+03,0.000000000000000000e+00,3.436935629803146952e+01,-2.505535677914156115e-02,3.439090563692025171e+01,3.506017890357419897e-03,0.000000000000000000e+00,4.300000000000000000e+01,4.300597021031774148e+01,5.000000000000000000e+01
1.803000000000000000e+03,0.000000000000000000e+00,3.436939991024168961e+01,-2.483059256847877649e-02,3.439075469106877136e+01,3.475811741395017085e-03,0.000000000000000000e+00,4.300000000000000000e+01,4.300591663580644308e+01,5.000000000000000000e+01
1.804000000000000000e+03,0.000000000000000000e+00,3.436944318728281900e+01,-2.460777179813630061e-02,3.439060509975085012e+01,3.445859330108571456e-03,0.000000000000000000e+00,4.300000000000000000e+01,4.300586352463580653e+01,5.000000000000000000e+01
1.805000000000000000e+03,0.000000000000000000e+00,3.436948613171774269e+01,-2.438687809946838564e-02,3.439045685125176277e+01,3.416158565447140368e-03,0.000000000000000000e+00,4.300000000000000000e+01,4.300581087290265714e+01,5.000000000000000000e+01
1.806000000000000000e+03,0.000000000000000000e+00,3.436952874609009712e+01,-2.416789523885262692e-02,3.439030993395547853e+01,3.386707373471563656e-03,0.000000000000000000e+00,4.300000000000000000e+01,4.300575867673608599e+01,5.000000000000000000e+01
1.807000000000000000e+03,0.000000000000000000e+00,3.436957103292391480e+01,-2.395080711686248254e-02,3.439016433634382253e+01,3.357503696955911783e-03,0.000000000000000000e+00,4.300000000000000000e+01,4.300570693229713015e+01,5.000000000000000000e+01
1.808000000000000000e+03,0.000000000000000000e+00,3.436961299472424258e+01,-2.373559776693744475e-02,3.439002004699569426e+01,3.328545495484224424e-03,0.000000000000000000e+00,4.300000000000000000e+01,4.300565563577855954e+01,5.000000000000000000e+01
1.809000000000000000e+03,0.000000000000000000e+00,3.436965463397687159e+01,-2.352225135449647481e-02,3.438987705458624333e+01,3.299830745127647642e-03,0.000000000000000000e+00,4.300000000000000000e+01,4.300560478340458559e+01,5.000000000000000000e+01
1.810000000000000000e+03,0.000000000000000000e+00,3.436969595314880621e+01,-2.331075217572636804e-02,3.438973534788608788e+01,3.271357438446495600e-03,0.000000000000000000e+00,4.300000000000000000e+01,4.300555437143062676e+01,5.000000000000000000e+01
1.811000000000000000e+03,0.000000000000000000e+00,3.436973695468817880e+01,-2.310108465660653740e-02,3.438959491576051875e+01,3.243123584271910900e-03,0.000000000000000000e+00,4.300000000000000000e+01,4.300550439614304565e+01,5.000000000000000000e+01
1.812000000000000000e+03,0.000000000000000000e+00,3.436977764102451260e+01,-2.289323335181558255e-02,3.438945574716871789e+01,3.215127207612578520e-03,0.000000000000000000e+00,4.300000000000000000e+01,4.300545485385889322e+01,5.000000000000000000e+01
1.813000000000000000e+03,0.000000000000000000e+00,3.436981801456885677e+01,-2.268718294366742216e-02,3.438931783116298391e+01,3.187366349540278736e-03,0.000000000000000000e+00,4.300000000000000000e+01,4.300540574092567425e+01,5.000000000000000000e+01
1.814000000000000000e+03,0.000000000000000000e+00,3.436985807771382895e+01,-2.248291824113608089e-02,3.438918115688796462e+01,3.159839067000668258e-03,0.000000000000000000e+00,4.300000000000000000e+01,4.300535705372108453e+01,5.000000000000000000e+01
1.815000000000000000e+03,0.000000000000000000e+00,3.436989783283387823e+01,-2.228042417876224812e-02,3.438904571357988971e+01,3.132543432747121777e-03,0.000000000000000000e+00,4.300000000000000000e+01,4.300530878865275497e+01,5.000000000000000000e+01
1.816000000000000000e+03,0.000000000000000000e+00,3.436993728228546985e+01,-2.207968581558941365e-02,3.438891149056581042e+01,3.105477535251558938e-03,0.000000000000000000e+00,4.300000000000000000e+01,4.300526094215805983e+01,5.000000000000000000e+01
1.817000000000000000e+03,0.000000000000000000e+00,3.436997642840687917e+01,-2.188068833436596083e-02,3.438877847726286774e+01,3.078639478373580533e-03,0.000000000000000000e+00,4.300000000000000000e+01,4.300521351070379694e+01,5.000000000000000000e+01
1.818000000000000000e+03,0.000000000000000000e+00,3.437001527351885244e+01,-2.168341704021533103e-02,3.438864666317751784e+01,3.052027381547793919e-03,0.000000000000000000e+00,4.300000000000000000e+01,4.300516649078601006e+01,5.000000000000000000e+01
1.819000000000000000e+03,0.000000000000000000e+00,3.437005381992432973e+01,-2.148785735989721182e-02,3.438851603790481448e+01,3.025639379407692002e-03,0.000000000000000000e+00,4.300000000000000000e+01,4.300511987892974020e+01,5.000000000000000000e+01
1.820000000000000000e+03,0.000000000000000000e+00,3.437009206990860832e+01,-2.129399484077321159e-02,3.438838659112767004e+01,2.999473621710559233e-03,0.000000000000000000e+00,4.300000000000000000e+01,4.300507367168875561e+01,5.000000000000000000e+01
1.821000000000000000e+03,0.000000000000000000e+00,3.437013002573979037e+01,-2.110181514968390362e-02,3.438825831261612365e+01,2.973528273350106461e-03,0.000000000000000000e+00,4.300000000000000000e+01,4.300502786564535285e+01,5.000000000000000000e+01
1.822000000000000000e+03,0.000000000000000000e+00,3.437016768966859814e+01,-2.091130407212133877e-02,3.438813119222663062e+01,2.947801514092921772e-03,0.000000000000000000e+00,4.300000000000000000e+01,4.300498245741012227e+01,5.000000000000000000e+01
1.823000000000000000e+03,0.000000000000000000e+00,3.437020506392855168e+01,-2.072244751125385670e-02,3.438800521990133774e+01,2.922291538470589336e-03,0.000000000000000000e+00,4.300000000000000000e+01,4.300493744362168513e+01,5.000000000000000000e+01
1.824000000000000000e+03,0.000000000000000000e+00,3.437024215073633115e+01,-2.053523148683263425e-02,3.438788038566737271e+01,2.896996555789316686e-03,0.000000000000000000e+00,4.300000000000000000e+01,4.300489282094651600e+01,5.000000000000000000e+01
1.825000000000000000e+03,0.000000000000000000e+00,3.437027895229151397e+01,-2.034964213445290479e-02,3.438775667963616200e+01,2.871914789808510411e-03,0.000000000000000000e+00,4.300000000000000000e+01,4.300484858607866556e+01,5.000000000000000000e+01
1.826000000000000000e+03,0.000000000000000000e+00,3.437031547077712190e+01,-2.016566570440141842e-02,3.438763409200269905e+01,2.847044478826775069e-03,0.000000000000000000e+00,4.300000000000000000e+01,4.300480473573957596e+01,5.000000000000000000e+01
1.827000000000000000e+03,0.000000000000000000e+00,3.437035170835940079e+01,-1.998328856088808086e-02,3.438751261304488338e+01,2.822383875404112837e-03,0.000000000000000000e+00,4.300000000000000000e+01,4.300476126667782495e+01,5.000000000000000000e+01
1.828000000000000000e+03,0.000000000000000000e+00,3.437038766718820426e+01,-1.980249718098209960e-02,3.438739223312281013e+01,2.797931246378432442e-03,0.000000000000000000e+00,4.300000000000000000e+01,4.300471817566892696e+01,5.000000000000000000e+01
1.829000000000000000e+03,0.000000000000000000e+00,3.437042334939697952e+01,-1.962327815378451037e-02,3.438727294267810919e+01,2.773684872660669640e-03,0.000000000000000000e+00,4.300000000000000000e+01,4.300467545951511283e+01,5.000000000000000000e+01
1.830000000000000000e+03,0.000000000000000000e+00,3.437045875710286680e+01,-1.944561817951206278e-02,3.438715473223324892e+01,2.749643049126510551e-03,0.000000000000000000e+00,4.300000000000000000e+01,4.300463311504509534e+01,5.000000000000000000e+01
1.831000000000000000e+03,0.000000000000000000e+00,3.437049389240693387e+01,-1.926950406852201772e-02,3.438703759239088953e+01,2.725804084570575010e-03,0.000000000000000000e+00,4.300000000000000000e+01,4.300459113911387732e+01,5.000000000000000000e+01
1.832000000000000000e+03,0.000000000000000000e+00,3.437052875739417601e+01,-1.909492274051423008e-02,3.438692151383319384e+01,2.702166301498539445e-03,0.000000000000000000e+00,4.300000000000000000e+01,4.300454952860251012e+01,5.000000000000000000e+01
1.833000000000000000e+03,0.000000000000000000e+00,3.437056335413379315e+01,-1.892186122352636918e-02,3.438680648732119494e+01,2.678728036126192761e-03,0.000000000000000000e+00,4.300000000000000000e+01,4.300450828041790174e+01,5.000000000000000000e+01
1.834000000000000000e+03,0.000000000000000000e+00,3.437059768467916854e+01,-1.875030665313604655e-02,3.438669250369412111e+01,2.655487638185829915e-03,0.000000000000000000e+00,4.300000000000000000e+01,4.300446739149259656e+01,5.000000000000000000e+01
1.835000000000000000e+03,0.000000000000000000e+00,3.437063175106807478e+01,-1.858024627154465994e-02,3.438657955386876353e+01,2.632443470856006898e-03,0.000000000000000000e+00,4.300000000000000000e+01,4.300442685878457638e+01,5.000000000000000000e+01
1.836000000000000000e+03,0.000000000000000000e+00,3.437066555532268097e+01,-1.841166742674996831e-02,3.438646762883881536e+01,2.609593910613498130e-03,0.000000000000000000e+00,4.300000000000000000e+01,4.300438667927703307e+01,5.000000000000000000e+01
1.837000000000000000e+03,0.000000000000000000e+00,3.437069909944985113e+01,-1.824455757160041089e-02,3.438635671967424656e+01,2.586937347205503154e-03,0.000000000000000000e+00,4.300000000000000000e+01,4.300434684997819090e+01,5.000000000000000000e+01
1.838000000000000000e+03,0.000000000000000000e+00,3.437073238544104470e+01,-1.807890426305631612e-02,3.438624681752067147e+01,2.564472183431023775e-03,0.000000000000000000e+00,4.300000000000000000e+01,4.300430736792107922e+01,5.000000000000000000e+01
1.839000000000000000e+03,0.000000000000000000e+00,3.437076541527260076e+01,-1.791469516124422068e-02,3.438613791359871641e+01,2.542196835129910144e-03,0.000000000000000000e+00,4.300000000000000000e+01,4.300426823016332634e+01,5.000000000000000000e+01
1.840000000000000000e+03,0.000000000000000000e+00,3.437079819090589439e+01,-1.775191802859987442e-02,3.438602999920340864e+01,2.520109731090059129e-03,0.000000000000000000e+00,4.300000000000000000e+01,4.300422943378699614e+01,5.000000000000000000e+01
1.841000000000000000e+03,0.000000000000000000e+00,3.437083071428714476e+01,-1.759056072918853408e-02,3.438592306570353685e+01,2.498209312795758846e-03,0.000000000000000000e+00,4.300000000000000000e+01,4.300419097589833228e+01,5.000000000000000000e+01
1.842000000000000000e+03,0.000000000000000000e+00,3.437086298734797651e+01,-1.743061122764109211e-02,3.438581710454106144e+01,2.476494034551153262e-03,0.000000000000000000e+00,4.300000000000000000e+01,4.300415285362762319e+01,5.000000000000000000e+01
1.843000000000000000e+03,0.000000000000000000e+00,3.437089501200502184e+01,-1.727205758859259518e-02,3.438571210723048921e+01,2.454962363127220770e-03,0.000000000000000000e+00,4.300000000000000000e+01,4.300411506412893914e+01,5.000000000000000000e+01
1.844000000000000000e+03,0.000000000000000000e+00,3.437092679016063812e+01,-1.711488797558879948e-02,3.438560806535829784e+01,2.433612777928458124e-03,0.000000000000000000e+00,4.300000000000000000e+01,4.300407760458001150e+01,5.000000000000000000e+01
1.845000000000000000e+03,0.000000000000000000e+00,3.437095832370231818e+01,-1.695909065058381210e-02,3.438550497058230349e+01,2.412443770597529156e-03,0.000000000000000000e+00,4.300000000000000000e+01,4.300404047218196979e+01,5.000000000000000000e+01
1.846000000000000000e+03,0.000000000000000000e+00,3.437098961450345058e+01,-1.680465397284663931e-02,3.438540281463109949e+01,2.391453845197576838e-03,0.000000000000000000e+00,4.300000000000000000e+01,4.300400366415919962e+01,5.000000000000000000e+01
1.847000000000000000e+03,0.000000000000000000e+00,3.437102066442299275e+01,-1.665156639837016284e-02,3.438530158930345237e+01,2.370641517914027791e-03,0.000000000000000000e+00,4.300000000000000000e+01,4.300396717775912236e+01,5.000000000000000000e+01
1.848000000000000000e+03,0.000000000000000000e+00,3.437105147530583338e+01,-1.649981647895501849e-02,3.438520128646771212e+01,2.350005317079630843e-03,0.000000000000000000e+00,4.300000000000000000e+01,4.300393101025203180e+01,5.000000000000000000e+01
1.849000000000000000e+03,0.000000000000000000e+00,3.437108204898270714e+01,-1.634939286152989682e-02,3.438510189806125794e+01,2.329543782977525589e-03,0.000000000000000000e+00,4.300000000000000000e+01,4.300389515893088088e+01,5.000000000000000000e+01
1.850000000000000000e+03,0.000000000000000000e+00,3.437111238727049312e+01,-1.620028428726499187e-02,3.438500341608990851e+01,2.309255467850498001e-03,0.000000000000000000e+00,4.300000000000000000e+01,4.300385962111113258e+01,5.000000000000000000e+01
1.851000000000000000e+03,0.000000000000000000e+00,3.437114249197205140e+01,-1.605247959095140037e-02,3.438490583262734646e+01,2.289138935661808472e-03,0.000000000000000000e+00,4.300000000000000000e+01,4.300382439413052538e+01,5.000000000000000000e+01
1.852000000000000000e+03,0.000000000000000000e+00,3.437117236487675598e+01,-1.590596770002590185e-02,3.438480913981457832e+01,2.269192762202758111e-03,0.000000000000000000e+00,4.300000000000000000e+01,4.300378947534895246e+01,5.000000000000000000e+01
1.853000000000000000e+03,0.000000000000000000e+00,3.437120200776004708e+01,-1.576073763406857578e-02,3.438471332985935902e+01,2.249415534752382401e-03,0.000000000000000000e+00,4.300000000000000000e+01,4.300375486214822018e+01,5.000000000000000000e+01
1.854000000000000000e+03,0.000000000000000000e+00,3.437123142238406359e+01,-1.561677850379804278e-02,3.438461839503563056e+01,2.229805852228455409e-03,0.000000000000000000e+00,4.300000000000000000e+01,4.300372055193191301e+01,5.000000000000000000e+01
1.855000000000000000e+03,0.000000000000000000e+00,3.437126061049738723e+01,-1.547407951050995371e-02,3.438452432768298195e+01,2.210362324915185039e-03,0.000000000000000000e+00,4.300000000000000000e+01,4.300368654212520170e+01,5.000000000000000000e+01
1.856000000000000000e+03,0.000000000000000000e+00,3.437128957383526284e+01,-1.533262994527910365e-02,3.438443112020610926e+01,2.191083574429780571e-03,0.000000000000000000e+00,4.300000000000000000e+01,4.300365283017465856e+01,5.000000000000000000e+01
1.857000000000000000e+03,0.000000000000000000e+00,3.437131831411974048e+01,-1.519241918819107078e-02,3.438433876507426845e+01,2.171968233663770873e-03,0.000000000000000000e+00,4.300000000000000000e+01,4.300361941354807982e+01,5.000000000000000000e+01
1.858000000000000000e+03,0.000000000000000000e+00,3.437134683305982463e+01,-1.505343670760341326e-02,3.438424725482072830e+01,2.153014946700800188e-03,0.000000000000000000e+00,4.300000000000000000e+01,4.300358628973434350e+01,5.000000000000000000e+01
1.859000000000000000e+03,0.000000000000000000e+00,3.437137513235130371e+01,-1.491567205955463341e-02,3.438415658204225167e+01,2.134222368602382413e-03,0.000000000000000000e+00,4.300000000000000000e+01,4.300355345624319625e+01,5.000000000000000000e+01
1.860000000000000000e+03,0.000000000000000000e+00,3.437140321367716922e+01,-1.477911488687761073e-02,3.438406673939856262e+01,2.115589165483617445e-03,0.000000000000000000e+00,4.300000000000000000e+01,4.300352091060511128e+01,5.000000000000000000e+01
1.861000000000000000e+03,0.000000000000000000e+00,3.437143107870752345e+01,-1.464375491860856436e-02,3.438397771961182059e+01,2.097114014308412711e-03,0.000000000000000000e+00,4.300000000000000000e+01,4.300348865037110357e+01,5.000000000000000000e+01
1.862000000000000000e+03,0.000000000000000000e+00,3.437145872909974997e+01,-1.450958196921869718e-02,3.438388951546610883e+01,2.078795602863893390e-03,0.000000000000000000e+00,4.300000000000000000e+01,4.300345667311256648e+01,5.000000000000000000e+01
1.863000000000000000e+03,0.000000000000000000e+00,3.437148616649863442e+01,-1.437658593793450339e-02,3.438380211980690859e+01,2.060632629653961958e-03,0.000000000000000000e+00,4.300000000000000000e+01,4.300342497642110828e+01,5.000000000000000000e+01
1.864000000000000000e+03,0.000000000000000000e+00,3.437151339253634319e+01,-1.424475680805806395e-02,3.438371552554060173e+01,2.042623803800134447e-03,0.000000000000000000e+00,4.300000000000000000e+01,4.300339355790838169e+01,5.000000000000000000e+01
1.865000000000000000e+03,0.000000000000000000e+00,3.437154040883265793e+01,-1.411408464625780491e-02,3.438362972563393782e+01,2.024767844976685209e-03,0.000000000000000000e+00,4.300000000000000000e+01,4.300336241520592750e+01,5.000000000000000000e+01
1.866000000000000000e+03,0.000000000000000000e+00,3.437156721699494000e+01,-1.398455960191834734e-02,3.438354471311355809e+01,2.007063483295160305e-03,0.000000000000000000e+00,4.300000000000000000e+01,4.300333154596500407e+01,5.000000000000000000e+01
1.867000000000000000e+03,0.000000000000000000e+00,3.437159381861831520e+01,-1.385617190643125690e-02,3.438346048106549802e+01,1.989509459251846604e-03,0.000000000000000000e+00,4.300000000000000000e+01,4.300330094785643098e+01,5.000000000000000000e+01
1.868000000000000000e+03,0.000000000000000000e+00,3.437162021528573774e+01,-1.372891187254490775e-02,3.438337702263466156e+01,1.972104523623766873e-03,0.000000000000000000e+00,4.300000000000000000e+01,4.300327061857041144e+01,5.000000000000000000e+01
1.869000000000000000e+03,0.000000000000000000e+00,3.437164640856819631e+01,-1.360276989362566545e-02,3.438329433102436639e+01,1.954847437454381321e-03,0.000000000000000000e+00,4.300000000000000000e+01,4.300324055581640437e+01,5.000000000000000000e+01
1.870000000000000000e+03,0.000000000000000000e+00,3.437167240002455770e+01,-1.347773644312596705e-02,3.438321239949583941e+01,1.937736971847537574e-03,0.000000000000000000e+00,4.300000000000000000e+01,4.300321075732295384e+01,5.000000000000000000e+01
1.871000000000000000e+03,0.000000000000000000e+00,3.437169819120180136e+01,-1.335380207387506200e-02,3.438313122136773359e+01,1.920771907940698256e-03,0.000000000000000000e+00,4.300000000000000000e+01,4.300318122083751859e+01,5.000000000000000000e+01
1.872000000000000000e+03,0.000000000000000000e+00,3.437172378363516145e+01,-1.323095741736976007e-02,3.438305079001565190e+01,1.903951036879997401e-03,0.000000000000000000e+00,4.300000000000000000e+01,4.300315194412633701e+01,5.000000000000000000e+01
1.873000000000000000e+03,0.000000000000000000e+00,3.437174917884812686e+01,-1.310919318321295338e-02,3.438297109887167835e+01,1.887273159659340512e-03,0.000000000000000000e+00,4.300000000000000000e+01,4.300312292497424949e+01,5.000000000000000000e+01
1.874000000000000000e+03,0.000000000000000000e+00,3.437177437835267568e+01,-1.298850015837480637e-02,3.438289214142390904e+01,1.870737087135694414e-03,0.000000000000000000e+00,4.300000000000000000e+01,4.300309416118458472e+01,5.000000000000000000e+01
1.875000000000000000e+03,0.000000000000000000e+00,3.437179938364904785e+01,-1.286886920671992396e-02,3.438281391121596897e+01,1.854341639795540784e-03,0.000000000000000000e+00,4.300000000000000000e+01,4.300306565057896790e+01,5.000000000000000000e+01
1.876000000000000000e+03,0.000000000000000000e+00,3.437182419622618568e+01,-1.275029126820945158e-02,3.438273640184655733e+01,1.838085647840148216e-03,0.000000000000000000e+00,4.300000000000000000e+01,4.300303739099719280e+01,5.000000000000000000e+01
1.877000000000000000e+03,0.000000000000000000e+00,3.437184881756164856e+01,-1.263275735836912918e-02,3.438265960696899981e+01,1.821967951017223163e-03,0.000000000000000000e+00,4.300000000000000000e+01,4.300300938029707254e+01,5.000000000000000000e+01
1.878000000000000000e+03,0.000000000000000000e+00,3.437187324912165565e+01,-1.251625856766870430e-02,3.438258352029077969e+01,1.805987398546664855e-03,0.000000000000000000e+00,4.300000000000000000e+01,4.300298161635427618e+01,5.000000000000000000e+01
1.879000000000000000e+03,0.000000000000000000e+00,3.437189749236134162e+01,-1.240078606084223968e-02,3.438250813557308305e+01,1.790142849106458748e-03,0.000000000000000000e+00,4.300000000000000000e+01,4.300295409706220795e+01,5.000000000000000000e+01
1.880000000000000000e+03,0.000000000000000000e+00,3.437192154872463590e+01,-1.228633107638571302e-02,3.438243344663037249e+01,1.774433170654339358e-03,0.000000000000000000e+00,4.300000000000000000e+01,4.300292682033183667e+01,5.000000000000000000e+01
1.881000000000000000e+03,0.000000000000000000e+00,3.437194541964451844e+01,-1.217288492584778226e-02,3.438235944732991101e+01,1.758857240454368177e-03,0.000000000000000000e+00,4.300000000000000000e+01,4.300289978409156788e+01,5.000000000000000000e+01
1.882000000000000000e+03,0.000000000000000000e+00,3.437196910654299131e+01,-1.206043899329784300e-02,3.438228613159134994e+01,1.743413944936500655e-03,0.000000000000000000e+00,4.300000000000000000e+01,4.300287298628708754e+01,5.000000000000000000e+01
1.883000000000000000e+03,0.000000000000000000e+00,3.437199261083127766e+01,-1.194898473467588540e-02,3.438221349338627419e+01,1.728102179675880101e-03,0.000000000000000000e+00,4.300000000000000000e+01,4.300284642488124831e+01,5.000000000000000000e+01
1.884000000000000000e+03,0.000000000000000000e+00,3.437201593390967247e+01,-1.183851367731965538e-02,3.438214152673778301e+01,1.712920849208353314e-03,0.000000000000000000e+00,4.300000000000000000e+01,4.300282009785388482e+01,5.000000000000000000e+01
1.885000000000000000e+03,0.000000000000000000e+00,3.437203907716796891e+01,-1.172901741919630918e-02,3.438207022572003524e+01,1.697868867133916484e-03,0.000000000000000000e+00,4.300000000000000000e+01,4.300279400320171419e+01,5.000000000000000000e+01
1.886000000000000000e+03,0.000000000000000000e+00,3.437206204198525228e+01,-1.162048762848867829e-02,3.438199958445785853e+01,1.682945155882704241e-03,0.000000000000000000e+00,4.300000000000000000e+01,4.300276813893817263e+01,5.000000000000000000e+01
1.887000000000000000e+03,0.000000000000000000e+00,3.437208482973011314e+01,-1.151291604291557885e-02,3.438192959712628749e+01,1.668148646744762069e-03,0.000000000000000000e+00,4.300000000000000000e+01,4.300274250309330171e+01,5.000000000000000000e+01
1.888000000000000000e+03,0.000000000000000000e+00,3.437210744176062605e+01,-1.140629446925896934e-02,3.438186025795017997e+01,1.653478279705058486e-03,0.000000000000000000e+00,4.300000000000000000e+01,4.300271709371357076e+01,5.000000000000000000e+01
1.889000000000000000e+03,0.000000000000000000e+00,3.437212987942469766e+01,-1.130061478262515788e-02,3.438179156120378366e+01,1.638933003537562791e-03,0.000000000000000000e+00,4.300000000000000000e+01,4.300269190886180581e+01,5.000000000000000000e+01
1.890000000000000000e+03,0.000000000000000000e+00,3.437215214405964048e+01,-1.119586892614927998e-02,3.438172350121030973e+01,1.624511775479908727e-03,0.000000000000000000e+00,4.300000000000000000e+01,4.300266694661699773e+01,5.000000000000000000e+01
1.891000000000000000e+03,0.000000000000000000e+00,3.437217423699275543e+01,-1.109204891019738987e-02,3.438165607234155630e+01,1.610213561398341755e-03,0.000000000000000000e+00,4.300000000000000000e+01,4.300264220507418145e+01,5.000000000000000000e+01
1.892000000000000000e+03,0.000000000000000000e+00,3.437219615954127505e+01,-1.098914681186407769e-02,3.438158926901747492e+01,1.596037335666071564e-03,0.000000000000000000e+00,4.300000000000000000e+01,4.300261768234433646e+01,5.000000000000000000e+01
1.893000000000000000e+03,0.000000000000000000e+00,3.437221791301217877e+01,-1.088715477455874138e-02,3.438152308570577276e+01,1.581982080967338526e-03,0.000000000000000000e+00,4.300000000000000000e+01,4.300259337655421632e+01,5.000000000000000000e+01
1.894000000000000000e+03,0.000000000000000000e+00,3.437223949870263340e+01,-1.078606500729633461e-02,3.438145751692153596e+01,1.568046788390197550e-03,0.000000000000000000e+00,4.300000000000000000e+01,4.300256928584623495e+01,5.000000000000000000e+01
1.895000000000000000e+03,0.000000000000000000e+00,3.437226091789986526e+01,-1.068586978422453662e-02,3.438139255722679621e+01,1.554230457292698261e-03,0.000000000000000000e+00,4.300000000000000000e+01,4.300254540837836714e+01,5.000000000000000000e+01
1.896000000000000000e+03,0.000000000000000000e+00,3.437228217188108914e+01,-1.058656144421002247e-02,3.438132820123017552e+01,1.540532095123149431e-03,0.000000000000000000e+00,4.300000000000000000e+01,4.300252174232394964e+01,5.000000000000000000e+01
1.897000000000000000e+03,0.000000000000000000e+00,3.437230326191409802e+01,-1.048813239001101030e-02,3.438126444358646694e+01,1.526950717638117776e-03,0.000000000000000000e+00,4.300000000000000000e+01,4.300249828587163137e+01,5.000000000000000000e+01
1.898000000000000000e+03,0.000000000000000000e+00,3.437232418925672306e+01,-1.039057508807038517e-02,3.438120127899626510e+01,1.513485348527349953e-03,0.000000000000000000e+00,4.300000000000000000e+01,4.300247503722519582e+01,5.000000000000000000e+01
1.899000000000000000e+03,0.000000000000000000e+00,3.437234495515736654e+01,-1.029388206777690808e-02,3.438113870220558255e+01,1.500135019559909345e-03,0.000000000000000000e+00,4.300000000000000000e+01,4.300245199460346157e+01,5.000000000000000000e+01
1.900000000000000000e+03,0.000000000000000000e+00,3.437236556085481709e+01,-1.019804592105148788e-02,3.438107670800545179e+01,1.486898770417471091e-03,0.000000000000000000e+00,4.300000000000000000e+01,4.300242915624016149e+01,5.000000000000000000e+01
1.901000000000000000e+03,0.000000000000000000e+00,3.437238600757834917e+01,-1.010305930184478632e-02,3.438101529123157718e+01,1.473775648621606163e-03,0.000000000000000000e+00,4.300000000000000000e+01,4.300240652038379352e+01,5.000000000000000000e+01
1.902000000000000000e+03,0.000000000000000000e+00,3.437240629654800728e+01,-1.000891492551663625e-02,3.438095444676394408e+01,1.460764709576164782e-03,0.000000000000000000e+00,4.300000000000000000e+01,4.300238408529752832e+01,5.000000000000000000e+01
1.903000000000000000e+03,0.000000000000000000e+00,3.437242642897438571e+01,-9.915605568451857713e-03,3.438089416952644939e+01,1.447865016386504569e-03,0.000000000000000000e+00,4.300000000000000000e+01,4.300236184925907423e+01,5.000000000000000000e+01
1.904000000000000000e+03,0.000000000000000000e+00,3.437244640605887724e+01,-9.823124067498769513e-03,3.438083445448652498e+01,1.435075639856266778e-03,0.000000000000000000e+00,4.300000000000000000e+01,4.300233981056056365e+01,5.000000000000000000e+01
1.905000000000000000e+03,0.000000000000000000e+00,3.437246622899370152e+01,-9.731463319496364353e-03,3.438077529665479659e+01,1.422395658401775934e-03,0.000000000000000000e+00,4.300000000000000000e+01,4.300231796750842506e+01,5.000000000000000000e+01
1.906000000000000000e+03,0.000000000000000000e+00,3.437248589896198325e+01,-9.640616280742355867e-03,3.438071669108470019e+01,1.409824158027354717e-03,0.000000000000000000e+00,4.300000000000000000e+01,4.300229631842327649e+01,5.000000000000000000e+01
1.907000000000000000e+03,0.000000000000000000e+00,3.437250541713780905e+01,-9.550575966549918611e-03,3.438065863287214086e+01,1.397360232219728524e-03,0.000000000000000000e+00,4.300000000000000000e+01,4.300227486163980473e+01,5.000000000000000000e+01
1.908000000000000000e+03,0.000000000000000000e+00,3.437252478468627714e+01,-9.461335450745282649e-03,3.438060111715511624e+01,1.385002981904710296e-03,0.000000000000000000e+00,4.300000000000000000e+01,4.300225359550665161e+01,5.000000000000000000e+01
1.909000000000000000e+03,0.000000000000000000e+00,3.437254400276356137e+01,-9.372887865194913862e-03,3.438054413911338258e+01,1.372751515379315576e-03,0.000000000000000000e+00,4.300000000000000000e+01,4.300223251838629324e+01,5.000000000000000000e+01
1.910000000000000000e+03,0.000000000000000000e+00,3.437256307251706744e+01,-9.285226399303127612e-03,3.438048769396809945e+01,1.360604948276047162e-03,0.000000000000000000e+00,4.300000000000000000e+01,4.300221162865493341e+01,5.000000000000000000e+01
1.911000000000000000e+03,0.000000000000000000e+00,3.437258199508537615e+01,-9.198344299568802715e-03,3.438043177698147446e+01,1.348562403474557565e-03,0.000000000000000000e+00,4.300000000000000000e+01,4.300219092470237570e+01,5.000000000000000000e+01
1.912000000000000000e+03,0.000000000000000000e+00,3.437260077159848493e+01,-9.112234869053447567e-03,3.438037638345643643e+01,1.336623011101943908e-03,0.000000000000000000e+00,4.300000000000000000e+01,4.300217040493194531e+01,5.000000000000000000e+01
1.913000000000000000e+03,0.000000000000000000e+00,3.437261940317755204e+01,-9.026891467056128576e-03,3.438032150873627302e+01,1.324785908340298142e-03,0.000000000000000000e+00,4.300000000000000000e+01,4.300215006776032567e+01,5.000000000000000000e+01
1.914000000000000000e+03,0.000000000000000000e+00,3.437263789093545086e+01,-8.942307508433770813e-03,3.438026714820430385e+01,1.313050239577796255e-03,0.000000000000000000e+00,4.300000000000000000e+01,4.300212991161750864e+01,5.000000000000000000e+01
1.915000000000000000e+03,0.000000000000000000e+00,3.437265623597626529e+01,-8.858476463394295702e-03,3.438021329728355369e+01,1.301415156108945426e-03,0.000000000000000000e+00,4.300000000000000000e+01,4.300210993494663825e+01,5.000000000000000000e+01
1.916000000000000000e+03,0.000000000000000000e+00,3.437267443939582279e+01,-8.775391856846472688e-03,3.438015995143639714e+01,1.289879816268301501e-03,0.000000000000000000e+00,4.300000000000000000e+01,4.300209013620392540e+01,5.000000000000000000e+01
1.917000000000000000e+03,0.000000000000000000e+00,3.437269250228148820e+01,-8.693047268045300119e-03,3.438010710616425314e+01,1.278443385279724124e-03,0.000000000000000000e+00,4.300000000000000000e+01,4.300207051385851997e+01,5.000000000000000000e+01
1.918000000000000000e+03,0.000000000000000000e+00,3.437271042571245516e+01,-8.611436330060062705e-03,3.438005475700722968e+01,1.267105035281129288e-03,0.000000000000000000e+00,4.300000000000000000e+01,4.300205106639243979e+01,5.000000000000000000e+01
1.919000000000000000e+03,0.000000000000000000e+00,3.437272821075946894e+01,-8.530552729478810964e-03,3.438000289954382538e+01,1.255863945127290524e-03,0.000000000000000000e+00,4.300000000000000000e+01,4.300203179230042849e+01,5.000000000000000000e+01
1.920000000000000000e+03,0.000000000000000000e+00,3.437274585848525987e+01,-8.450390205817327055e-03,3.437995152939059551e+01,1.244719300481440328e-03,0.000000000000000000e+00,4.300000000000000000e+01,4.300201269008986316e+01,5.000000000000000000e+01
1.921000000000000000e+03,0.000000000000000000e+00,3.437276336994440840e+01,-8.370942551134939041e-03,3.437990064220183228e+01,1.233670293707886433e-03,0.000000000000000000e+00,4.300000000000000000e+01,4.300199375828066906e+01,5.000000000000000000e+01
1.922000000000000000e+03,0.000000000000000000e+00,3.437278074618331658e+01,-8.292203609679905246e-03,3.437985023366925219e+01,1.222716123744432663e-03,0.000000000000000000e+00,4.300000000000000000e+01,4.300197499540517754e+01,5.000000000000000000e+01
1.923000000000000000e+03,0.000000000000000000e+00,3.437279798824057764e+01,-8.214167277298364475e-03,3.437980029952166916e+01,1.211855996203779371e-03,0.000000000000000000e+00,4.300000000000000000e+01,4.300195640000806918e+01,5.000000000000000000e+01
1.924000000000000000e+03,0.000000000000000000e+00,3.437281509714664196e+01,-8.136827501197922696e-03,3.437975083552470323e+01,1.201089123137603866e-03,0.000000000000000000e+00,4.300000000000000000e+01,4.300193797064622458e+01,5.000000000000000000e+01
1.925000000000000000e+03,0.000000000000000000e+00,3.437283207392430029e+01,-8.060178279327067860e-03,3.437970183748045372e+01,1.190414723174686683e-03,0.000000000000000000e+00,4.300000000000000000e+01,4.300191970588867463e+01,5.000000000000000000e+01
1.926000000000000000e+03,0.000000000000000000e+00,3.437284891958830002e+01,-7.984213660168290247e-03,3.437965330122720076e+01,1.179832021264143674e-03,0.000000000000000000e+00,4.300000000000000000e+01,4.300190160431644415e+01,5.000000000000000000e+01
1.927000000000000000e+03,0.000000000000000000e+00,3.437286563514586391e+01,-7.908927742087949742e-03,3.437960522263909979e+01,1.169340248849191737e-03,0.000000000000000000e+00,4.300000000000000000e+01,4.300188366452250222e+01,5.000000000000000000e+01
1.928000000000000000e+03,0.000000000000000000e+00,3.437288222159637030e+01,-7.834314673129408324e-03,3.437955759762589025e+01,1.158938643616053881e-03,0.000000000000000000e+00,4.300000000000000000e+01,4.300186588511164842e+01,5.000000000000000000e+01
1.929000000000000000e+03,0.000000000000000000e+00,3.437289867993154502e+01,-7.760368650540193890e-03,3.437951042213257580e+01,1.148626449507816633e-03,0.000000000000000000e+00,4.300000000000000000e+01,4.300184826470039212e+01,5.000000000000000000e+01
1.930000000000000000e+03,0.000000000000000000e+00,3.437291501113563896e+01,-7.687083920269618259e-03,3.437946369213914011e+01,1.138402916764870995e-03,0.000000000000000000e+00,4.300000000000000000e+01,4.300183080191689555e+01,5.000000000000000000e+01
1.931000000000000000e+03,0.000000000000000000e+00,3.437293121618523628e+01,-7.614454776732361256e-03,3.437941740366025556e+01,1.128267301714799917e-03,0.000000000000000000e+00,4.300000000000000000e+01,4.300181349540083175e+01,5.000000000000000000e+01
1.932000000000000000e+03,0.000000000000000000e+00,3.437294729604967358e+01,-7.542475562217426134e-03,3.437937155274498480e+01,1.118218866907012572e-03,0.000000000000000000e+00,4.300000000000000000e+01,4.300179634380334193e+01,5.000000000000000000e+01
1.933000000000000000e+03,0.000000000000000000e+00,3.437296325169064204e+01,-7.471140666710833489e-03,3.437932613547649652e+01,1.108256880852725784e-03,0.000000000000000000e+00,4.300000000000000000e+01,4.300177934578690042e+01,5.000000000000000000e+01
1.934000000000000000e+03,0.000000000000000000e+00,3.437297908406257818e+01,-7.400444527334124230e-03,3.437928114797177415e+01,1.098380618140634528e-03,0.000000000000000000e+00,4.300000000000000000e+01,4.300176250002522949e+01,5.000000000000000000e+01
1.935000000000000000e+03,0.000000000000000000e+00,3.437299479411269942e+01,-7.330381627989742202e-03,3.437923658638133162e+01,1.088589359351952324e-03,0.000000000000000000e+00,4.300000000000000000e+01,4.300174580520322820e+01,5.000000000000000000e+01
1.936000000000000000e+03,0.000000000000000000e+00,3.437301038278079801e+01,-7.260946499065510165e-03,3.437919244688893627e+01,1.078882390926192217e-03,0.000000000000000000e+00,4.300000000000000000e+01,4.300172926001683749e+01,5.000000000000000000e+01
1.937000000000000000e+03,0.000000000000000000e+00,3.437302585099973840e+01,-7.192133716873139702e-03,3.437914872571132463e+01,1.069259005283912118e-03,0.000000000000000000e+00,4.300000000000000000e+01,4.300171286317301167e+01,5.000000000000000000e+01
1.938000000000000000e+03,0.000000000000000000e+00,3.437304119969493144e+01,-7.123937903530026296e-03,3.437910541909793238e+01,1.059718500528087151e-03,0.000000000000000000e+00,4.300000000000000000e+01,4.300169661338955507e+01,5.000000000000000000e+01
1.939000000000000000e+03,0.000000000000000000e+00,3.437305642978500941e+01,-7.056353726279548239e-03,3.437906252333059598e+01,1.050260180689003382e-03,0.000000000000000000e+00,4.300000000000000000e+01,4.300168050939508646e+01,5.000000000000000000e+01
1.940000000000000000e+03,0.000000000000000000e+00,3.437307154218143523e+01,-6.989375897343311564e-03,3.437902003472331813e+01,1.040883355456834582e-03,0.000000000000000000e+00,4.300000000000000000e+01,4.300166454992893250e+01,5.000000000000000000e+01
1.941000000000000000e+03,0.000000000000000000e+00,3.437308653778869427e+01,-6.922999173477864011e-03,3.437897794962196230e+01,1.031587340207818122e-03,0.000000000000000000e+00,4.300000000000000000e+01,4.300164873374103536e+01,5.000000000000000000e+01
1.942000000000000000e+03,0.000000000000000000e+00,3.437310141750437964e+01,-6.857218355590520564e-03,3.437893626440399686e+01,1.022371455973576822e-03,0.000000000000000000e+00,4.300000000000000000e+01,4.300163305959186744e+01,5.000000000000000000e+01
1.943000000000000000e+03,0.000000000000000000e+00,3.437311618221922771e+01,-6.792028288384740001e-03,3.437889497547823225e+01,1.013235029385006281e-03,0.000000000000000000e+00,4.300000000000000000e+01,4.300161752625234612e+01,5.000000000000000000e+01
1.944000000000000000e+03,0.000000000000000000e+00,3.437313083281716786e+01,-6.727423860005496241e-03,3.437885407928455095e+01,1.004177392619995520e-03,0.000000000000000000e+00,4.300000000000000000e+01,4.300160213250374142e+01,5.000000000000000000e+01
1.945000000000000000e+03,0.000000000000000000e+00,3.437314537017538640e+01,-6.663400001655109088e-03,3.437881357229365875e+01,9.951978833822535970e-04,0.000000000000000000e+00,4.300000000000000000e+01,4.300158687713761196e+01,5.000000000000000000e+01
1.946000000000000000e+03,0.000000000000000000e+00,3.437315979516424846e+01,-6.599951687327266017e-03,3.437877345100680770e+01,9.862958447714544920e-04,0.000000000000000000e+00,4.300000000000000000e+01,4.300157175895567718e+01,5.000000000000000000e+01
1.947000000000000000e+03,0.000000000000000000e+00,3.437317410864767453e+01,-6.537073933275094374e-03,3.437873371195554029e+01,9.774706254100466989e-04,0.000000000000000000e+00,4.300000000000000000e+01,4.300155677676978172e+01,5.000000000000000000e+01
1.948000000000000000e+03,0.000000000000000000e+00,3.437318831148279230e+01,-6.474761797863394161e-03,3.437869435170144783e+01,9.687215792034762751e-04,0.000000000000000000e+00,4.300000000000000000e+01,4.300154192940178888e+01,5.000000000000000000e+01
1.949000000000000000e+03,0.000000000000000000e+00,3.437320240452017828e+01,-6.413010381125361543e-03,3.437865536683590761e+01,9.600480653921202338e-04,0.000000000000000000e+00,4.300000000000000000e+01,4.300152721568348824e+01,5.000000000000000000e+01
1.950000000000000000e+03,0.000000000000000000e+00,3.437321638860399986e+01,-6.351814824378410919e-03,3.437861675397983419e+01,9.514494485446060162e-04,0.000000000000000000e+00,4.300000000000000000e+01,4.300151263445652461e+01,5.000000000000000000e+01
1.951000000000000000e+03,0.000000000000000000e+00,3.437323026457196562e+01,-6.291170309928652629e-03,3.437857850978342356e+01,9.429250984689907219e-04,0.000000000000000000e+00,4.300000000000000000e+01,4.300149818457231987e+01,5.000000000000000000e+01
1.952000000000000000e+03,0.000000000000000000e+00,3.437324403325532529e+01,-6.231072060745824863e-03,3.437854063092591161e+01,9.344743901575421497e-04,0.000000000000000000e+00,4.300000000000000000e+01,4.300148386489200192e+01,5.000000000000000000e+01
1.953000000000000000e+03,0.000000000000000000e+00,3.437325769547886978e+01,-6.171515340167767032e-03,3.437850311411533255e+01,9.260967037077621512e-04,0.000000000000000000e+00,4.300000000000000000e+01,4.300146967428628386e+01,5.000000000000000000e+01
1.954000000000000000e+03,0.000000000000000000e+00,3.437327125206131484e+01,-6.112495451398039514e-03,3.437846595608827016e+01,9.177914244415332932e-04,0.000000000000000000e+00,4.300000000000000000e+01,4.300145561163542851e+01,5.000000000000000000e+01
1.955000000000000000e+03,0.000000000000000000e+00,3.437328470381494583e+01,-6.054007737358161646e-03,3.437842915360962337e+01,9.095579426857347766e-04,0.000000000000000000e+00,4.300000000000000000e+01,4.300144167582915600e+01,5.000000000000000000e+01
1.956000000000000000e+03,0.000000000000000000e+00,3.437329805154584506e+01,-5.996047580303436389e-03,3.437839270347235754e+01,9.013956537881104942e-04,0.000000000000000000e+00,4.300000000000000000e+01,4.300142786576654430e+01,5.000000000000000000e+01
1.957000000000000000e+03,0.000000000000000000e+00,3.437331129605401969e+01,-5.938610401409218781e-03,3.437835660249726999e+01,8.933039581595846827e-04,0.000000000000000000e+00,4.300000000000000000e+01,4.300141418035599372e+01,5.000000000000000000e+01
1.958000000000000000e+03,0.000000000000000000e+00,3.437332443813320992e+01,-5.881691660623158263e-03,3.437832084753276973e+01,8.852822610658946361e-04,0.000000000000000000e+00,4.300000000000000000e+01,4.300140061851510609e+01,5.000000000000000000e+01
1.959000000000000000e+03,0.000000000000000000e+00,3.437333747857121580e+01,-5.825286856162814088e-03,3.437828543545461457e+01,8.773299727638520428e-04,0.000000000000000000e+00,4.300000000000000000e+01,4.300138717917063502e+01,5.000000000000000000e+01
1.960000000000000000e+03,0.000000000000000000e+00,3.437335041814975511e+01,-5.769391524308786941e-03,3.437825036316571214e+01,8.694465083529680748e-04,0.000000000000000000e+00,4.300000000000000000e+01,4.300137386125840067e+01,5.000000000000000000e+01
1.961000000000000000e+03,0.000000000000000000e+00,3.437336325764459843e+01,-5.714001239050098963e-03,3.437821562759587124e+01,8.616312877748807117e-04,0.000000000000000000e+00,4.300000000000000000e+01,4.300136066372322574e+01,5.000000000000000000e+01
1.962000000000000000e+03,0.000000000000000000e+00,3.437337599782548381e+01,-5.659111611818224211e-03,3.437818122570157442e+01,8.538837357302240822e-04,0.000000000000000000e+00,4.300000000000000000e+01,4.300134758551884318e+01,5.000000000000000000e+01
1.963000000000000000e+03,0.000000000000000000e+00,3.437338863945637257e+01,-5.604718291102909859e-03,3.437814715446576486e+01,8.462032817113090272e-04,0.000000000000000000e+00,4.300000000000000000e+01,4.300133462560783926e+01,5.000000000000000000e+01
1.964000000000000000e+03,0.000000000000000000e+00,3.437340118329528593e+01,-5.550816962215760278e-03,3.437811341089760475e+01,8.385893598949073231e-04,0.000000000000000000e+00,4.300000000000000000e+01,4.300132178296156127e+01,5.000000000000000000e+01
1.965000000000000000e+03,0.000000000000000000e+00,3.437341363009454653e+01,-5.497403346906064303e-03,3.437807999203227638e+01,8.310414091800263697e-04,0.000000000000000000e+00,4.300000000000000000e+01,4.300130905656007485e+01,5.000000000000000000e+01
1.966000000000000000e+03,0.000000000000000000e+00,3.437342598060058663e+01,-5.444473203183477009e-03,3.437804689493074051e+01,8.235588730303745062e-04,0.000000000000000000e+00,4.300000000000000000e+01,4.300129644539205742e+01,5.000000000000000000e+01
1.967000000000000000e+03,0.000000000000000000e+00,3.437343823555422517e+01,-5.392022324874742346e-03,3.437801411667952323e+01,8.161411995753851262e-04,0.000000000000000000e+00,4.300000000000000000e+01,4.300128394845474133e+01,5.000000000000000000e+01
1.968000000000000000e+03,0.000000000000000000e+00,3.437345039569064653e+01,-5.340046541387276358e-03,3.437798165439051701e+01,8.087878415116090325e-04,0.000000000000000000e+00,4.300000000000000000e+01,4.300127156475384993e+01,5.000000000000000000e+01
1.969000000000000000e+03,0.000000000000000000e+00,3.437346246173934361e+01,-5.288541717443199369e-03,3.437794950520074622e+01,8.014982560383784220e-04,0.000000000000000000e+00,4.300000000000000000e+01,4.300125929330354069e+01,5.000000000000000000e+01
1.970000000000000000e+03,0.000000000000000000e+00,3.437347443442408945e+01,-5.237503752842916603e-03,3.437791766627216106e+01,7.942719047703356234e-04,0.000000000000000000e+00,4.300000000000000000e+01,4.300124713312627733e+01,5.000000000000000000e+01
1.971000000000000000e+03,0.000000000000000000e+00,3.437348631446341329e+01,-5.186928581933184304e-03,3.437788613479141731e+01,7.871082539312637249e-04,0.000000000000000000e+00,4.300000000000000000e+01,4.300123508325283694e+01,5.000000000000000000e+01
1.972000000000000000e+03,0.000000000000000000e+00,3.437349810257006766e+01,-5.136812173636660754e-03,3.437785490796969157e+01,7.800067740115545828e-04,0.000000000000000000e+00,4.300000000000000000e+01,4.300122314272217494e+01,5.000000000000000000e+01
1.973000000000000000e+03,0.000000000000000000e+00,3.437350979945156126e+01,-5.087150530890417917e-03,3.437782398304245390e+01,7.729669399997343400e-04,0.000000000000000000e+00,4.300000000000000000e+01,4.300121131058140378e+01,5.000000000000000000e+01
1.974000000000000000e+03,0.000000000000000000e+00,3.437352140580986060e+01,-5.037939690557284057e-03,3.437779335726926178e+01,7.659882311576477094e-04,0.000000000000000000e+00,4.300000000000000000e+01,4.300119958588570768e+01,5.000000000000000000e+01
1.975000000000000000e+03,0.000000000000000000e+00,3.437353292234155333e+01,-4.989175723071218559e-03,3.437776302793356109e+01,7.590701310587982895e-04,0.000000000000000000e+00,4.300000000000000000e+01,4.300118796769826446e+01,5.000000000000000000e+01
1.976000000000000000e+03,0.000000000000000000e+00,3.437354434973796913e+01,-4.940854732112241222e-03,3.437773299234248725e+01,7.522121275965355921e-04,0.000000000000000000e+00,4.300000000000000000e+01,4.300117645509020292e+01,5.000000000000000000e+01
1.977000000000000000e+03,0.000000000000000000e+00,3.437355568868508016e+01,-4.892972854429119244e-03,3.437770324782665199e+01,7.454137128540219053e-04,0.000000000000000000e+00,4.300000000000000000e+01,4.300116504714051757e+01,5.000000000000000000e+01
1.978000000000000000e+03,0.000000000000000000e+00,3.437356693986362899e+01,-4.845526259484743761e-03,3.437767379173996574e+01,7.386743831482785487e-04,0.000000000000000000e+00,4.300000000000000000e+01,4.300115374293601178e+01,5.000000000000000000e+01
1.979000000000000000e+03,0.000000000000000000e+00,3.437357810394916413e+01,-4.798511149219710469e-03,3.437764462145942446e+01,7.319936389610936806e-04,0.000000000000000000e+00,4.300000000000000000e+01,4.300114254157122673e+01,5.000000000000000000e+01
1.980000000000000000e+03,0.000000000000000000e+00,3.437358918161208265e+01,-4.751923757756800794e-03,3.437761573438491070e+01,7.253709849297165909e-04,0.000000000000000000e+00,4.300000000000000000e+01,4.300113144214839878e+01,5.000000000000000000e+01
1.981000000000000000e+03,0.000000000000000000e+00,3.437360017351751651e+01,-4.705760351223669744e-03,3.437758712793900884e+01,7.188059297280577657e-04,0.000000000000000000e+00,4.300000000000000000e+01,4.300112044377735288e+01,5.000000000000000000e+01
1.982000000000000000e+03,0.000000000000000000e+00,3.437361108032570201e+01,-4.660017227309565940e-03,3.437755879956680616e+01,7.122979862038003466e-04,0.000000000000000000e+00,4.300000000000000000e+01,4.300110954557549547e+01,5.000000000000000000e+01
1.983000000000000000e+03,0.000000000000000000e+00,3.437362190269158901e+01,-4.614690715235778007e-03,3.437753074673570808e+01,7.058466711206866839e-04,0.000000000000000000e+00,4.300000000000000000e+01,4.300109874666769372e+01,5.000000000000000000e+01
1.984000000000000000e+03,0.000000000000000000e+00,3.437363264126535967e+01,-4.569777175253249106e-03,3.437750296693525343e+01,6.994515053589367946e-04,0.000000000000000000e+00,4.300000000000000000e+01,4.300108804618625413e+01,5.000000000000000000e+01
1.985000000000000000e+03,0.000000000000000000e+00,3.437364329669205887e+01,-4.525272998553923030e-03,3.437747545767690127e+01,6.931120137165159472e-04,0.000000000000000000e+00,4.300000000000000000e+01,4.300107744327085868e+01,5.000000000000000000e+01
1.986000000000000000e+03,0.000000000000000000e+00,3.437365386961176483e+01,-4.481174607004774664e-03,3.437744821649388172e+01,6.868277248891780772e-04,0.000000000000000000e+00,4.300000000000000000e+01,4.300106693706847238e+01,5.000000000000000000e+01
1.987000000000000000e+03,0.000000000000000000e+00,3.437366436065977382e+01,-4.437478452763632918e-03,3.437742124094097562e+01,6.805981715620032426e-04,0.000000000000000000e+00,4.300000000000000000e+01,4.300105652673331491e+01,5.000000000000000000e+01
1.988000000000000000e+03,0.000000000000000000e+00,3.437367477046644382e+01,-4.394181018160973201e-03,3.437739452859435829e+01,6.744228902468871016e-04,0.000000000000000000e+00,4.300000000000000000e+01,4.300104621142678241e+01,5.000000000000000000e+01
1.989000000000000000e+03,0.000000000000000000e+00,3.437368509965735086e+01,-4.351278815374843255e-03,3.437736807705140762e+01,6.683014213238637610e-04,0.000000000000000000e+00,4.300000000000000000e+01,4.300103599031741197e+01,5.000000000000000000e+01
1.990000000000000000e+03,0.000000000000000000e+00,3.437369534885315403e+01,-4.308768386283106343e-03,3.437734188393051937e+01,6.622333089144104637e-04,0.000000000000000000e+00,4.300000000000000000e+01,4.300102586258077508e+01,5.000000000000000000e+01
1.991000000000000000e+03,0.000000000000000000e+00,3.437370551866994361e+01,-4.266646302020154352e-03,3.437731594687092951e+01,6.562181010387343159e-04,0.000000000000000000e+00,4.300000000000000000e+01,4.300101582739947759e+01,5.000000000000000000e+01
1.992000000000000000e+03,0.000000000000000000e+00,3.437371560971892137e+01,-4.224909162976916467e-03,3.437729026353255080e+01,6.502553493493240739e-04,0.000000000000000000e+00,4.300000000000000000e+01,4.300100588396304602e+01,5.000000000000000000e+01
1.993000000000000000e+03,0.000000000000000000e+00,3.437372562260677000e+01,-4.183553598328017785e-03,3.437726483159578095e+01,6.443446093232298210e-04,0.000000000000000000e+00,4.300000000000000000e+01,4.300099603146792049e+01,5.000000000000000000e+01
1.994000000000000000e+03,0.000000000000000000e+00,3.437373555793536184e+01,-4.142576266002233505e-03,3.437723964876133920e+01,6.384854400282158468e-04,0.000000000000000000e+00,4.300000000000000000e+01,4.300098626911736233e+01,5.000000000000000000e+01
1.995000000000000000e+03,0.000000000000000000e+00,3.437374541630201463e+01,-4.101973852298306661e-03,3.437721471275008156e+01,6.326774042352842440e-04,0.000000000000000000e+00,4.300000000000000000e+01,4.300097659612139722e+01,5.000000000000000000e+01
1.996000000000000000e+03,0.000000000000000000e+00,3.437375519829957682e+01,-4.061743071648538268e-03,3.437719002130283741e+01,6.269200683858461342e-04,0.000000000000000000e+00,4.300000000000000000e+01,4.300096701169678681e+01,5.000000000000000000e+01
1.997000000000000000e+03,0.000000000000000000e+00,3.437376490451620015e+01,-4.021880666500571994e-03,3.437716557218024604e+01,6.212130024510065371e-04,0.000000000000000000e+00,4.300000000000000000e+01,4.300095751506695763e+01,5.000000000000000000e+01
1.998000000000000000e+03,0.000000000000000000e+00,3.437377453553551732e+01,-3.982383407021881407e-03,3.437714136316257196e+01,6.155557799656612280e-04,0.000000000000000000e+00,4.300000000000000000e+01,4.300094810546191582e+01,5.000000000000000000e+01
1.999000000000000000e+03,0.000000000000000000e+00,3.437378409193692619e+01,-3.943248090745137859e-03,3.437711739204955563e+01,6.099479781153276711e-04,0.000000000000000000e+00,4.300000000000000000e+01,4.300093878211824716e+01,5.000000000000000000e+01
2.000000000000000000e+03,0.000000000000000000e+00,3.437379357429515636e+01,-3.904471542568213951e-03,3.437709365666023587e+01,6.043891774866529685e-04,0.000000000000000000e+00,4.300000000000000000e+01,4.300092954427903180e+01,6.000000000000000000e+01
2.001000000000000000e+03,0.000000000000000000e+00,3.437380298318056049e+01,-3.866050614399560523e-03,3.437707015483279349e+01,5.988789621653612272e-04,0.000000000000000000e+00,4.300000000000000000e+01,4.300092039119378740e+01,6.000000000000000000e+01
2.002000000000000000e+03,0.000000000000000000e+00,3.437381231915917112e+01,-3.827982184921787257e-03,3.437704688442437373e+01,5.934169197173781414e-04,0.000000000000000000e+00,4.300000000000000000e+01,4.300091132211841227e+01,6.000000000000000000e+01
2.003000000000000000e+03,0.000000000000000000e+00,3.437382158279276467e+01,-3.790263159355247626e-03,3.437702384331094407e+01,5.880026411712445823e-04,0.000000000000000000e+00,4.300000000000000000e+01,4.300090233631516412e+01,6.000000000000000000e+01
2.004000000000000000e+03,0.000000000000000000e+00,3.437383077463861270e+01,-3.752890469369382382e-03,3.437700102938711666e+01,5.826357208640707682e-04,0.000000000000000000e+00,4.300000000000000000e+01,4.300089343305257472e+01,6.000000000000000000e+01
2.005000000000000000e+03,0.000000000000000000e+00,3.437383989524982297e+01,-3.715861072728095672e-03,3.437697844056600616e+01,5.773157565458097345e-04,0.000000000000000000e+00,4.300000000000000000e+01,4.300088461160540021e+01,6.000000000000000000e+01
2.006000000000000000e+03,0.000000000000000000e+00,3.437384894517531819e+01,-3.679171953082889697e-03,3.437695607477905924e+01,5.720423493387424320e-04,0.000000000000000000e+00,4.300000000000000000e+01,4.300381944683546465e+01,6.000000000000000000e+01
2.007000000000000000e+03,0.000000000000000000e+00,3.435013504519434235e+01,-1.588539149559906397e-02,3.437685950704960192e+01,-1.083907035965949069e-02,0.000000000000000000e+00,4.300000000000000000e+01,4.300926737776629949e+01,6.000000000000000000e+01
2.008000000000000000e+03,0.000000000000000000e+00,3.430687325129969167e+01,-3.854378141576319389e-02,3.437662519834798758e+01,-3.120816563253197423e-02,0.000000000000000000e+00,4.300000000000000000e+01,4.301685841514016317e+01,6.000000000000000000e+01
2.009000000000000000e+03,0.000000000000000000e+00,3.424759405327292683e+01,-7.011552615687807744e-02,3.437619896414642540e+01,-5.848938471661947747e-02,0.000000000000000000e+00,4.300000000000000000e+01,4.302627463357419657e+01,6.000000000000000000e+01
2.010000000000000000e+03,0.000000000000000000e+00,3.417527788317993043e+01,-1.092783480722930717e-01,3.437553465807911834e+01,-9.097842682689541438e-02,0.000000000000000000e+00,4.300000000000000000e+01,4.303724285864179677e+01,6.000000000000000000e+01
2.011000000000000000e+03,0.000000000000000000e+00,3.409243607821215249e+01,-1.548960923992609151e-01,3.437459304049614417e+01,-1.272608698847272068e-01,0.000000000000000000e+00,4.300000000000000000e+01,4.304952522851053942e+01,6.000000000000000000e+01
2.012000000000000000e+03,0.000000000000000000e+00,3.400120562592535123e+01,-2.059794723397991023e-01,3.437334088564909251e+01,-1.661557873839458188e-01,0.000000000000000000e+00,4.300000000000000000e+01,4.306291456377105931e+01,6.000000000000000000e+01
2.013000000000000000e+03,0.000000000000000000e+00,3.390340154455712707e+01,-2.616668118006486021e-01,3.437175020594209940e+01,-2.066818495843180670e-01,0.000000000000000000e+00,4.300000000000000000e+01,4.307723035833166136e+01,6.000000000000000000e+01
2.014000000000000000e+03,0.000000000000000000e+00,3.380056205839024841e+01,-3.212073711963565059e-01,3.436979757754576781e+01,-2.480281479591641691e-01,0.000000000000000000e+00,4.300000000000000000e+01,4.309231530656393261e+01,6.000000000000000000e+01
2.015000000000000000e+03,0.000000000000000000e+00,3.369398755879644369e+01,-3.839469035640906136e-01,3.436746355381589524e+01,-2.895290914553674266e-01,0.000000000000000000e+00,4.300000000000000000e+01,4.310803229360607958e+01,6.000000000000000000e+01
2.016000000000000000e+03,0.000000000000000000e+00,3.358477420475372099e+01,-4.493151369892821601e-01,3.436473215480684473e+01,-3.306428130638360829e-01,0.000000000000000000e+00,4.300000000000000000e+01,4.312426178919673703e+01,6.000000000000000000e+01
2.017000000000000000e+03,0.000000000000000000e+00,3.347384287157808558e+01,-5.168149353474726926e-01,3.436159042267707520e+01,-3.709326157515141498e-01,0.000000000000000000e+00,4.300000000000000000e+01,4.314089958956020610e+01,6.000000000000000000e+01
2.018000000000000000e+03,0.000000000000000000e+00,3.336196409250104011e+01,-5.860129066204970982e-01,3.435802803418697948e+01,-4.100510350654456571e-01,0.000000000000000000e+00,4.300000000000000000e+01,4.315785485960159917e+01,6.000000000000000000e+01
2.019000000000000000e+03,0.000000000000000000e+00,3.324977954788149503e+01,-6.565312602261089703e-01,3.435403696269624163e+01,-4.477261545886358496e-01,0.000000000000000000e+00,4.300000000000000000e+01,4.317504843432151773e+01,6.000000000000000000e+01
2.020000000000000000e+03,0.000000000000000000e+00,3.313782057958005822e+01,-7.280407424628252411e-01,3.434961118310680206e+01,-4.837498610639185959e-01,0.000000000000000000e+00,4.300000000000000000e+01,4.319241134407735672e+01,6.000000000000000000e+01
2.021000000000000000e+03,0.000000000000000000e+00,3.302652414158069405e+01,-8.002545029511826113e-01,3.434474641409190099e+01,-5.179677695600244380e-01,0.000000000000000000e+00,4.300000000000000000e+01,4.320988353323073738e+01,6.000000000000000000e+01
2.022000000000000000e+03,0.000000000000000000e+00,3.291624654082237811e+01,-8.729227653837048351e-01,3.433943989272178499e+01,-5.502705865156983789e-01,0.000000000000000000e+00,4.300000000000000000e+01,4.322741274594481808e+01,6.000000000000000000e+01
2.023000000000000000e+03,0.000000000000000000e+00,3.280727527306248703e+01,-9.458281934648707923e-01,3.433369017725999583e+01,-5.805867107326415644e-01,0.000000000000000000e+00,4.300000000000000000e+01,4.324495355652840090e+01,6.000000000000000000e+01
2.024000000000000000e+03,0.000000000000000000e+00,3.269983921631295232e+01,-1.018781858033018350e+00,3.432749697447560067e+01,-6.088759001296299989e-01,0.000000000000000000e+00,4.300000000000000000e+01,4.326246652484954325e+01,6.000000000000000000e+01
2.025000000000000000e+03,0.000000000000000000e+00,3.259411740800295121e+01,-1.091619724356539756e+00,3.432086098830929899e+01,-6.351238559498096903e-01,0.000000000000000000e+00,4.300000000000000000e+01,4.327991746002927442e+01,6.000000000000000000e+01
2.026000000000000000e+03,0.000000000000000000e+00,3.249024660071572868e+01,-1.164199589775880783e+00,3.431378378715564281e+01,-6.593375966640301344e-01,0.000000000000000000e+00,4.300000000000000000e+01,4.329727677793934504e+01,6.000000000000000000e+01
2.027000000000000000e+03,0.000000000000000000e+00,3.238832776439752337e+01,-1.236398411484179061e+00,3.430626768738978427e+01,-6.815415115080791786e-01,0.000000000000000000e+00,4.300000000000000000e+01,4.331451894001809677e+01,6.000000000000000000e+01
2.028000000000000000e+03,0.000000000000000000e+00,3.228843167974095252e+01,-1.308109972516608766e+00,3.429831565108269587e+01,-7.017739988251312511e-01,0.000000000000000000e+00,4.300000000000000000e+01,4.333162196263097599e+01,6.000000000000000000e+01
2.029000000000000000e+03,0.000000000000000000e+00,3.219060374747972730e+01,-1.379242841140664089e+00,3.428993119612135132e+01,-7.200846075009557090e-01,0.000000000000000000e+00,4.300000000000000000e+01,4.334856698767661953e+01,6.000000000000000000e+01
2.030000000000000000e+03,0.000000000000000000e+00,3.209486812113663490e+01,-1.449718584971781521e+00,3.428111831718535285e+01,-7.365316110769315472e-01,0.000000000000000000e+00,4.300000000000000000e+01,4.336533790640805108e+01,6.000000000000000000e+01
2.031000000000000000e+03,0.000000000000000000e+00,3.200123125596564222e+01,-1.519470206414957447e+00,3.427188141623449980e+01,-7.511799538539013499e-01,0.000000000000000000e+00,4.300000000000000000e+01,4.338192102953129137e+01,6.000000000000000000e+01
2.032000000000000000e+03,0.000000000000000000e+00,3.190968495407778249e+01,-1.588440770577908001e+00,3.426222524133736869e+01,-7.640995166816746398e-01,0.000000000000000000e+00,4.300000000000000000e+01,4.339830479758436610e+01,6.000000000000000000e+01
2.033000000000000000e+03,0.000000000000000000e+00,3.182020897476005672e+01,-1.656582200713698771e+00,3.425215483282239148e+01,-7.753636573486356598e-01,0.000000000000000000e+00,4.300000000000000000e+01,4.341447952641030383e+01,6.000000000000000000e+01
2.034000000000000000e+03,0.000000000000000000e+00,3.173277326953392219e+01,-1.723854219622142248e+00,3.424167547586420568e+01,-7.850479867081429086e-01,0.000000000000000000e+00,4.300000000000000000e+01,4.343043718323581004e+01,6.000000000000000000e+01
2.035000000000000000e+03,0.000000000000000000e+00,3.164733989334930087e+01,-1.790223418342706818e+00,3.423079265873142418e+01,-7.932293470394169432e-01,0.000000000000000000e+00,4.300000000000000000e+01,4.344617118946919732e+01,6.000000000000000000e+01
2.036000000000000000e+03,0.000000000000000000e+00,3.156386463628285810e+01,-1.855662435974993585e+00,3.421951203602033331e+01,-7.999849637624825149e-01,0.000000000000000000e+00,4.300000000000000000e+01,4.346167624684983366e+01,6.000000000000000000e+01
2.037000000000000000e+03,0.000000000000000000e+00,3.148229841405366258e+01,-1.920149236620085631e+00,3.420783939628404369e+01,-8.053917456102973604e-01,0.000000000000000000e+00,4.300000000000000000e+01,4.347694818402880657e+01,6.000000000000000000e+01
2.038000000000000000e+03,0.000000000000000000e+00,3.140258845044715130e+01,-1.983666471296993139e+00,3.419578063354059339e+01,-8.095257117964507199e-01,0.000000000000000000e+00,4.300000000000000000e+01,4.349198382104651017e+01,6.000000000000000000e+01
2.039000000000000000e+03,0.000000000000000000e+00,3.132467928023435988e+01,-2.046200914293863971e+00,3.418334172220750133e+01,-8.124615276792788165e-01,0.000000000000000000e+00,4.300000000000000000e+01,4.350678084950585855e+01,6.000000000000000000e+01
2.040000000000000000e+03,0.000000000000000000e+00,3.124851359728945610e+01,-2.107742964798587249e+00,3.417052869506586887e+01,-8.142721329778248585e-01,0.000000000000000000e+00,4.300000000000000000e+01,4.352133772652754118e+01,6.000000000000000000e+01
2.041000000000000000e+03,0.000000000000000000e+00,3.117403296925605005e+01,-2.168286205850033177e+00,3.415734762390568591e+01,-8.150284487996010130e-01,0.000000000000000000e+00,4.300000000000000000e+01,4.353565358082207126e+01,6.000000000000000000e+01
2.042000000000000000e+03,0.000000000000000000e+00,3.110117843722048292e+01,-2.227827013684029023e+00,3.414380460254590588e+01,-8.147991516413961577e-01,0.000000000000000000e+00,4.300000000000000000e+01,4.354972812942826010e+01,6.000000000000000000e+01
2.043000000000000000e+03,0.000000000000000000e+00,3.102989101635166946e+01,-2.286364211441868299e+00,3.412990573195963151e+01,-8.136505041660928583e-01,0.000000000000000000e+00,4.300000000000000000e+01,4.356356160385332998e+01,6.000000000000000000e+01
2.044000000000000000e+03,0.000000000000000000e+00,3.096011211131128604e+01,-2.343898761981006551e+00,3.411565710726673473e+01,-8.116462339744414667e-01,0.000000000000000000e+00,4.300000000000000000e+01,4.357715468451063145e+01,6.000000000000000000e+01
2.045000000000000000e+03,0.000000000000000000e+00,3.089178385837416840e+01,-2.400433495196168554e+00,3.410106480638408044e+01,-8.088474528137457042e-01,0.000000000000000000e+00,4.300000000000000000e+01,4.359050844249000534e+01,6.000000000000000000e+01
2.046000000000000000e+03,0.000000000000000000e+00,3.082484940458961731e+01,-2.455972865837527053e+00,3.408613488014798776e+01,-8.053126097208436196e-01,0.000000000000000000e+00,4.300000000000000000e+01,4.360362428781661492e+01,6.000000000000000000e+01
2.047000000000000000e+03,0.000000000000000000e+00,3.075925313292070840e+01,-2.510522738314956204e+00,3.407087334374485721e+01,-8.010974725091926096e-01,0.000000000000000000e+00,4.300000000000000000e+01,4.361650392345831051e+01,6.000000000000000000e+01
2.048000000000000000e+03,0.000000000000000000e+00,3.069494084109795295e+01,-2.564090195410903661e+00,3.405528616930467223e+01,-7.962551327958151681e-01,0.000000000000000000e+00,4.300000000000000000e+01,4.362914930443263017e+01,6.000000000000000000e+01
2.049000000000000000e+03,0.000000000000000000e+00,3.063185988088032730e+01,-2.616683368203065463e+00,3.403937927952836162e+01,-7.908360304449681966e-01,0.000000000000000000e+00,4.300000000000000000e+01,4.364156260144327604e+01,6.000000000000000000e+01
2.050000000000000000e+03,0.000000000000000000e+00,3.056995926351680382e+01,-2.668311284825517937e+00,3.402315854223459013e+01,-7.848879938922688204e-01,0.000000000000000000e+00,4.300000000000000000e+01,4.365374616854441570e+01,6.000000000000000000e+01
2.051000000000000000e+03,0.000000000000000000e+00,3.050918973642200172e+01,-2.718983735981906680e+00,3.400662976572406393e+01,-7.784562933201553125e-01,0.000000000000000000e+00,4.300000000000000000e+01,4.366570251439097206e+01,6.000000000000000000e+01
2.052000000000000000e+03,0.000000000000000000e+00,3.044950383540334116e+01,-2.768711155373050570e+00,3.398979869487073557e+01,-7.715837040943449576e-01,0.000000000000000000e+00,4.300000000000000000e+01,4.367743427668489176e+01,6.000000000000000000e+01
2.053000000000000000e+03,0.000000000000000000e+00,3.039085591619339510e+01,-2.817504513416885903e+00,3.397267100785908411e+01,-7.643105782488035516e-01,0.000000000000000000e+00,4.300000000000000000e+01,4.368894419947301344e+01,6.000000000000000000e+01
2.054000000000000000e+03,0.000000000000000000e+00,3.033320216853217843e+01,-2.865375222828446145e+00,3.395525231349538586e+01,-7.566749221347590648e-01,0.000000000000000000e+00,4.300000000000000000e+01,4.370023511299141461e+01,6.000000000000000000e+01
2.055000000000000000e+03,0.000000000000000000e+00,3.027650061560752093e+01,-2.912335054790849753e+00,3.393754814902857220e+01,-7.487124786301984081e-01,0.000000000000000000e+00,4.300000000000000000e+01,4.371130991578620240e+01,6.000000000000000000e+01
2.056000000000000000e+03,0.000000000000000000e+00,3.022071110127708948e+01,-2.958396064594212227e+00,3.391956397842313464e+01,-7.404568125518321553e-01,0.000000000000000000e+00,4.300000000000000000e+01,4.372217155887076245e+01,6.000000000000000000e+01
2.057000000000000000e+03,0.000000000000000000e+00,3.016579526716748916e+01,-3.003570525744347020e+00,3.390130519103259132e+01,-7.319393981207564792e-01,0.000000000000000000e+00,4.300000000000000000e+01,4.373282303170618235e+01,6.000000000000000000e+01
2.058000000000000000e+03,0.000000000000000000e+00,3.011171652145818456e+01,-3.047870871654201341e+00,3.388277710062740056e+01,-7.231897075150168774e-01,0.000000000000000000e+00,4.300000000000000000e+01,4.374326734981507059e+01,6.000000000000000000e+01
2.059000000000000000e+03,0.000000000000000000e+00,3.005844000090788626e+01,-3.091309644128719114e+00,3.386398494473603904e+01,-7.142352996994311143e-01,0.000000000000000000e+00,4.300000000000000000e+01,4.375350754385944185e+01,6.000000000000000000e+01
2.060000000000000000e+03,0.000000000000000000e+00,3.000593252746578088e+01,-3.133899447938869542e+00,3.384493388426224669e+01,-7.051019088575972704e-01,0.000000000000000000e+00,4.300000000000000000e+01,4.376354665003144362e+01,6.000000000000000000e+01
2.061000000000000000e+03,0.000000000000000000e+00,2.995416256062199167e+01,-3.175652910855897293e+00,3.382562900334519185e+01,-6.958135318673025482e-01,0.000000000000000000e+00,4.300000000000000000e+01,4.377338770162185000e+01,6.000000000000000000e+01
2.062000000000000000e+03,0.000000000000000000e+00,2.990310014648751036e+01,-3.216582648583998338e+00,3.380607530943282768e+01,-6.863925143613179847e-01,0.000000000000000000e+00,4.300000000000000000e+01,4.378303372164518947e+01,6.000000000000000000e+01
2.063000000000000000e+03,0.000000000000000000e+00,2.985271686445320682e+01,-3.256701234087622687e+00,3.378627773354171637e+01,-6.768596350008860840e-01,0.000000000000000000e+00,4.300000000000000000e+01,4.379248771641310611e+01,6.000000000000000000e+01
2.064000000000000000e+03,0.000000000000000000e+00,2.980298577215275913e+01,-3.296021170862559302e+00,3.376624113067933308e+01,-6.672341876640141001e-01,0.000000000000000000e+00,4.300000000000000000e+01,4.380175266995843231e+01,6.000000000000000000e+01
2.065000000000000000e+03,0.000000000000000000e+00,2.975388134934893003e+01,-3.334554869745198769e+00,3.374597028040732738e+01,-6.575340613131993583e-01,0.000000000000000000e+00,4.300000000000000000e+01,4.381083153922257623e+01,6.000000000000000000e+01
2.066000000000000000e+03,0.000000000000000000e+00,2.970537944126748542e+01,-3.372314628896484923e+00,3.372546988752650066e+01,-6.477758173625296489e-01,0.000000000000000000e+00,4.300000000000000000e+01,4.381972724992728985e+01,6.000000000000000000e+01
2.067000000000000000e+03,0.000000000000000000e+00,2.965745720182465917e+01,-3.409312616632260262e+00,3.370474458286611963e+01,-6.379747644092019776e-01,0.000000000000000000e+00,4.300000000000000000e+01,4.382844269306011142e+01,6.000000000000000000e+01
2.068000000000000000e+03,0.000000000000000000e+00,2.961009303712059548e+01,-3.445560856805934158e+00,3.368379892416213295e+01,-6.281450302356040849e-01,0.000000000000000000e+00,4.300000000000000000e+01,4.383698072190934170e+01,6.000000000000000000e+01
2.069000000000000000e+03,0.000000000000000000e+00,2.956326654951363153e+01,-3.481071216476706365e+00,3.366263739701030033e+01,-6.182996310199621037e-01,0.000000000000000000e+00,4.300000000000000000e+01,4.384534414959102833e+01,6.000000000000000000e+01
2.070000000000000000e+03,0.000000000000000000e+00,2.951695848253436694e+01,-3.515855395624093216e+00,3.364126441588188499e+01,-6.084505377234235013e-01,0.000000000000000000e+00,4.300000000000000000e+01,4.385353574701584023e+01,6.000000000000000000e+01
2.071000000000000000e+03,0.000000000000000000e+00,2.947115066685415741e+01,-3.549924918691992559e+00,3.361968432519074668e+01,-5.986087396445955999e-01,0.000000000000000000e+00,4.300000000000000000e+01,4.386155824124875835e+01,6.000000000000000000e+01
2.072000000000000000e+03,0.000000000000000000e+00,2.942582596748267321e+01,-3.583291127766503159e+00,3.359790140040189499e+01,-5.887843051527191784e-01,0.000000000000000000e+00,4.300000000000000000e+01,4.386941431421919901e+01,6.000000000000000000e+01
2.073000000000000000e+03,0.000000000000000000e+00,2.938096823233336252e+01,-3.615965177211220904e+00,3.357591984917264938e+01,-5.789864396280651748e-01,0.000000000000000000e+00,4.300000000000000000e+01,4.387710660174291633e+01,6.000000000000000000e+01
2.074000000000000000e+03,0.000000000000000000e+00,2.933656224226864850e+01,-3.647958029599254637e+00,3.355374381251854743e+01,-5.692235406506443995e-01,0.000000000000000000e+00,4.300000000000000000e+01,4.388463769282117255e+01,6.000000000000000000e+01
2.075000000000000000e+03,0.000000000000000000e+00,2.929259366270700227e+01,-3.679280452798413759e+00,3.353137736599697405e+01,-5.595032504915599114e-01,0.000000000000000000e+00,4.300000000000000000e+01,4.389201012918552891e+01,6.000000000000000000e+01
2.076000000000000000e+03,0.000000000000000000e+00,2.924904899685559201e+01,-3.709943018077960453e+00,3.350882452090227304e+01,-5.498325059687186878e-01,0.000000000000000000e+00,4.300000000000000000e+01,4.389922640505987772e+01,6.000000000000000000e+01
2.077000000000000000e+03,0.000000000000000000e+00,2.920591554061095962e+01,-3.739956099118877830e+00,3.348608922546689826e+01,-5.402175857370625778e-01,0.000000000000000000e+00,4.300000000000000000e+01,4.390628896711400841e+01,6.000000000000000000e+01
2.078000000000000000e+03,0.000000000000000000e+00,2.916318133915394029e+01,-3.769329871820751521e+00,3.346317536606373011e+01,-5.306641550890378589e-01,0.000000000000000000e+00,4.300000000000000000e+01,4.391320021458538037e+01,6.000000000000000000e+01
2.079000000000000000e+03,0.000000000000000000e+00,2.912083514525202332e+01,-3.798074314808228547e+00,3.344008676840532246e+01,-5.211773083450703670e-01,0.000000000000000000e+00,4.300000000000000000e+01,4.391996249954800646e+01,6.000000000000000000e+01
2.080000000000000000e+03,0.000000000000000000e+00,2.907886637926998930e+01,-3.826199210549328544e+00,3.341682719873632834e+01,-5.117616089170076155e-01,0.000000000000000000e+00,4.300000000000000000e+01,4.392657812730955413e+01,6.000000000000000000e+01
2.081000000000000000e+03,0.000000000000000000e+00,2.903726509087854879e+01,-3.853714147007019530e+00,3.339340036501592124e+01,-5.024211271303538062e-01,0.000000000000000000e+00,4.300000000000000000e+01,4.393304935691935498e+01,6.000000000000000000e+01
2.082000000000000000e+03,0.000000000000000000e+00,2.899602192244386956e+01,-3.880628519752070016e+00,3.336980991808733421e+01,-4.931594758913976362e-01,0.000000000000000000e+00,4.300000000000000000e+01,4.393937840177183318e+01,6.000000000000000000e+01
2.083000000000000000e+03,0.000000000000000000e+00,2.895512807407292399e+01,-3.906951534472758336e+00,3.334605945283217920e+01,-4.839798442864988171e-01,0.000000000000000000e+00,4.300000000000000000e+01,4.394556743029141899e+01,6.000000000000000000e+01
2.084000000000000000e+03,0.000000000000000000e+00,2.891457527028306984e+01,-3.932692209823482887e+00,3.332215250930741490e+01,-4.748850292008615637e-01,0.000000000000000000e+00,4.300000000000000000e+01,4.395161856668623557e+01,6.000000000000000000e+01
2.085000000000000000e+03,0.000000000000000000e+00,2.887435572826098351e+01,-3.957859380559408446e+00,3.329809257386328625e+01,-4.658774650428936792e-01,0.000000000000000000e+00,4.300000000000000000e+01,4.395753389175936832e+01,6.000000000000000000e+01
2.086000000000000000e+03,0.000000000000000000e+00,2.883446212766987315e+01,-3.982461700910600477e+00,3.327388308024072927e+01,-4.569592516602561938e-01,0.000000000000000000e+00,4.300000000000000000e+01,4.396331544376728573e+01,6.000000000000000000e+01
2.087000000000000000e+03,0.000000000000000000e+00,2.879488758196406195e+01,-4.006507648152267009e+00,3.324952741064709727e+01,-4.481321805307697526e-01,0.000000000000000000e+00,4.300000000000000000e+01,4.396896521931653723e+01,6.000000000000000000e+01
2.088000000000000000e+03,0.000000000000000000e+00,2.875562561116330684e+01,-4.030005526334202060e+00,3.322502889680919935e+01,-4.393977593116905611e-01,0.000000000000000000e+00,4.300000000000000000e+01,4.397448517429035775e+01,6.000000000000000000e+01
2.089000000000000000e+03,0.000000000000000000e+00,2.871667011604119324e+01,-4.052963470134603341e+00,3.320039082100291239e+01,-4.307572348271151430e-01,0.000000000000000000e+00,4.300000000000000000e+01,4.397987722479783201e+01,6.000000000000000000e+01
2.090000000000000000e+03,0.000000000000000000e+00,2.867801535367927457e+01,-4.075389448807730020e+00,3.317561641705879083e+01,-4.222116145717876856e-01,0.000000000000000000e+00,4.300000000000000000e+01,4.398514324813926635e+01,6.000000000000000000e+01
2.091000000000000000e+03,0.000000000000000000e+00,2.863965591433625235e+01,-4.097291270198960333e+00,3.315070887134329780e+01,-4.137616868080881694e-01,0.000000000000000000e+00,4.300000000000000000e+01,4.399028508378178515e+01,6.000000000000000000e+01
2.092000000000000000e+03,0.000000000000000000e+00,2.860158669958377331e+01,-4.118676584802377860e+00,3.312567132371531642e+01,-4.054080393291649154e-01,0.000000000000000000e+00,4.300000000000000000e+01,4.399530453434005040e+01,6.000000000000000000e+01
2.093000000000000000e+03,0.000000000000000000e+00,2.856380290165867208e+01,-4.139552889839660743e+00,3.310050686845793422e+01,-3.971510769596012791e-01,0.000000000000000000e+00,4.300000000000000000e+01,4.400020336655761355e+01,6.000000000000000000e+01
2.094000000000000000e+03,0.000000000000000000e+00,2.852629998398123590e+01,-4.159927533341611472e+00,3.307521855518534437e+01,-3.889910378624966136e-01,0.000000000000000000e+00,4.300000000000000000e+01,4.400498331228483551e+01,6.000000000000000000e+01
2.095000000000000000e+03,0.000000000000000000e+00,2.848907366279088649e+01,-4.179807718215397649e+00,3.304980938972506976e+01,-3.809280087187849606e-01,0.000000000000000000e+00,4.300000000000000000e+01,4.400964606944984325e+01,6.000000000000000000e+01
2.096000000000000000e+03,0.000000000000000000e+00,2.845211988985060003e+01,-4.199200506282847911e+00,3.302428233497563070e+01,-3.729619388421817061e-01,0.000000000000000000e+00,4.300000000000000000e+01,4.401419330301953892e+01,6.000000000000000000e+01
2.097000000000000000e+03,0.000000000000000000e+00,2.841543483617160959e+01,-4.218112822277359619e+00,3.299864031173990497e+01,-3.650926532909370414e-01,0.000000000000000000e+00,4.300000000000000000e+01,4.401862664594790431e+01,6.000000000000000000e+01
2.098000000000000000e+03,0.000000000000000000e+00,2.837901487671225098e+01,-4.236551457787981256e+00,3.297288619953450706e+01,-3.573198650342730986e-01,0.000000000000000000e+00,4.300000000000000000e+01,4.402294770010948355e+01,6.000000000000000000e+01
2.099000000000000000e+03,0.000000000000000000e+00,2.834285657600384667e+01,-4.254523075141839250e+00,3.294702283737559156e+01,-3.496431862299059223e-01,0.000000000000000000e+00,4.300000000000000000e+01,4.402715803721584820e+01,6.000000000000000000e+01
2.100000000000000000e+03,0.000000000000000000e+00,2.830695667466076060e+01,-4.272034211215792077e+00,3.292105302454145033e+01,-3.420621386648954321e-01,0.000000000000000000e+00,4.300000000000000000e+01,4.403125919971364510e+01,6.000000000000000000e+01
2.101000000000000000e+03,0.000000000000000000e+00,2.827131207672937663e+01,-4.289091281171485193e+00,3.289497952131244318e+01,-3.345761634115790306e-01,0.000000000000000000e+00,4.300000000000000000e+01,4.403525270166272776e+01,6.000000000000000000e+01
2.102000000000000000e+03,0.000000000000000000e+00,2.823591983783469317e+01,-4.305700582107571783e+00,3.286880504968868877e+01,-3.271846297464229836e-01,0.000000000000000000e+00,4.300000000000000000e+01,4.403914002959326979e+01,6.000000000000000000e+01
2.103000000000000000e+03,0.000000000000000000e+00,2.820077715408369201e+01,-4.321868296624516326e+00,3.284253229408610508e+01,-3.198868433778978559e-01,0.000000000000000000e+00,4.300000000000000000e+01,4.404292264334097240e+01,6.000000000000000000e+01
2.104000000000000000e+03,0.000000000000000000e+00,2.816588135168589702e+01,-4.337600496298288810e+00,3.281616390201134692e+01,-3.126820540271593174e-01,0.000000000000000000e+00,4.300000000000000000e+01,4.404660197685962686e+01,6.000000000000000000e+01
2.105000000000000000e+03,0.000000000000000000e+00,2.813122987725336799e+01,-4.352903145059885404e+00,3.278970248471615179e+01,-3.055694624029017814e-01,0.000000000000000000e+00,4.300000000000000000e+01,4.405017943901059141e+01,6.000000000000000000e+01
2.106000000000000000e+03,0.000000000000000000e+00,2.809682028874288306e+01,-4.367782102478819262e+00,3.276315061783178351e+01,-2.985482266100815130e-01,0.000000000000000000e+00,4.300000000000000000e+01,4.405365641432874213e+01,6.000000000000000000e+01
2.107000000000000000e+03,0.000000000000000000e+00,2.806265024700579858e+01,-4.382243126948777601e+00,3.273651084198407091e+01,-2.916174680294928989e-01,0.000000000000000000e+00,4.300000000000000000e+01,4.405703426376467746e+01,6.000000000000000000e+01
2.108000000000000000e+03,0.000000000000000000e+00,2.802871750791167926e+01,-4.396291878774509776e+00,3.270978566338969529e+01,-2.847762767035074694e-01,0.000000000000000000e+00,4.300000000000000000e+01,4.406031432540316217e+01,6.000000000000000000e+01
2.109000000000000000e+03,0.000000000000000000e+00,2.799501991501275100e+01,-4.409933923159894853e+00,3.268297755443431640e+01,-2.780237162616703839e-01,0.000000000000000000e+00,4.300000000000000000e+01,4.406349791515773262e+01,6.000000000000000000e+01
2.110000000000000000e+03,0.000000000000000000e+00,2.796155539271896018e+01,-4.423174733096860045e+00,3.265608895423311964e+01,-2.713588284172994691e-01,0.000000000000000000e+00,4.300000000000000000e+01,4.406658632744164095e+01,6.000000000000000000e+01
2.111000000000000000e+03,0.000000000000000000e+00,2.792832193995343459e+01,-4.436019692155893424e+00,3.262912226917442382e+01,-2.647806370650926944e-01,0.000000000000000000e+00,4.300000000000000000e+01,4.406958083581530161e+01,6.000000000000000000e+01
2.112000000000000000e+03,0.000000000000000000e+00,2.789531762426041084e+01,-4.448474097178830355e+00,3.260207987344688974e+01,-2.582881520076465431e-01,0.000000000000000000e+00,4.300000000000000000e+01,4.407248269361060267e+01,6.000000000000000000e+01
2.113000000000000000e+03,0.000000000000000000e+00,2.786254057633793479e+01,-4.460543160875407587e+00,3.257496410955099009e+01,-2.518803723376493164e-01,0.000000000000000000e+00,4.300000000000000000e+01,4.407529313453224518e+01,6.000000000000000000e+01
2.114000000000000000e+03,0.000000000000000000e+00,2.782998898497100981e+01,-4.472232014324289295e+00,3.254777728879521703e+01,-2.455562894999157031e-01,0.000000000000000000e+00,4.300000000000000000e+01,4.407801337323675028e+01,6.000000000000000000e+01
2.115000000000000000e+03,0.000000000000000000e+00,2.779766109233887761e+01,-4.483545709381204780e+00,3.252052169177770224e+01,-2.393148900576203275e-01,0.000000000000000000e+00,4.300000000000000000e+01,4.408064460588937550e+01,6.000000000000000000e+01
2.116000000000000000e+03,0.000000000000000000e+00,2.776555518967463598e+01,-4.494489220995202317e+00,3.249319956885371852e+01,-2.331551581838819942e-01,0.000000000000000000e+00,4.300000000000000000e+01,4.408318801069955839e+01,6.000000000000000000e+01
2.117000000000000000e+03,0.000000000000000000e+00,2.773366961325419666e+01,-4.505067449435611771e+00,3.246581314058967394e+01,-2.270760778998646423e-01,0.000000000000000000e+00,4.300000000000000000e+01,4.408564474843531400e+01,6.000000000000000000e+01
2.118000000000000000e+03,0.000000000000000000e+00,2.770200274069424751e+01,-4.515285222431460355e+00,3.243836459820407470e+01,-2.210766350783699985e-01,0.000000000000000000e+00,4.300000000000000000e+01,4.408801596291723968e+01,6.000000000000000000e+01
2.119000000000000000e+03,0.000000000000000000e+00,2.767055298753844639e+01,-4.525147297226079779e+00,3.241085610399601080e+01,-2.151558192314823315e-01,0.000000000000000000e+00,4.300000000000000000e+01,4.409030278149258208e+01,6.000000000000000000e+01
2.120000000000000000e+03,0.000000000000000000e+00,2.763931880411409381e+01,-4.534658362548789512e+00,3.238328979176166911e+01,-2.093126250987853154e-01,0.000000000000000000e+00,4.300000000000000000e+01,4.409250631549006982e+01,6.000000000000000000e+01
2.121000000000000000e+03,0.000000000000000000e+00,2.760829867264023108e+01,-4.543823040506585365e+00,3.235566776719932136e+01,-2.035460540525063367e-01,0.000000000000000000e+00,4.300000000000000000e+01,4.409462766065598061e+01,6.000000000000000000e+01
2.122000000000000000e+03,0.000000000000000000e+00,2.757749110457159247e+01,-4.552645888397774954e+00,3.232799210830328462e+01,-1.978551153339168089e-01,0.000000000000000000e+00,4.300000000000000000e+01,4.409666789757220329e+01,6.000000000000000000e+01
2.123000000000000000e+03,0.000000000000000000e+00,2.754689463816115236e+01,-4.561131400450733508e+00,3.230026486574735145e+01,-1.922388271354668887e-01,0.000000000000000000e+00,4.300000000000000000e+01,4.409862809205675660e+01,6.000000000000000000e+01
2.124000000000000000e+03,0.000000000000000000e+00,2.751650783622736895e+01,-4.569284009489695819e+00,3.227248806325805219e+01,-1.866962175409873081e-01,0.000000000000000000e+00,4.300000000000000000e+01,4.410050929554751065e+01,6.000000000000000000e+01
2.125000000000000000e+03,0.000000000000000000e+00,2.748632928411100451e+01,-4.577108088530680519e+00,3.224466369797823262e+01,-1.812263253365488103e-01,0.000000000000000000e+00,4.300000000000000000e+01,4.410231254546958013e+01,6.000000000000000000e+01
2.126000000000000000e+03,0.000000000000000000e+00,2.745635758780918678e+01,-4.584607952309514012e+00,3.221679374082133762e+01,-1.758282007026361615e-01,0.000000000000000000e+00,4.300000000000000000e+01,4.410403886558719222e+01,6.000000000000000000e+01
2.127000000000000000e+03,0.000000000000000000e+00,2.742659137227267152e+01,-4.591787858745274065e+00,3.218888013681680604e+01,-1.705009057988591259e-01,0.000000000000000000e+00,4.300000000000000000e+01,4.410568926634041986e+01,6.000000000000000000e+01
2.128000000000000000e+03,0.000000000000000000e+00,2.739702927985610259e+01,-4.598652010340792629e+00,3.216092480544695320e+01,-1.652435152500588977e-01,0.000000000000000000e+00,4.300000000000000000e+01,4.410726474516752660e+01,6.000000000000000000e+01
2.129000000000000000e+03,0.000000000000000000e+00,2.736766996890893466e+01,-4.605204555523313203e+00,3.213292964097568927e+01,-1.600551165434398460e-01,0.000000000000000000e+00,4.300000000000000000e+01,4.410876628681346290e+01,6.000000000000000000e+01
2.130000000000000000e+03,0.000000000000000000e+00,2.733851211249698920e+01,-4.611449589927554271e+00,3.210489651276944301e+01,-1.549348103448995595e-01,0.000000000000000000e+00,4.300000000000000000e+01,4.411019486362504693e+01,6.000000000000000000e+01
2.131000000000000000e+03,0.000000000000000000e+00,2.730955439724510825e+01,-4.617391157623386810e+00,3.207682726561063902e+01,-1.498817107421445971e-01,0.000000000000000000e+00,4.300000000000000000e+01,4.411155143583346216e+01,6.000000000000000000e+01
2.132000000000000000e+03,0.000000000000000000e+00,2.728079552229119287e+01,-4.623033252290769113e+00,3.204872372000400560e+01,-1.448949454220457289e-01,0.000000000000000000e+00,4.300000000000000000e+01,4.411283695182461173e+01,6.000000000000000000e+01
2.133000000000000000e+03,0.000000000000000000e+00,2.725223419834308558e+01,-4.628379818344170005e+00,3.202058767247607562e+01,-1.399736557888195121e-01,0.000000000000000000e+00,4.300000000000000000e+01,4.411405234839777734e+01,6.000000000000000000e+01
2.134000000000000000e+03,0.000000000000000000e+00,2.722386914683095682e+01,-4.633434752008351865e+00,3.199242089586812199e+01,-1.351169970288146061e-01,0.000000000000000000e+00,4.300000000000000000e+01,4.411519855101325760e+01,6.000000000000000000e+01
2.135000000000000000e+03,0.000000000000000000e+00,2.719569909914635275e+01,-4.638201902348322747e+00,3.196422513962284384e+01,-1.303241381281678435e-01,0.000000000000000000e+00,4.300000000000000000e+01,4.411627647402931984e+01,6.000000000000000000e+01
2.136000000000000000e+03,0.000000000000000000e+00,2.716772279596238704e+01,-4.642685072254831624e+00,3.193600213006506294e+01,-1.255942618478448347e-01,0.000000000000000000e+00,4.300000000000000000e+01,4.411728702092911192e+01,6.000000000000000000e+01
2.137000000000000000e+03,0.000000000000000000e+00,2.713993898662708304e+01,-4.646888019388119240e+00,3.190775357067668594e+01,-1.209265646614830769e-01,0.000000000000000000e+00,4.300000000000000000e+01,4.411823108453791775e+01,6.000000000000000000e+01
2.138000000000000000e+03,0.000000000000000000e+00,2.711234642862459410e+01,-4.650814457081499320e+00,3.187948114236615993e+01,-1.163202566600665122e-01,0.000000000000000000e+00,4.300000000000000000e+01,4.411910954723122558e+01,6.000000000000000000e+01
2.139000000000000000e+03,0.000000000000000000e+00,2.708494388709843648e+01,-4.654468055206730348e+00,3.185118650373268423e+01,-1.117745614275154620e-01,0.000000000000000000e+00,4.300000000000000000e+01,4.411992328113407069e+01,6.000000000000000000e+01
2.140000000000000000e+03,0.000000000000000000e+00,2.705773013443129926e+01,-4.657852441003099919e+00,3.182287129132537018e+01,-1.072887158909692079e-01,0.000000000000000000e+00,4.300000000000000000e+01,4.412067314831210751e+01,6.000000000000000000e+01
2.141000000000000000e+03,0.000000000000000000e+00,2.703070394987621583e+01,-4.660971199872109061e+00,3.179453711989757636e+01,-1.028619701492529681e-01,0.000000000000000000e+00,4.300000000000000000e+01,4.412136000095475197e+01,6.000000000000000000e+01
2.142000000000000000e+03,0.000000000000000000e+00,2.700386411923508945e+01,-4.663827876139175821e+00,3.176618558265660752e+01,-9.849358728234162974e-02,0.000000000000000000e+00,4.300000000000000000e+01,4.412198468155082054e+01,6.000000000000000000e+01
2.143000000000000000e+03,0.000000000000000000e+00,2.697720943458008236e+01,-4.666425973784130932e+00,3.173781825150898328e+01,-9.418284314477100294e-02,0.000000000000000000e+00,4.300000000000000000e+01,4.412254802305709944e+01,6.000000000000000000e+01
2.144000000000000000e+03,0.000000000000000000e+00,2.695073869401334576e+01,-4.668768957142314768e+00,3.170943667730143289e+01,-8.992902614577306941e-02,0.000000000000000000e+00,4.300000000000000000e+01,4.412305084906009967e+01,6.000000000000000000e+01
2.145000000000000000e+03,0.000000000000000000e+00,2.692445070146244035e+01,-4.670860251577325428e+00,3.168104239005780087e+01,-8.573143701803374872e-02,0.000000000000000000e+00,4.300000000000000000e+01,4.412349397393145978e+01,6.000000000000000000e+01
2.146000000000000000e+03,0.000000000000000000e+00,2.689834426650704557e+01,-4.672703244127354161e+00,3.165263689921204104e+01,-8.158938857764030939e-02,0.000000000000000000e+00,4.300000000000000000e+01,4.412387820297725227e+01,6.000000000000000000e+01
2.147000000000000000e+03,0.000000000000000000e+00,2.687241820423443883e+01,-4.674301284126162415e+00,3.162422169383741277e+01,-7.750220547681178906e-02,0.000000000000000000e+00,4.300000000000000000e+01,4.412420433258152030e+01,6.000000000000000000e+01
2.148000000000000000e+03,0.000000000000000000e+00,2.684667133512083126e+01,-4.675657683800062081e+00,3.159579824287206407e+01,-7.346922395117204407e-02,0.000000000000000000e+00,4.300000000000000000e+01,4.412447315034438589e+01,6.000000000000000000e+01
2.149000000000000000e+03,0.000000000000000000e+00,2.682110248493552618e+01,-4.676775718842320018e+00,3.156736799534110816e+01,-6.948979156326001716e-02,0.000000000000000000e+00,4.300000000000000000e+01,4.412468543521501374e+01,6.000000000000000000e+01
2.150000000000000000e+03,0.000000000000000000e+00,2.679571048466555894e+01,-4.677658628966164578e+00,3.153893238057535697e+01,-6.556326694363563690e-02,0.000000000000000000e+00,4.300000000000000000e+01,4.412484195761964401e+01,6.000000000000000000e+01
2.151000000000000000e+03,0.000000000000000000e+00,2.677049417045894586e+01,-4.678309618437283213e+00,3.151049280842680034e+01,-6.168901953057172316e-02,0.000000000000000000e+00,4.300000000000000000e+01,4.412494347958507745e+01,6.000000000000000000e+01
2.152000000000000000e+03,0.000000000000000000e+00,2.674545238358365751e+01,-4.678731856587408977e+00,3.148205066948098008e+01,-5.786642930991512529e-02,0.000000000000000000e+00,4.300000000000000000e+01,4.412499075485771982e+01,6.000000000000000000e+01
2.153000000000000000e+03,0.000000000000000000e+00,2.672058397040137834e+01,-4.678928478309438255e+00,3.145360733526633368e+01,-5.409488655551868141e-02,0.000000000000000000e+00,4.300000000000000000e+01,4.412498452901853341e+01,6.000000000000000000e+01
2.154000000000000000e+03,0.000000000000000000e+00,2.669588778235357651e+01,-4.678902584535515885e+00,3.142516415846064604e+01,-5.037379157155398579e-02,0.000000000000000000e+00,4.300000000000000000e+01,4.412492553959411623e+01,6.000000000000000000e+01
2.155000000000000000e+03,0.000000000000000000e+00,2.667136267595823185e+01,-4.678657242699031826e+00,3.139672247309469455e+01,-4.670255443742993284e-02,0.000000000000000000e+00,4.300000000000000000e+01,4.412481451616400818e+01,6.000000000000000000e+01
2.156000000000000000e+03,0.000000000000000000e+00,2.664700751281673519e+01,-4.678195487180909495e+00,3.136828359475316930e+01,-4.308059475552444145e-02,0.000000000000000000e+00,4.300000000000000000e+01,4.412465218046461501e+01,6.000000000000000000e+01
2.157000000000000000e+03,0.000000000000000000e+00,2.662282115962808504e+01,-4.677520319741836907e+00,3.133984882077297485e+01,-3.950734140305133674e-02,0.000000000000000000e+00,4.300000000000000000e+01,4.412443924648975724e+01,6.000000000000000000e+01
2.158000000000000000e+03,0.000000000000000000e+00,2.659880248821072612e+01,-4.676634709940459267e+00,3.131141943043899190e+01,-3.598223228780737804e-02,0.000000000000000000e+00,4.300000000000000000e+01,4.412417642058817790e+01,6.000000000000000000e+01
2.159000000000000000e+03,0.000000000000000000e+00,2.657495037552961037e+01,-4.675541595538916795e+00,3.128299668517735554e+01,-3.250471410882820045e-02,0.000000000000000000e+00,4.300000000000000000e+01,4.412386440155805190e+01,6.000000000000000000e+01
2.160000000000000000e+03,0.000000000000000000e+00,2.655126370372867228e+01,-4.674243882895922297e+00,3.125458182874637814e+01,-2.907424212178292416e-02,0.000000000000000000e+00,4.300000000000000000e+01,4.412350388073878804e+01,6.000000000000000000e+01
2.161000000000000000e+03,0.000000000000000000e+00,2.652774136016662609e+01,-4.672744447348569530e+00,3.122617608742510953e+01,-2.569027990991242655e-02,0.000000000000000000e+00,4.300000000000000000e+01,4.412309554210017382e+01,6.000000000000000000e+01
2.162000000000000000e+03,0.000000000000000000e+00,2.650438223745626232e+01,-4.671046133583095283e+00,3.119778067019968049e+01,-2.235229916032508216e-02,0.000000000000000000e+00,4.300000000000000000e+01,4.412264006232905444e+01,6.000000000000000000e+01
2.163000000000000000e+03,0.000000000000000000e+00,2.648118523350601805e+01,-4.669151755995383901e+00,3.116939676894742917e+01,-1.905977944602724877e-02,0.000000000000000000e+00,4.300000000000000000e+01,4.412213811091369564e+01,6.000000000000000000e+01
2.164000000000000000e+03,0.000000000000000000e+00,2.645814925156319219e+01,-4.667064099041841274e+00,3.114102555861890664e+01,-1.581220801387472896e-02,0.000000000000000000e+00,4.300000000000000000e+01,4.412159035022595788e+01,6.000000000000000000e+01
2.165000000000000000e+03,0.000000000000000000e+00,2.643527320025810923e+01,-4.664785917581160568e+00,3.111266819741780409e+01,-1.260907957853615695e-02,0.000000000000000000e+00,4.300000000000000000e+01,4.412099743560133902e+01,6.000000000000000000e+01
2.166000000000000000e+03,0.000000000000000000e+00,2.641255599364935236e+01,-4.662319937207226594e+00,3.108432582697885493e+01,-9.449896122277673394e-03,0.000000000000000000e+00,4.300000000000000000e+01,4.412036001541709140e+01,6.000000000000000000e+01
2.167000000000000000e+03,0.000000000000000000e+00,2.638999655126876931e+01,-4.659668854574016805e+00,3.105599957254375454e+01,-6.334166700969518123e-03,0.000000000000000000e+00,4.300000000000000000e+01,4.411967873116847727e+01,6.000000000000000000e+01
2.168000000000000000e+03,0.000000000000000000e+00,2.636759379816628268e+01,-4.656835337712744938e+00,3.102769054313516506e+01,-3.261407256137091159e-03,0.000000000000000000e+00,4.300000000000000000e+01,4.411895421754328339e+01,6.000000000000000000e+01
2.169000000000000000e+03,0.000000000000000000e+00,2.634534666495394006e+01,-4.653822026341780216e+00,3.099939983172883373e+01,-2.311404331114433157e-04,0.000000000000000000e+00,4.300000000000000000e+01,4.411818710249465880e+01,6.000000000000000000e+01
2.170000000000000000e+03,0.000000000000000000e+00,2.632325408784915766e+01,-4.650631532169582805e+00,3.097112851542385314e+01,2.757104594889855063e-03,0.000000000000000000e+00,4.300000000000000000e+01,4.411737800731238224e+01,6.000000000000000000e+01
2.171000000000000000e+03,0.000000000000000000e+00,2.630131500871677019e+01,-4.647266439191112042e+00,3.094287765561114156e+01,5.703792296743779786e-03,0.000000000000000000e+00,4.300000000000000000e+01,4.411652754669265164e+01,6.000000000000000000e+01
2.172000000000000000e+03,0.000000000000000000e+00,2.627952837510957806e+01,-4.643729303978084033e+00,3.091464829814015047e+01,8.609380947512757301e-03,0.000000000000000000e+00,4.300000000000000000e+01,4.411563632880650232e+01,6.000000000000000000e+01
2.173000000000000000e+03,0.000000000000000000e+00,2.625789314030694399e+01,-4.640022655963531584e+00,3.088644147348383839e+01,1.147432278663496411e-02,0.000000000000000000e+00,4.300000000000000000e+01,4.411470495536683245e+01,6.000000000000000000e+01
2.174000000000000000e+03,0.000000000000000000e+00,2.623640826335208232e+01,-4.636148997720567877e+00,3.085825819690195004e+01,1.429906417069988327e-02,0.000000000000000000e+00,4.300000000000000000e+01,4.411373402169424196e+01,6.000000000000000000e+01
2.175000000000000000e+03,0.000000000000000000e+00,2.621507270908680809e+01,-4.632110805236215434e+00,3.083009946860264350e+01,1.708404572038072985e-02,0.000000000000000000e+00,4.300000000000000000e+01,4.411272411678159244e+01,6.000000000000000000e+01
2.176000000000000000e+03,0.000000000000000000e+00,2.619388544818482956e+01,-4.627910528179913108e+00,3.080196627390246178e+01,1.982970246228100974e-02,0.000000000000000000e+00,4.300000000000000000e+01,4.411167582335752968e+01,6.000000000000000000e+01
2.177000000000000000e+03,0.000000000000000000e+00,2.617284545718210964e+01,-4.623550590167718966e+00,3.077385958338472349e+01,2.253646396510667130e-02,0.000000000000000000e+00,4.300000000000000000e+01,4.411058971794884087e+01,6.000000000000000000e+01
2.178000000000000000e+03,0.000000000000000000e+00,2.615195171850572464e+01,-4.619033389021649505e+00,3.074578035305632540e+01,2.520475447104725958e-02,0.000000000000000000e+00,4.300000000000000000e+01,4.410946637094187395e+01,6.000000000000000000e+01
2.179000000000000000e+03,0.000000000000000000e+00,2.613120322049965694e+01,-4.614361297025137532e+00,3.071772952450298177e+01,2.783499302181245000e-02,0.000000000000000000e+00,4.300000000000000000e+01,4.410830634664289107e+01,6.000000000000000000e+01
2.180000000000000000e+03,0.000000000000000000e+00,2.611059895744910619e+01,-4.609536661174038485e+00,3.068970802504295747e+01,3.042759358018479188e-02,0.000000000000000000e+00,4.300000000000000000e+01,4.410711020333759791e+01,6.000000000000000000e+01
2.181000000000000000e+03,0.000000000000000000e+00,2.609013792960152145e+01,-4.604561803424221722e+00,3.066171676787928391e+01,3.298296514645904925e-02,0.000000000000000000e+00,4.300000000000000000e+01,4.410587849334969235e+01,6.000000000000000000e+01
2.182000000000000000e+03,0.000000000000000000e+00,2.606981914318614102e+01,-4.599439020935082389e+00,3.063375665225050071e+01,3.550151187072323605e-02,0.000000000000000000e+00,4.300000000000000000e+01,4.410461176309863873e+01,6.000000000000000000e+01
2.183000000000000000e+03,0.000000000000000000e+00,2.604964161043056947e+01,-4.594170586309821225e+00,3.060582856357992299e+01,3.798363316046716315e-02,0.000000000000000000e+00,4.300000000000000000e+01,4.410331055315661075e+01,6.000000000000000000e+01
2.184000000000000000e+03,0.000000000000000000e+00,2.602960434957526914e+01,-4.588758747832282658e+00,3.057793337362349462e+01,4.042972378405804146e-02,0.000000000000000000e+00,4.300000000000000000e+01,4.410197539830468827e+01,6.000000000000000000e+01
2.185000000000000000e+03,0.000000000000000000e+00,2.600970638488555409e+01,-4.583205729700677189e+00,3.055007194061619558e+01,4.284017397003522798e-02,0.000000000000000000e+00,4.300000000000000000e+01,4.410060682758825834e+01,6.000000000000000000e+01
2.186000000000000000e+03,0.000000000000000000e+00,2.598994674666176152e+01,-4.577513732258001511e+00,3.052224510941706015e+01,4.521536950270255151e-02,0.000000000000000000e+00,4.300000000000000000e+01,4.409920536437180516e+01,6.000000000000000000e+01
2.187000000000000000e+03,0.000000000000000000e+00,2.597032447124644960e+01,-4.571684932219911346e+00,3.049445371165280605e+01,4.755569181355546321e-02,0.000000000000000000e+00,4.300000000000000000e+01,4.409777152639291842e+01,6.000000000000000000e+01
2.188000000000000000e+03,0.000000000000000000e+00,2.595083860103024520e+01,-4.565721482899348871e+00,3.046669856586010638e+01,4.986151806948835308e-02,0.000000000000000000e+00,4.300000000000000000e+01,4.409630582581574743e+01,6.000000000000000000e+01
2.189000000000000000e+03,0.000000000000000000e+00,2.593148818445475712e+01,-4.559625514428863546e+00,3.043898047762649739e+01,5.213322125712112343e-02,0.000000000000000000e+00,4.300000000000000000e+01,4.409480876928375181e+01,6.000000000000000000e+01
2.190000000000000000e+03,0.000000000000000000e+00,2.591227227601404337e+01,-4.553399133980004621e+00,3.041130023972996099e+01,5.437117026408841425e-02,0.000000000000000000e+00,4.300000000000000000e+01,4.409328085797189090e+01,6.000000000000000000e+01
2.191000000000000000e+03,0.000000000000000000e+00,2.589318993625375853e+01,-4.547044425980381277e+00,3.038365863227719288e+01,5.657572995694835211e-02,0.000000000000000000e+00,4.300000000000000000e+01,4.409172258763820906e+01,6.000000000000000000e+01
2.192000000000000000e+03,0.000000000000000000e+00,2.587424023176844656e+01,-4.540563452328210126e+00,3.035605642284054895e+01,5.874726125610710975e-02,0.000000000000000000e+00,4.300000000000000000e+01,4.409013444867491671e+01,6.000000000000000000e+01
2.193000000000000000e+03,0.000000000000000000e+00,2.585542223519652438e+01,-4.533958252604767480e+00,3.032849436659371278e+01,6.088612120757775498e-02,0.000000000000000000e+00,4.300000000000000000e+01,4.408851692615881035e+01,6.000000000000000000e+01
2.194000000000000000e+03,0.000000000000000000e+00,2.583673502521439147e+01,-4.527230844284089173e+00,3.030097320644608772e+01,6.299266305239543950e-02,0.000000000000000000e+00,4.300000000000000000e+01,4.408687049990129481e+01,6.000000000000000000e+01
2.195000000000000000e+03,0.000000000000000000e+00,2.581817768652774703e+01,-4.520383222941013912e+00,3.027349367317593121e+01,6.506723629283037158e-02,0.000000000000000000e+00,4.300000000000000000e+01,4.408519564449779438e+01,6.000000000000000000e+01
2.196000000000000000e+03,0.000000000000000000e+00,2.579974930986196568e+01,-4.513417362456693560e+00,3.024605648556221382e+01,6.711018675644349341e-02,0.000000000000000000e+00,4.300000000000000000e+01,4.408349282937673763e+01,6.000000000000000000e+01
2.197000000000000000e+03,0.000000000000000000e+00,2.578144899195036643e+01,-4.506335215222322610e+00,3.021866235051527028e+01,6.912185665741632512e-02,0.000000000000000000e+00,4.300000000000000000e+01,4.408176251884801644e+01,6.000000000000000000e+01
2.198000000000000000e+03,0.000000000000000000e+00,2.576327583552124878e+01,-4.499138712340682744e+00,3.019131196320620703e+01,7.110258465572680264e-02,0.000000000000000000e+00,4.300000000000000000e+01,4.408000517215098313e+01,6.000000000000000000e+01
2.199000000000000000e+03,0.000000000000000000e+00,2.574522894928341188e+01,-4.491829763825766264e+00,3.016400600719510905e+01,7.305270591407052316e-02,0.000000000000000000e+00,4.300000000000000000e+01,4.407822124350198578e+01,6.000000000000000000e+01
2.200000000000000000e+03,0.000000000000000000e+00,2.572730744791022417e+01,-4.484410258800481053e+00,3.013674515455802450e+01,7.497255215268144868e-02,0.000000000000000000e+00,4.300000000000000000e+01,4.407641118214149856e+01,6.000000000000000000e+01
2.201000000000000000e+03,0.000000000000000000e+00,2.570951045202208363e+01,-4.476882065692669777e+00,3.010953006601278048e+01,7.686245170197537890e-02,0.000000000000000000e+00,4.300000000000000000e+01,4.407457543238072617e+01,6.000000000000000000e+01
2.202000000000000000e+03,0.000000000000000000e+00,2.569183708816830247e+01,-4.469247032428939725e+00,3.008236139104360873e+01,7.872272955363307512e-02,0.000000000000000000e+00,4.300000000000000000e+01,4.407271443364788155e+01,6.000000000000000000e+01
2.203000000000000000e+03,0.000000000000000000e+00,2.567428648880692066e+01,-4.461506986627136406e+00,3.005523976802459885e+01,8.055370740945864971e-02,0.000000000000000000e+00,4.300000000000000000e+01,4.407082862053395900e+01,6.000000000000000000e+01
2.204000000000000000e+03,0.000000000000000000e+00,2.565685779228414276e+01,-4.453663735786716593e+00,3.002816582434200399e+01,8.235570372885377133e-02,0.000000000000000000e+00,4.300000000000000000e+01,4.406891842283813787e+01,6.000000000000000000e+01
2.205000000000000000e+03,0.000000000000000000e+00,2.563955014281227918e+01,-4.445719067477590158e+00,3.000114017651539200e+01,8.412903377447900066e-02,0.000000000000000000e+00,4.300000000000000000e+01,4.406698426561280257e+01,6.000000000000000000e+01
2.206000000000000000e+03,0.000000000000000000e+00,2.562236269044657888e+01,-4.437674749527356077e+00,2.997416343031765606e+01,8.587400965628125271e-02,0.000000000000000000e+00,4.300000000000000000e+01,4.406502656920808647e+01,6.000000000000000000e+01
2.207000000000000000e+03,0.000000000000000000e+00,2.560529459106169625e+01,-4.429532530206568453e+00,2.994723618089390627e+01,8.759094037435702362e-02,0.000000000000000000e+00,4.300000000000000000e+01,4.406304574931611029e+01,6.000000000000000000e+01
2.208000000000000000e+03,0.000000000000000000e+00,2.558834500632658404e+01,-4.421294138412725339e+00,2.992035901287923849e+01,8.928013186007011104e-02,0.000000000000000000e+00,4.300000000000000000e+01,4.406104221701481549e+01,6.000000000000000000e+01
2.209000000000000000e+03,0.000000000000000000e+00,2.557151310367874331e+01,-4.412961283852577132e+00,2.989353250051539135e+01,9.094188701592864632e-02,0.000000000000000000e+00,4.300000000000000000e+01,4.405901637881137134e+01,6.000000000000000000e+01
2.210000000000000000e+03,0.000000000000000000e+00,2.555479805629804702e+01,-4.404535657222657719e+00,2.986675720776631593e+01,9.257650575438874929e-02,0.000000000000000000e+00,4.300000000000000000e+01,4.405696863668524088e+01,6.000000000000000000e+01
2.211000000000000000e+03,0.000000000000000000e+00,2.553819904307957600e+01,-4.396018930388402524e+00,2.984003368843264781e+01,9.418428503532777496e-02,0.000000000000000000e+00,4.300000000000000000e+01,4.405489938813092010e+01,6.000000000000000000e+01
2.212000000000000000e+03,0.000000000000000000e+00,2.552171524860542107e+01,-4.387412756561901439e+00,2.981336248626509899e+01,9.576551890222312347e-02,0.000000000000000000e+00,4.300000000000000000e+01,4.405280902620024364e+01,6.000000000000000000e+01
2.213000000000000000e+03,0.000000000000000000e+00,2.550534586311646734e+01,-4.378718770477853184e+00,2.978674413507678409e+01,9.732049851753786507e-02,0.000000000000000000e+00,4.300000000000000000e+01,4.405069793954434232e+01,6.000000000000000000e+01
2.214000000000000000e+03,0.000000000000000000e+00,2.548909008248345387e+01,-4.369938588568069271e+00,2.976017915885448417e+01,9.884951219703726200e-02,0.000000000000000000e+00,4.300000000000000000e+01,4.404856651245530230e+01,6.000000000000000000e+01
2.215000000000000000e+03,0.000000000000000000e+00,2.547294710817704200e+01,-4.361073809134738966e+00,2.973366807186886263e+01,1.003528454429162414e-01,0.000000000000000000e+00,4.300000000000000000e+01,4.404641512490741206e+01,6.000000000000000000e+01
2.216000000000000000e+03,0.000000000000000000e+00,2.545691614723790508e+01,-4.352126012521977394e+00,2.970721137878362228e+01,1.018307809762598326e-01,0.000000000000000000e+00,4.300000000000000000e+01,4.404424415259808256e+01,6.000000000000000000e+01
2.217000000000000000e+03,0.000000000000000000e+00,2.544099641224618225e+01,-4.343096761286017404e+00,2.968080957476364645e+01,1.032835987685515877e-01,0.000000000000000000e+00,4.300000000000000000e+01,4.404205396698842634e+01,6.000000000000000000e+01
2.218000000000000000e+03,0.000000000000000000e+00,2.542518712129047387e+01,-4.333987600363979453e+00,2.965446314558210261e+01,1.047115760723503347e-01,0.000000000000000000e+00,4.300000000000000000e+01,4.403984493534348843e+01,6.000000000000000000e+01
2.219000000000000000e+03,0.000000000000000000e+00,2.540948749793655637e+01,-4.324800057241197315e+00,2.962817256772653352e+01,1.061149874512193336e-01,0.000000000000000000e+00,4.300000000000000000e+01,4.403761742077215047e+01,6.000000000000000000e+01
2.220000000000000000e+03,0.000000000000000000e+00,2.539389677119563160e+01,-4.315535642117180437e+00,2.960193830850393581e+01,1.074941048088766254e-01,0.000000000000000000e+00,4.300000000000000000e+01,4.403537178226669369e+01,6.000000000000000000e+01
2.221000000000000000e+03,0.000000000000000000e+00,2.537841417549235956e+01,-4.306195848070163201e+00,2.957576082614484747e+01,1.088491974176746258e-01,0.000000000000000000e+00,4.300000000000000000e+01,4.403310837474200667e+01,6.000000000000000000e+01
2.222000000000000000e+03,0.000000000000000000e+00,2.536303895063277025e+01,-4.296782151220167378e+00,2.954964056990642618e+01,1.101805319465100769e-01,0.000000000000000000e+00,4.300000000000000000e+01,4.403082754907451601e+01,6.000000000000000000e+01
2.223000000000000000e+03,0.000000000000000000e+00,2.534777034177153965e+01,-4.287296010890925047e+00,2.952357798017456503e+01,1.114883724879002780e-01,0.000000000000000000e+00,4.300000000000000000e+01,4.402852965214074743e+01,6.000000000000000000e+01
2.224000000000000000e+03,0.000000000000000000e+00,2.533260759937941131e+01,-4.277738869770249863e+00,2.949757348856502048e+01,1.127729805846405253e-01,0.000000000000000000e+00,4.300000000000000000e+01,4.402621502685556720e+01,6.000000000000000000e+01
2.225000000000000000e+03,0.000000000000000000e+00,2.531754997921035155e+01,-4.268112154069092945e+00,2.947162751802356695e+01,1.140346152558787407e-01,0.000000000000000000e+00,4.300000000000000000e+01,4.402388401221013225e+01,6.000000000000000000e+01
2.226000000000000000e+03,0.000000000000000000e+00,2.530259674226837419e+01,-4.258417273679377502e+00,2.944574048292521340e+01,1.152735330225368865e-01,0.000000000000000000e+00,4.300000000000000000e+01,4.402153694330946365e+01,6.000000000000000000e+01
2.227000000000000000e+03,0.000000000000000000e+00,2.528774715477463175e+01,-4.248655622330267612e+00,2.941991278917244657e+01,1.164899879324542420e-01,0.000000000000000000e+00,4.300000000000000000e+01,4.401917415140978562e+01,6.000000000000000000e+01
2.228000000000000000e+03,0.000000000000000000e+00,2.527300048813379973e+01,-4.238828577743469772e+00,2.939414483429254688e+01,1.176842315847209108e-01,0.000000000000000000e+00,4.300000000000000000e+01,4.401679596395544536e+01,6.000000000000000000e+01
2.229000000000000000e+03,0.000000000000000000e+00,2.525835601890115356e+01,-4.228937501786780295e+00,2.936843700753396291e+01,1.188565131539726927e-01,0.000000000000000000e+00,4.300000000000000000e+01,4.401440270461564808e+01,6.000000000000000000e+01
2.230000000000000000e+03,0.000000000000000000e+00,2.524381302874862953e+01,-4.218983740626873313e+00,2.934278968996176218e+01,1.200070794137415159e-01,0.000000000000000000e+00,4.300000000000000000e+01,4.401199469332074443e+01,6.000000000000000000e+01
2.231000000000000000e+03,0.000000000000000000e+00,2.522937080443187696e+01,-4.208968624880219167e+00,2.931720325455215459e+01,1.211361747599444955e-01,0.000000000000000000e+00,4.300000000000000000e+01,4.400957224629833320e+01,6.000000000000000000e+01
2.232000000000000000e+03,0.000000000000000000e+00,2.521502863775635817e+01,-4.198893469763243402e+00,2.929167806628611714e+01,1.222440412334835774e-01,0.000000000000000000e+00,4.300000000000000000e+01,4.400713567610893762e+01,6.000000000000000000e+01
2.233000000000000000e+03,0.000000000000000000e+00,2.520078582554435087e+01,-4.188759575240701416e+00,2.926621448224210198e+01,1.233309185429525973e-01,0.000000000000000000e+00,4.300000000000000000e+01,4.400468529168152543e+01,6.000000000000000000e+01
2.234000000000000000e+03,0.000000000000000000e+00,2.518664166960083861e+01,-4.178568226173415390e+00,2.924081285168785627e+01,1.243970440863982341e-01,0.000000000000000000e+00,4.300000000000000000e+01,4.400222139834857416e+01,6.000000000000000000e+01
2.235000000000000000e+03,0.000000000000000000e+00,2.517259547668060549e+01,-4.168320692464108745e+00,2.921547351617135746e+01,1.254426529733558282e-01,0.000000000000000000e+00,4.300000000000000000e+01,4.399974429788093744e+01,6.000000000000000000e+01
2.236000000000000000e+03,0.000000000000000000e+00,2.515864655845458486e+01,-4.158018229202421701e+00,2.919019680961085683e+01,1.264679780461500924e-01,0.000000000000000000e+00,4.300000000000000000e+01,4.399725428852237030e+01,6.000000000000000000e+01
2.237000000000000000e+03,0.000000000000000000e+00,2.514479423147661663e+01,-4.147662076808502185e+00,2.916498305838405614e+01,1.274732499010616804e-01,0.000000000000000000e+00,4.300000000000000000e+01,4.399475166502379864e+01,6.000000000000000000e+01
2.238000000000000000e+03,0.000000000000000000e+00,2.513103781714992735e+01,-4.137253461175537161e+00,2.913983258141642452e+01,1.284586969090383279e-01,0.000000000000000000e+00,4.300000000000000000e+01,4.399223671867723340e+01,6.000000000000000000e+01
2.239000000000000000e+03,0.000000000000000000e+00,2.511737664169420370e+01,-4.126793593810802463e+00,2.911474569026863790e+01,1.294245452363671500e-01,0.000000000000000000e+00,4.300000000000000000e+01,4.398970973734942902e+01,6.000000000000000000e+01
2.240000000000000000e+03,0.000000000000000000e+00,2.510381003611246342e+01,-4.116283671975653924e+00,2.908972268922319415e+01,1.303710188649253587e-01,0.000000000000000000e+00,4.300000000000000000e+01,4.398717100551527892e+01,6.000000000000000000e+01
2.241000000000000000e+03,0.000000000000000000e+00,2.509033733615780548e+01,-4.105724878824417168e+00,2.906476387537015782e+01,1.312983396120656898e-01,0.000000000000000000e+00,4.300000000000000000e+01,4.398462080429086996e+01,6.000000000000000000e+01
2.242000000000000000e+03,0.000000000000000000e+00,2.507695788230068601e+01,-4.095118383541871410e+00,2.903986953869209131e+01,1.322067271504643038e-01,0.000000000000000000e+00,4.300000000000000000e+01,4.398205941146627396e+01,6.000000000000000000e+01
2.243000000000000000e+03,0.000000000000000000e+00,2.506367101969614808e+01,-4.084465341479623035e+00,2.901503996214814052e+01,1.330963990276310127e-01,0.000000000000000000e+00,4.300000000000000000e+01,4.397948710153807639e+01,6.000000000000000000e+01
2.244000000000000000e+03,0.000000000000000000e+00,2.505047609815101239e+01,-4.073766894291402707e+00,2.899027542175731043e+01,1.339675706851047865e-01,0.000000000000000000e+00,4.300000000000000000e+01,4.397690414574157103e+01,6.000000000000000000e+01
2.245000000000000000e+03,0.000000000000000000e+00,2.503737247209158667e+01,-4.063024170066960039e+00,2.896557618668091649e+01,1.348204554776313846e-01,0.000000000000000000e+00,4.300000000000000000e+01,4.397431081208273440e+01,6.000000000000000000e+01
2.246000000000000000e+03,0.000000000000000000e+00,2.502435950053106239e+01,-4.052238283465053215e+00,2.894094251930422956e+01,1.356552646918840199e-01,0.000000000000000000e+00,4.300000000000000000e+01,4.397170736536986624e+01,6.000000000000000000e+01
2.247000000000000000e+03,0.000000000000000000e+00,2.501143654703748709e+01,-4.041410335845038837e+00,2.891637467531732852e+01,1.364722075651983446e-01,0.000000000000000000e+00,4.300000000000000000e+01,4.396909406724500258e+01,6.000000000000000000e+01
2.248000000000000000e+03,0.000000000000000000e+00,2.499860297970153766e+01,-4.030541415397524752e+00,2.889187290379515360e+01,1.372714913039083384e-01,0.000000000000000000e+00,4.300000000000000000e+01,4.396647117621503753e+01,6.000000000000000000e+01
2.249000000000000000e+03,0.000000000000000000e+00,2.498585817110452112e+01,-4.019632597273807839e+00,2.886743744727677097e+01,1.380533211015577688e-01,0.000000000000000000e+00,4.300000000000000000e+01,4.396383894768253242e+01,6.000000000000000000e+01
2.250000000000000000e+03,0.000000000000000000e+00,2.497320149828692593e+01,-4.008684943714010629e+00,2.884306854184385926e+01,1.388179001570785109e-01,0.000000000000000000e+00,4.300000000000000000e+01,4.396119763397632596e+01,6.000000000000000000e+01
2.251000000000000000e+03,0.000000000000000000e+00,2.496063234271652576e+01,-3.997699504174393237e+00,2.881876641719842169e+01,1.395654296924974946e-01,0.000000000000000000e+00,4.300000000000000000e+01,4.395854748438181048e+01,6.000000000000000000e+01
2.252000000000000000e+03,0.000000000000000000e+00,2.494815009025719377e+01,-3.986677315453271753e+00,2.879453129673973777e+01,1.402961089707272790e-01,0.000000000000000000e+00,4.300000000000000000e+01,4.395588874517099498e+01,6.000000000000000000e+01
2.253000000000000000e+03,0.000000000000000000e+00,2.493575413113746464e+01,-3.975619401816055998e+00,2.877036339764055128e+01,1.410101353129670776e-01,0.000000000000000000e+00,4.300000000000000000e+01,4.395322165963224137e+01,6.000000000000000000e+01
2.254000000000000000e+03,0.000000000000000000e+00,2.492344385991976097e+01,-3.964526775118923929e+00,2.874626293092250151e+01,1.417077041161808881e-01,0.000000000000000000e+00,4.300000000000000000e+01,4.395054646809983012e+01,6.000000000000000000e+01
2.255000000000000000e+03,0.000000000000000000e+00,2.491121867546907254e+01,-3.953400434931786833e+00,2.872223010153081901e+01,1.423890088700418555e-01,0.000000000000000000e+00,4.300000000000000000e+01,4.394786340798314939e+01,6.000000000000000000e+01
2.256000000000000000e+03,0.000000000000000000e+00,2.489907798092275470e+01,-3.942241368659689993e+00,2.869826510840826828e+01,1.430542411741779762e-01,0.000000000000000000e+00,4.300000000000000000e+01,4.394517271379571355e+01,6.000000000000000000e+01
2.257000000000000000e+03,0.000000000000000000e+00,2.488702118365976546e+01,-3.931050551663502812e+00,2.867436814456836913e+01,1.437035907548998015e-01,0.000000000000000000e+00,4.300000000000000000e+01,4.394247461718389758e+01,6.000000000000000000e+01
2.258000000000000000e+03,0.000000000000000000e+00,2.487504769527034298e+01,-3.919828947379427664e+00,2.865053939716788634e+01,1.443372454818864226e-01,0.000000000000000000e+00,4.300000000000000000e+01,4.393976934695540137e+01,6.000000000000000000e+01
2.259000000000000000e+03,0.000000000000000000e+00,2.486315693152599238e+01,-3.908577507437386522e+00,2.862677904757860148e+01,1.449553913847770603e-01,0.000000000000000000e+00,4.300000000000000000e+01,4.393705712910749384e+01,6.000000000000000000e+01
2.260000000000000000e+03,0.000000000000000000e+00,2.485134831234936215e+01,-3.897297171778487002e+00,2.860308727145836727e+01,1.455582126694825451e-01,0.000000000000000000e+00,4.300000000000000000e+01,4.393433818685494430e+01,6.000000000000000000e+01
2.261000000000000000e+03,0.000000000000000000e+00,2.483962126178485974e+01,-3.885988868771195204e+00,2.857946423882146192e+01,1.461458917345933306e-01,0.000000000000000000e+00,4.300000000000000000e+01,4.393161274065778343e+01,6.000000000000000000e+01
2.262000000000000000e+03,0.000000000000000000e+00,2.482797520796876256e+01,-3.874653515326794029e+00,2.855591011410822944e+01,1.467186091873267650e-01,0.000000000000000000e+00,4.300000000000000000e+01,4.392888100824875153e+01,6.000000000000000000e+01
2.263000000000000000e+03,0.000000000000000000e+00,2.481640958310009992e+01,-3.863292017013541635e+00,2.853242505625404490e+01,1.472765438595962650e-01,0.000000000000000000e+00,4.300000000000000000e+01,4.392614320466055489e+01,6.000000000000000000e+01
2.264000000000000000e+03,0.000000000000000000e+00,2.480492382341125790e+01,-3.851905268170035868e+00,2.850900921875756922e+01,1.478198728237252457e-01,0.000000000000000000e+00,4.300000000000000000e+01,4.392339954225280962e+01,6.000000000000000000e+01
2.265000000000000000e+03,0.000000000000000000e+00,2.479351736913937287e+01,-3.840494152017272622e+00,2.848566274974834656e+01,1.483487714082989684e-01,0.000000000000000000e+00,4.300000000000000000e+01,4.392065023073882202e+01,6.000000000000000000e+01
2.266000000000000000e+03,0.000000000000000000e+00,2.478218966449723126e+01,-3.829059540770029191e+00,2.846238579205369490e+01,1.488634132135659427e-01,0.000000000000000000e+00,4.300000000000000000e+01,4.391789547721206333e+01,6.000000000000000000e+01
2.267000000000000000e+03,0.000000000000000000e+00,2.477094015764495438e+01,-3.817602295746976182e+00,2.843917848326496056e+01,1.493639701269707798e-01,0.000000000000000000e+00,4.300000000000000000e+01,4.391513548617243146e+01,6.000000000000000000e+01
2.268000000000000000e+03,0.000000000000000000e+00,2.475976830066163004e+01,-3.806123267479898598e+00,2.841604095580307643e+01,1.498506123384515665e-01,0.000000000000000000e+00,4.300000000000000000e+01,4.391237045955230656e+01,6.000000000000000000e+01
2.269000000000000000e+03,0.000000000000000000e+00,2.474867354951691212e+01,-3.794623295822067366e+00,2.839297333698348780e+01,1.503235083554900209e-01,0.000000000000000000e+00,4.300000000000000000e+01,4.390960059674232241e+01,6.000000000000000000e+01
2.270000000000000000e+03,0.000000000000000000e+00,2.473765536404322418e+01,-3.783103210055421162e+00,2.836997574908041386e+01,1.507828250182345620e-01,0.000000000000000000e+00,4.300000000000000000e+01,4.390682609461690333e+01,6.000000000000000000e+01
2.271000000000000000e+03,0.000000000000000000e+00,2.472671320790818328e+01,-3.771563828996778334e+00,2.834704830939046261e+01,1.512287275144982845e-01,0.000000000000000000e+00,4.300000000000000000e+01,4.390404714755964477e+01,6.000000000000000000e+01
2.272000000000000000e+03,0.000000000000000000e+00,2.471584654858655128e+01,-3.760005961103396466e+00,2.832419113029560975e+01,1.516613793943377142e-01,0.000000000000000000e+00,4.300000000000000000e+01,4.390126394748835992e+01,6.000000000000000000e+01
2.273000000000000000e+03,0.000000000000000000e+00,2.470505485733332307e+01,-3.748430404577143715e+00,2.830140431932553469e+01,1.520809425849292129e-01,0.000000000000000000e+00,4.300000000000000000e+01,4.389847668387997714e+01,6.000000000000000000e+01
2.274000000000000000e+03,0.000000000000000000e+00,2.469433760915630671e+01,-3.736837947468047538e+00,2.827868797921934529e+01,1.524875774050068744e-01,0.000000000000000000e+00,4.300000000000000000e+01,4.389568554379518162e+01,6.000000000000000000e+01
2.275000000000000000e+03,0.000000000000000000e+00,2.468369428278917965e+01,-3.725229367776783818e+00,2.825604220798665978e+01,1.528814425793048881e-01,0.000000000000000000e+00,4.300000000000000000e+01,4.389289071190285085e+01,6.000000000000000000e+01
2.276000000000000000e+03,0.000000000000000000e+00,2.467312436066458758e+01,-3.713605433556304014e+00,2.823346709896808093e+01,1.532626952528112763e-01,0.000000000000000000e+00,4.300000000000000000e+01,4.389009237050423451e+01,6.000000000000000000e+01
2.277000000000000000e+03,0.000000000000000000e+00,2.466262732888769449e+01,-3.701966903012402721e+00,2.821096274089505584e+01,1.536314910050387283e-01,0.000000000000000000e+00,4.300000000000000000e+01,4.388729069955692808e+01,6.000000000000000000e+01
2.278000000000000000e+03,0.000000000000000000e+00,2.465220267720983571e+01,-3.690314524603424573e+00,2.818852921794913868e+01,1.539879838641184384e-01,0.000000000000000000e+00,4.300000000000000000e+01,4.388448587669865475e+01,6.000000000000000000e+01
2.279000000000000000e+03,0.000000000000000000e+00,2.464184989900212841e+01,-3.678649037139175793e+00,2.816616660982063181e+01,1.543323263206743401e-01,0.000000000000000000e+00,4.300000000000000000e+01,4.388167807727081993e+01,6.000000000000000000e+01
2.280000000000000000e+03,0.000000000000000000e+00,2.463156849122939818e+01,-3.666971169878889825e+00,2.814387499176665841e+01,1.546646693416299789e-01,0.000000000000000000e+00,4.300000000000000000e+01,4.387886747434181700e+01,6.000000000000000000e+01
2.281000000000000000e+03,0.000000000000000000e+00,2.462135795442449293e+01,-3.655281642628157357e+00,2.812165443466861348e+01,1.549851623840354797e-01,0.000000000000000000e+00,4.300000000000000000e+01,4.387605423873014843e+01,6.000000000000000000e+01
2.282000000000000000e+03,0.000000000000000000e+00,2.461121779266264653e+01,-3.643581165835088065e+00,2.809950500508906757e+01,1.552939534086654194e-01,0.000000000000000000e+00,4.300000000000000000e+01,4.387323853902735493e+01,6.000000000000000000e+01
2.283000000000000000e+03,0.000000000000000000e+00,2.460114751353581397e+01,-3.631870440685676105e+00,2.807742676532805959e+01,1.555911888934307652e-01,0.000000000000000000e+00,4.300000000000000000e+01,4.387042054162068894e+01,6.000000000000000000e+01
2.284000000000000000e+03,0.000000000000000000e+00,2.459114662812759633e+01,-3.620150159198101569e+00,2.805541977347883176e+01,1.558770138468653088e-01,0.000000000000000000e+00,4.300000000000000000e+01,4.386760041071561744e+01,6.000000000000000000e+01
2.285000000000000000e+03,0.000000000000000000e+00,2.458121465098802005e+01,-3.608421004316319181e+00,2.803348408348298904e+01,1.561515718213513093e-01,0.000000000000000000e+00,4.300000000000000000e+01,4.386477830835809044e+01,6.000000000000000000e+01
2.286000000000000000e+03,0.000000000000000000e+00,2.457135110010877099e+01,-3.596683650002676647e+00,2.801161974518510078e+01,1.564150049263497433e-01,0.000000000000000000e+00,4.300000000000000000e+01,4.386195439445665301e+01,6.000000000000000000e+01
2.287000000000000000e+03,0.000000000000000000e+00,2.456155549689819395e+01,-3.584938761329879764e+00,2.798982680438674109e+01,1.566674538413319884e-01,0.000000000000000000e+00,4.300000000000000000e+01,4.385912882680428027e+01,6.000000000000000000e+01
2.288000000000000000e+03,0.000000000000000000e+00,2.455182736615707739e+01,-3.573186994571806441e+00,2.796810530289998198e+01,1.569090578289017157e-01,0.000000000000000000e+00,4.300000000000000000e+01,4.385630176110010581e+01,6.000000000000000000e+01
2.289000000000000000e+03,0.000000000000000000e+00,2.454216623605387682e+01,-3.561428997293876186e+00,2.794645527860032175e+01,1.571399547474328084e-01,0.000000000000000000e+00,4.300000000000000000e+01,4.385347335097083743e+01,6.000000000000000000e+01
2.290000000000000000e+03,0.000000000000000000e+00,2.453257163810102881e+01,-3.549665408442120196e+00,2.792487676547909459e+01,1.573602810640550853e-01,0.000000000000000000e+00,4.300000000000000000e+01,4.385064374799209475e+01,6.000000000000000000e+01
2.291000000000000000e+03,0.000000000000000000e+00,2.452304310713044089e+01,-3.537896858431926805e+00,2.790336979369531534e+01,1.575701718670554086e-01,0.000000000000000000e+00,4.300000000000000000e+01,4.384781310170944124e+01,6.000000000000000000e+01
2.292000000000000000e+03,0.000000000000000000e+00,2.451358018127011462e+01,-3.526123969235514188e+00,2.788193438962701265e+01,1.577697608786150785e-01,0.000000000000000000e+00,4.300000000000000000e+01,4.384498155965933819e+01,6.000000000000000000e+01
2.293000000000000000e+03,0.000000000000000000e+00,2.450418240191993036e+01,-3.514347354469081530e+00,2.786057057592203279e+01,1.579591804669796262e-01,0.000000000000000000e+00,4.300000000000000000e+01,4.384214926738977169e+01,6.000000000000000000e+01
2.294000000000000000e+03,0.000000000000000000e+00,2.449484931372877128e+01,-3.502567619478595962e+00,2.783927837154830343e+01,1.581385616590635090e-01,0.000000000000000000e+00,4.300000000000000000e+01,4.383931636848082292e+01,6.000000000000000000e+01
2.295000000000000000e+03,0.000000000000000000e+00,2.448558046457065274e+01,-3.490785361425347677e+00,2.781805779184358940e+01,1.583080341524134016e-01,0.000000000000000000e+00,4.300000000000000000e+01,4.383648300456493274e+01,6.000000000000000000e+01
2.296000000000000000e+03,0.000000000000000000e+00,2.447637540552204882e+01,-3.479001169370231850e+00,2.779690884856474398e+01,1.584677263275379722e-01,0.000000000000000000e+00,4.300000000000000000e+01,4.383364931534707409e+01,6.000000000000000000e+01
2.297000000000000000e+03,0.000000000000000000e+00,2.446723369083853683e+01,-3.467215624357647297e+00,2.777583154993643078e+01,1.586177652597527687e-01,0.000000000000000000e+00,4.300000000000000000e+01,4.383081543862467555e+01,6.000000000000000000e+01
2.298000000000000000e+03,0.000000000000000000e+00,2.445815487793218068e+01,-3.455429299498359530e+00,2.775482590069935895e+01,1.587582767311794818e-01,0.000000000000000000e+00,4.300000000000000000e+01,4.382798151030738865e+01,6.000000000000000000e+01
2.299000000000000000e+03,0.000000000000000000e+00,2.444913852734882909e+01,-3.443642760051714546e+00,2.773389190215801037e+01,1.588893852425305453e-01,0.000000000000000000e+00,4.300000000000000000e+01,4.382514766443665621e+01,6.000000000000000000e+01
2.300000000000000000e+03,0.000000000000000000e+00,2.444018420274570857e+01,-3.431856563507027058e+00,2.771302955222787645e+01,1.590112140248594597e-01,0.000000000000000000e+00,4.300000000000000000e+01,4.382231403320511731e+01,6.000000000000000000e+01
2.301000000000000000e+03,0.000000000000000000e+00,2.443129147086905562e+01,-3.420071259664284380e+00,2.769223884548219772e+01,1.591238850511413894e-01,0.000000000000000000e+00,4.300000000000000000e+01,4.381948074697582740e+01,6.000000000000000000e+01
2.302000000000000000e+03,0.000000000000000000e+00,2.442245990153191215e+01,-3.408287390714087373e+00,2.767151977319822009e+01,1.592275190477778213e-01,0.000000000000000000e+00,4.300000000000000000e+01,4.381664793430128668e+01,6.000000000000000000e+01
2.303000000000000000e+03,0.000000000000000000e+00,2.441368906759225510e+01,-3.396505491316788916e+00,2.765087232340298229e+01,1.593222355060587847e-01,0.000000000000000000e+00,4.300000000000000000e+01,4.381381572194231921e+01,6.000000000000000000e+01
2.304000000000000000e+03,0.000000000000000000e+00,2.440497854493100505e+01,-3.384726088681014655e+00,2.763029648091859869e+01,1.594081526934195414e-01,0.000000000000000000e+00,4.300000000000000000e+01,4.381098423488672466e+01,6.000000000000000000e+01
2.305000000000000000e+03,0.000000000000000000e+00,2.439632791243067444e+01,-3.372949702641236502e+00,2.760979222740710171e+01,1.594853876648091862e-01,0.000000000000000000e+00,4.300000000000000000e+01,4.380815359636783768e+01,6.000000000000000000e+01
2.306000000000000000e+03,0.000000000000000000e+00,2.438773675195346868e+01,-3.361176845734963781e+00,2.758935954141479030e+01,1.595540562736401102e-01,0.000000000000000000e+00,4.300000000000000000e+01,4.380532392788283857e+01,6.000000000000000000e+01
2.307000000000000000e+03,0.000000000000000000e+00,2.437920464832019007e+01,-3.349408023278896973e+00,2.756899839841613442e+01,1.596142731829529038e-01,0.000000000000000000e+00,4.300000000000000000e+01,4.380249534921092902e+01,6.000000000000000000e+01
2.308000000000000000e+03,0.000000000000000000e+00,2.437073118928901749e+01,-3.337643733444523697e+00,2.754870877085719982e+01,1.596661518763412557e-01,0.000000000000000000e+00,4.300000000000000000e+01,4.379966797843134430e+01,6.000000000000000000e+01
2.309000000000000000e+03,0.000000000000000000e+00,2.436231596553437129e+01,-3.325884467333033001e+00,2.752849062819863946e+01,1.597098046687634165e-01,0.000000000000000000e+00,4.300000000000000000e+01,4.379684193194118791e+01,6.000000000000000000e+01
2.310000000000000000e+03,0.000000000000000000e+00,2.435395857062603042e+01,-3.314130709049488921e+00,2.750834393695821589e+01,1.597453427173032847e-01,0.000000000000000000e+00,4.300000000000000000e+01,4.379401732447307438e+01,6.000000000000000000e+01
2.311000000000000000e+03,0.000000000000000000e+00,2.434565860100861912e+01,-3.302382935776211337e+00,2.748826866075289033e+01,1.597728760319391539e-01,0.000000000000000000e+00,4.300000000000000000e+01,4.379119426911267965e+01,6.000000000000000000e+01
2.312000000000000000e+03,0.000000000000000000e+00,2.433741565598062095e+01,-3.290641617845767364e+00,2.746826476034045328e+01,1.597925134859347618e-01,0.000000000000000000e+00,4.300000000000000000e+01,4.378837287731604277e+01,6.000000000000000000e+01
2.313000000000000000e+03,0.000000000000000000e+00,2.432922933767429541e+01,-3.278907218812930235e+00,2.744833219366073962e+01,1.598043628264833871e-01,0.000000000000000000e+00,4.300000000000000000e+01,4.378555325892674688e+01,6.000000000000000000e+01
2.314000000000000000e+03,0.000000000000000000e+00,2.432109925103533854e+01,-3.267180195526139030e+00,2.742847091587638531e+01,1.598085306850929588e-01,0.000000000000000000e+00,4.300000000000000000e+01,4.378273552219295794e+01,6.000000000000000000e+01
2.315000000000000000e+03,0.000000000000000000e+00,2.431302500380262188e+01,-3.255460998198360656e+00,2.740868087941317199e+01,1.598051225878119597e-01,0.000000000000000000e+00,4.300000000000000000e+01,4.377991977378427180e+01,6.000000000000000000e+01
2.316000000000000000e+03,0.000000000000000000e+00,2.430500620648827592e+01,-3.243750070477161351e+00,2.738896203399993823e+01,1.597942429654995999e-01,0.000000000000000000e+00,4.300000000000000000e+01,4.377710611880842606e+01,6.000000000000000000e+01
2.317000000000000000e+03,0.000000000000000000e+00,2.429704247235776648e+01,-3.232047849514211091e+00,2.736931432670805719e+01,1.597759951639175779e-01,0.000000000000000000e+00,4.300000000000000000e+01,4.377429466082782028e+01,6.000000000000000000e+01
2.318000000000000000e+03,0.000000000000000000e+00,2.428913341741040810e+01,-3.220354766033991289e+00,2.734973770199052368e+01,1.597504814538753259e-01,0.000000000000000000e+00,4.300000000000000000e+01,4.377148550187594367e+01,6.000000000000000000e+01
2.319000000000000000e+03,0.000000000000000000e+00,2.428127866035951854e+01,-3.208671244402121481e+00,2.733023210172060047e+01,1.597178030410397742e-01,0.000000000000000000e+00,4.300000000000000000e+01,4.376867874247358259e+01,6.000000000000000000e+01
2.320000000000000000e+03,0.000000000000000000e+00,2.427347782261323061e+01,-3.196997702692766730e+00,2.731079746523006690e+01,1.596780600759283852e-01,0.000000000000000000e+00,4.300000000000000000e+01,4.376587448164490723e+01,6.000000000000000000e+01
2.321000000000000000e+03,0.000000000000000000e+00,2.426573052825520094e+01,-3.185334552755542781e+00,2.729143372934705525e+01,1.596313516636871377e-01,0.000000000000000000e+00,4.300000000000000000e+01,4.376307281693343043e+01,6.000000000000000000e+01
2.322000000000000000e+03,0.000000000000000000e+00,2.425803640402529737e+01,-3.173682200281889187e+00,2.727214082843348919e+01,1.595777758736958152e-01,0.000000000000000000e+00,4.300000000000000000e+01,4.376027384441776746e+01,6.000000000000000000e+01
2.323000000000000000e+03,0.000000000000000000e+00,2.425039507930078742e+01,-3.162041044870619100e+00,2.725291869442211734e+01,1.595174297492880089e-01,0.000000000000000000e+00,4.300000000000000000e+01,4.375747765872728223e+01,6.000000000000000000e+01
2.324000000000000000e+03,0.000000000000000000e+00,2.424280618607741999e+01,-3.150411480092989436e+00,2.723376725685316302e+01,1.594504093172470216e-01,0.000000000000000000e+00,4.300000000000000000e+01,4.375468435305758419e+01,6.000000000000000000e+01
2.325000000000000000e+03,0.000000000000000000e+00,2.423526935895064227e+01,-3.138793893557154657e+00,2.721468644291056549e+01,1.593768095972311616e-01,0.000000000000000000e+00,4.300000000000000000e+01,4.375189401918584053e+01,6.000000000000000000e+01
2.326000000000000000e+03,0.000000000000000000e+00,2.422778423509726409e+01,-3.127188666971853603e+00,2.719567617745784815e+01,1.592967246112707569e-01,0.000000000000000000e+00,4.300000000000000000e+01,4.374910674748603867e+01,6.000000000000000000e+01
2.327000000000000000e+03,0.000000000000000000e+00,2.422035045425651845e+01,-3.115596176209884494e+00,2.717673638307359241e+01,1.592102473928087292e-01,0.000000000000000000e+00,4.300000000000000000e+01,4.374632262694396445e+01,6.000000000000000000e+01
2.328000000000000000e+03,0.000000000000000000e+00,2.421296765871236190e+01,-3.104016791370401762e+00,2.715786698008653843e+01,1.591174699962247252e-01,0.000000000000000000e+00,4.300000000000000000e+01,4.374354174517217331e+01,6.000000000000000000e+01
2.329000000000000000e+03,0.000000000000000000e+00,2.420563549327485120e+01,-3.092450876841183582e+00,2.713906788661029879e+01,1.590184835057357748e-01,0.000000000000000000e+00,4.300000000000000000e+01,4.374076418842475533e+01,6.000000000000000000e+01
2.330000000000000000e+03,0.000000000000000000e+00,2.419835360526216661e+01,-3.080898791360038302e+00,2.712033901857771667e+01,1.589133780444871857e-01,0.000000000000000000e+00,4.300000000000000000e+01,4.373799004161195114e+01,6.000000000000000000e+01
2.331000000000000000e+03,0.000000000000000000e+00,2.419112164448283053e+01,-3.069360888075595373e+00,2.710168028977482635e+01,1.588022427836003059e-01,0.000000000000000000e+00,4.300000000000000000e+01,4.373521938831465405e+01,6.000000000000000000e+01
2.332000000000000000e+03,0.000000000000000000e+00,2.418393926321789777e+01,-3.057837514607619767e+00,2.708309161187447600e+01,1.586851659510423729e-01,0.000000000000000000e+00,4.300000000000000000e+01,4.373245231079879858e+01,6.000000000000000000e+01
2.333000000000000000e+03,0.000000000000000000e+00,2.417680611620304632e+01,-3.046329013106855665e+00,2.706457289446957049e+01,1.585622348403308013e-01,0.000000000000000000e+00,4.300000000000000000e+01,4.372968889002954285e+01,6.000000000000000000e+01
2.334000000000000000e+03,0.000000000000000000e+00,2.416972186061138927e+01,-3.034835720314011276e+00,2.704612404510595880e+01,1.584335358194410293e-01,0.000000000000000000e+00,4.300000000000000000e+01,4.372692920568538000e+01,6.000000000000000000e+01
2.335000000000000000e+03,0.000000000000000000e+00,2.416268615603589609e+01,-3.023357967618451436e+00,2.702774496931496628e+01,1.582991543393808820e-01,0.000000000000000000e+00,4.300000000000000000e+01,4.372417333617210033e+01,6.000000000000000000e+01
2.336000000000000000e+03,0.000000000000000000e+00,2.415569866447205882e+01,-3.011896081116264501e+00,2.700943557064556799e+01,1.581591749427570526e-01,0.000000000000000000e+00,4.300000000000000000e+01,4.372142135863659718e+01,6.000000000000000000e+01
2.337000000000000000e+03,0.000000000000000000e+00,2.414875905030089953e+01,-3.000450381667683519e+00,2.699119575069622101e+01,1.580136812723619555e-01,0.000000000000000000e+00,4.300000000000000000e+01,4.371867334898058033e+01,6.000000000000000000e+01
2.338000000000000000e+03,0.000000000000000000e+00,2.414186698027175737e+01,-2.989021184954122390e+00,2.697302540914634861e+01,1.578627560795316243e-01,0.000000000000000000e+00,4.300000000000000000e+01,4.371592938187413324e+01,6.000000000000000000e+01
2.339000000000000000e+03,0.000000000000000000e+00,2.413502212348545584e+01,-2.977608801534559646e+00,2.695492444378747621e+01,1.577064812325380816e-01,0.000000000000000000e+00,4.300000000000000000e+01,4.371318953076912805e+01,6.000000000000000000e+01
2.340000000000000000e+03,0.000000000000000000e+00,2.412822415137766185e+01,-2.966213536901333825e+00,2.693689275055403343e+01,1.575449377249588112e-01,0.000000000000000000e+00,4.300000000000000000e+01,4.371045386791257670e+01,6.000000000000000000e+01
2.341000000000000000e+03,0.000000000000000000e+00,2.412147273770186828e+01,-2.954835691535670605e+00,2.691893022355381504e+01,1.573782056837221277e-01,0.000000000000000000e+00,4.300000000000000000e+01,4.370772246435976172e+01,6.000000000000000000e+01
2.342000000000000000e+03,0.000000000000000000e+00,2.411476755851327525e+01,-2.943475560962297344e+00,2.690103675509811865e+01,1.572063643774560537e-01,0.000000000000000000e+00,4.300000000000000000e+01,4.370499538998731737e+01,6.000000000000000000e+01
2.343000000000000000e+03,0.000000000000000000e+00,2.410810829215214568e+01,-2.932133435803845334e+00,2.688321223573153063e+01,1.570294922244594438e-01,0.000000000000000000e+00,4.300000000000000000e+01,4.370227271350618992e+01,6.000000000000000000e+01
2.344000000000000000e+03,0.000000000000000000e+00,2.410149461922725322e+01,-2.920809601834754687e+00,2.686545655426141010e+01,1.568476668005964469e-01,0.000000000000000000e+00,4.300000000000000000e+01,4.369955450247437767e+01,6.000000000000000000e+01
2.345000000000000000e+03,0.000000000000000000e+00,2.409492622260028227e+01,-2.909504340034261283e+00,2.684776959778703898e+01,1.566609648475047467e-01,0.000000000000000000e+00,4.300000000000000000e+01,4.369684082330968522e+01,6.000000000000000000e+01
2.346000000000000000e+03,0.000000000000000000e+00,2.408840278736918705e+01,-2.898217926639441888e+00,2.683015125172844151e+01,1.564694622801880153e-01,0.000000000000000000e+00,4.300000000000000000e+01,4.369413174130225741e+01,6.000000000000000000e+01
2.347000000000000000e+03,0.000000000000000000e+00,2.408192400085249929e+01,-2.886950633197343574e+00,2.681260139985490198e+01,1.562732341949427672e-01,0.000000000000000000e+00,4.300000000000000000e+01,4.369142732062700674e+01,6.000000000000000000e+01
2.348000000000000000e+03,0.000000000000000000e+00,2.407548955257364298e+01,-2.875702726616671701e+00,2.679511992431315903e+01,1.560723548771565938e-01,0.000000000000000000e+00,4.300000000000000000e+01,4.368872762435599100e+01,6.000000000000000000e+01
2.349000000000000000e+03,0.000000000000000000e+00,2.406909913424479086e+01,-2.864474469219268293e+00,2.677770670565529088e+01,1.558668978087661694e-01,0.000000000000000000e+00,4.300000000000000000e+01,4.368603271447057779e+01,6.000000000000000000e+01
2.350000000000000000e+03,0.000000000000000000e+00,2.406275243975161260e+01,-2.853266118790706685e+00,2.676036162286628795e+01,1.556569356760314771e-01,0.000000000000000000e+00,4.300000000000000000e+01,4.368334265187355925e+01,6.000000000000000000e+01
2.351000000000000000e+03,0.000000000000000000e+00,2.405644916513762510e+01,-2.842077928630675654e+00,2.674308455339133062e+01,1.554425403769714720e-01,0.000000000000000000e+00,4.300000000000000000e+01,4.368065749640113893e+01,6.000000000000000000e+01
2.352000000000000000e+03,0.000000000000000000e+00,2.405018900858869557e+01,-2.830910147602835103e+00,2.672587537316274364e+01,1.552237830287871156e-01,0.000000000000000000e+00,4.300000000000000000e+01,4.367797730683475521e+01,6.000000000000000000e+01
2.353000000000000000e+03,0.000000000000000000e+00,2.404397167041808814e+01,-2.819763020183990943e+00,2.670873395662666994e+01,1.550007339754104763e-01,0.000000000000000000e+00,4.300000000000000000e+01,4.367530214091287633e+01,6.000000000000000000e+01
2.354000000000000000e+03,0.000000000000000000e+00,2.403779685305094205e+01,-2.808636786513150962e+00,2.669166017676944591e+01,1.547734627946478758e-01,0.000000000000000000e+00,4.300000000000000000e+01,4.367263205534260351e+01,6.000000000000000000e+01
2.355000000000000000e+03,0.000000000000000000e+00,2.403166426100946751e+01,-2.797531682439782230e+00,2.667465390514367130e+01,1.545420383055783609e-01,0.000000000000000000e+00,4.300000000000000000e+01,4.366996710581122443e+01,6.000000000000000000e+01
2.356000000000000000e+03,0.000000000000000000e+00,2.402557360089776850e+01,-2.786447939571865096e+00,2.665771501189399473e+01,1.543065285756392291e-01,0.000000000000000000e+00,4.300000000000000000e+01,4.366730734699760319e+01,6.000000000000000000e+01
2.357000000000000000e+03,0.000000000000000000e+00,2.401952458138720559e+01,-2.775385785323263299e+00,2.664084336578260803e+01,1.540670009278604924e-01,0.000000000000000000e+00,4.300000000000000000e+01,4.366465283258348506e+01,6.000000000000000000e+01
2.358000000000000000e+03,0.000000000000000000e+00,2.401351691320164861e+01,-2.764345442960742361e+00,2.662403883421445627e+01,1.538235219479354154e-01,0.000000000000000000e+00,4.300000000000000000e+01,4.366200361526471596e+01,6.000000000000000000e+01
2.359000000000000000e+03,0.000000000000000000e+00,2.400755030910267962e+01,-2.753327131650630921e+00,2.660730128326217425e+01,1.535761574911381211e-01,0.000000000000000000e+00,4.300000000000000000e+01,4.365935974676231979e+01,6.000000000000000000e+01
2.360000000000000000e+03,0.000000000000000000e+00,2.400162448387514047e+01,-2.742331066504894554e+00,2.659063057769071747e+01,1.533249726893192166e-01,0.000000000000000000e+00,4.300000000000000000e+01,4.365672127783346923e+01,6.000000000000000000e+01
2.361000000000000000e+03,0.000000000000000000e+00,2.399573915431281534e+01,-2.731357458626761492e+00,2.657402658098174086e+01,1.530700319578361390e-01,0.000000000000000000e+00,4.300000000000000000e+01,4.365408825828238548e+01,6.000000000000000000e+01
2.362000000000000000e+03,0.000000000000000000e+00,2.398989403920392149e+01,-2.720406515156057914e+00,2.655748915535769328e+01,1.528113990022853530e-01,0.000000000000000000e+00,4.300000000000000000e+01,4.365146073697107454e+01,6.000000000000000000e+01
2.363000000000000000e+03,0.000000000000000000e+00,2.398408885931718260e+01,-2.709478439313858900e+00,2.654101816180563489e+01,1.525491368254075220e-01,0.000000000000000000e+00,4.300000000000000000e+01,4.364883876183003508e+01,6.000000000000000000e+01
2.364000000000000000e+03,0.000000000000000000e+00,2.397832333738739052e+01,-2.698573430447025689e+00,2.652461346010078813e+01,1.522833077336310792e-01,0.000000000000000000e+00,4.300000000000000000e+01,4.364622237986878872e+01,6.000000000000000000e+01
2.365000000000000000e+03,0.000000000000000000e+00,2.397259719810168832e+01,-2.687691684071999543e+00,2.650827490882983284e+01,1.520139733438568286e-01,0.000000000000000000e+00,4.300000000000000000e+01,4.364361163718638181e+01,6.000000000000000000e+01
2.366000000000000000e+03,0.000000000000000000e+00,2.396691016808532027e+01,-2.676833391918481908e+00,2.649200236541391362e+01,1.517411945898889114e-01,0.000000000000000000e+00,4.300000000000000000e+01,4.364100657898168834e+01,6.000000000000000000e+01
2.367000000000000000e+03,0.000000000000000000e+00,2.396126197588832341e+01,-2.665998741972282371e+00,2.647579568613140566e+01,1.514650317291973136e-01,0.000000000000000000e+00,4.300000000000000000e+01,4.363840724956374117e+01,6.000000000000000000e+01
2.368000000000000000e+03,0.000000000000000000e+00,2.395565235197123144e+01,-2.655187918518290058e+00,2.645965472614041403e+01,1.511855443491079976e-01,0.000000000000000000e+00,4.300000000000000000e+01,4.363581369236184315e+01,6.000000000000000000e+01
2.369000000000000000e+03,0.000000000000000000e+00,2.395008102869190481e+01,-2.644401102182523999e+00,2.644357933950100659e+01,1.509027913734234949e-01,0.000000000000000000e+00,4.300000000000000000e+01,4.363322594993564252e+01,6.000000000000000000e+01
2.370000000000000000e+03,0.000000000000000000e+00,2.394454774029190247e+01,-2.633638469974038721e+00,2.642756937919721238e+01,1.506168310687287515e-01,0.000000000000000000e+00,4.300000000000000000e+01,4.363064406398511608e+01,6.000000000000000000e+01
2.371000000000000000e+03,0.000000000000000000e+00,2.393905222288293189e+01,-2.622900195326445694e+00,2.641162469715875361e+01,1.503277210506238637e-01,0.000000000000000000e+00,4.300000000000000000e+01,4.362806807536041731e+01,6.000000000000000000e+01
2.372000000000000000e+03,0.000000000000000000e+00,2.393359421443371104e+01,-2.612186448138871242e+00,2.639574514428252883e+01,1.500355182900539319e-01,0.000000000000000000e+00,4.300000000000000000e+01,4.362549802407166766e+01,6.000000000000000000e+01
2.373000000000000000e+03,0.000000000000000000e+00,2.392817345475660318e+01,-2.601497394816679520e+00,2.637993057045385470e+01,1.497402791194268334e-01,0.000000000000000000e+00,4.300000000000000000e+01,4.362293394929861989e+01,6.000000000000000000e+01
2.374000000000000000e+03,0.000000000000000000e+00,2.392278968549460672e+01,-2.590833198311664809e+00,2.636418082456746248e+01,1.494420592388080726e-01,0.000000000000000000e+00,4.300000000000000000e+01,4.362037588940025756e+01,6.000000000000000000e+01
2.375000000000000000e+03,0.000000000000000000e+00,2.391744265010821024e+01,-2.580194018161972913e+00,2.634849575454824233e+01,1.491409137219404102e-01,0.000000000000000000e+00,4.300000000000000000e+01,4.361782388192426652e+01,6.000000000000000000e+01
2.376000000000000000e+03,0.000000000000000000e+00,2.391213209386260985e+01,-2.569580010531498537e+00,2.633287520737176024e+01,1.488368970223475085e-01,0.000000000000000000e+00,4.300000000000000000e+01,4.361527796361646381e+01,6.000000000000000000e+01
2.377000000000000000e+03,0.000000000000000000e+00,2.390685776381462446e+01,-2.558991328249097030e+00,2.631731902908453335e+01,1.485300629791855842e-01,0.000000000000000000e+00,4.300000000000000000e+01,4.361273817043008449e+01,6.000000000000000000e+01
2.378000000000000000e+03,0.000000000000000000e+00,2.390161940880010150e+01,-2.548428120847210820e+00,2.630182706482406374e+01,1.482204648232459954e-01,0.000000000000000000e+00,4.300000000000000000e+01,4.361020453753498316e+01,6.000000000000000000e+01
2.379000000000000000e+03,0.000000000000000000e+00,2.389641677942138998e+01,-2.537890534600139247e+00,2.628639915883865186e+01,1.479081551828777819e-01,0.000000000000000000e+00,4.300000000000000000e+01,4.360767709932679281e+01,6.000000000000000000e+01
2.380000000000000000e+03,0.000000000000000000e+00,2.389124962803450813e+01,-2.527378712562130758e+00,2.627103515450696847e+01,1.475931860896707581e-01,0.000000000000000000e+00,4.300000000000000000e+01,4.360515588943596299e+01,6.000000000000000000e+01
2.381000000000000000e+03,0.000000000000000000e+00,2.388611770873663787e+01,-2.516892794604973282e+00,2.625573489435739560e+01,1.472756089842181260e-01,0.000000000000000000e+00,4.300000000000000000e+01,4.360264094073667707e+01,6.000000000000000000e+01
2.382000000000000000e+03,0.000000000000000000e+00,2.388102077735402062e+01,-2.506432917455081011e+00,2.624049822008715083e+01,1.469554747219535829e-01,0.000000000000000000e+00,4.300000000000000000e+01,4.360013228535572694e+01,6.000000000000000000e+01
2.383000000000000000e+03,0.000000000000000000e+00,2.387595859142953714e+01,-2.495999214730407090e+00,2.622532497258119122e+01,1.466328335787543957e-01,0.000000000000000000e+00,4.300000000000000000e+01,4.359762995468131663e+01,6.000000000000000000e+01
2.384000000000000000e+03,0.000000000000000000e+00,2.387093091021025515e+01,-2.485591816977057444e+00,2.621021499193087578e+01,1.463077352564369771e-01,0.000000000000000000e+00,4.300000000000000000e+01,4.359513397937170964e+01,6.000000000000000000e+01
2.385000000000000000e+03,0.000000000000000000e+00,2.386593749463565217e+01,-2.475210851705254456e+00,2.619516811745242535e+01,1.459802288884827770e-01,0.000000000000000000e+00,4.300000000000000000e+01,4.359264438936386910e+01,6.000000000000000000e+01
2.386000000000000000e+03,0.000000000000000000e+00,2.386097810732528401e+01,-2.464856443425274435e+00,2.618018418770515865e+01,1.456503630454000220e-01,0.000000000000000000e+00,4.300000000000000000e+01,4.359016121388194165e+01,6.000000000000000000e+01
2.387000000000000000e+03,0.000000000000000000e+00,2.385605251256711412e+01,-2.454528713682731400e+00,2.616526304050951879e+01,1.453181857403250676e-01,0.000000000000000000e+00,4.300000000000000000e+01,4.358768448144570584e+01,6.000000000000000000e+01
2.388000000000000000e+03,0.000000000000000000e+00,2.385116047630553737e+01,-2.444227781093714746e+00,2.615040451296487589e+01,1.449837444343785031e-01,0.000000000000000000e+00,4.300000000000000000e+01,4.358521421987897071e+01,6.000000000000000000e+01
2.389000000000000000e+03,0.000000000000000000e+00,2.384630176612925467e+01,-2.433953761379719527e+00,2.613560844146712725e+01,1.446470860418477555e-01,0.000000000000000000e+00,4.300000000000000000e+01,4.358275045631775413e+01,6.000000000000000000e+01
2.390000000000000000e+03,0.000000000000000000e+00,2.384147615126029152e+01,-2.423706767401662354e+00,2.612087466172608430e+01,1.443082569358692946e-01,0.000000000000000000e+00,4.300000000000000000e+01,4.358029321721856775e+01,6.000000000000000000e+01
2.391000000000000000e+03,0.000000000000000000e+00,2.383668340254162743e+01,-2.413486909194336061e+00,2.610620300878265354e+01,1.439673029533093118e-01,0.000000000000000000e+00,4.300000000000000000e+01,4.357784252836644612e+01,6.000000000000000000e+01
2.392000000000000000e+03,0.000000000000000000e+00,2.383192329242631047e+01,-2.403294293999806985e+00,2.609159331702581497e+01,1.436242694003021236e-01,0.000000000000000000e+00,4.300000000000000000e+01,4.357539841488304688e+01,6.000000000000000000e+01
2.393000000000000000e+03,0.000000000000000000e+00,2.382719559496542416e+01,-2.393129026301102247e+00,2.607704542020939442e+01,1.432792010571346530e-01,0.000000000000000000e+00,4.300000000000000000e+01,4.357296090123453070e+01,6.000000000000000000e+01
2.394000000000000000e+03,0.000000000000000000e+00,2.382250008579730149e+01,-2.382991207854983085e+00,2.606255915146863344e+01,1.429321421836506623e-01,0.000000000000000000e+00,4.300000000000000000e+01,4.357053001123949088e+01,6.000000000000000000e+01
2.395000000000000000e+03,0.000000000000000000e+00,2.381783654213573342e+01,-2.372880937724925143e+00,2.604813434333656730e+01,1.425831365240928239e-01,0.000000000000000000e+00,4.300000000000000000e+01,4.356810576807671254e+01,6.000000000000000000e+01
2.396000000000000000e+03,0.000000000000000000e+00,2.381320474275907628e+01,-2.362798312313389992e+00,2.603377082776019336e+01,1.422322273122748615e-01,0.000000000000000000e+00,4.300000000000000000e+01,4.356568819429289618e+01,6.000000000000000000e+01
2.397000000000000000e+03,0.000000000000000000e+00,2.380860446799905361e+01,-2.352743425393947430e+00,2.601946843611646187e+01,1.418794572765376683e-01,0.000000000000000000e+00,4.300000000000000000e+01,4.356327731181030316e+01,6.000000000000000000e+01
2.398000000000000000e+03,0.000000000000000000e+00,2.380403549972965038e+01,-2.342716368143074046e+00,2.600522699922805359e+01,1.415248686446695936e-01,0.000000000000000000e+00,4.300000000000000000e+01,4.356087314193430871e+01,6.000000000000000000e+01
2.399000000000000000e+03,0.000000000000000000e+00,2.379949762135626656e+01,-2.332717229171565876e+00,2.599104634737898678e+01,1.411685031488485453e-01,0.000000000000000000e+00,4.300000000000000000e+01,4.355847570536089819e+01,6.000000000000000000e+01
2.400000000000000000e+03,0.000000000000000000e+00,2.379499061780476410e+01,-2.322746094555717455e+00,2.597692631033001476e+01,1.408104020304663528e-01,0.000000000000000000e+00,4.300000000000000000e+01,4.355608502218408518e+01,6.000000000000000000e+01
2.401000000000000000e+03,0.000000000000000000e+00,2.379051427551060982e+01,-2.312803047868173589e+00,2.596286671733385631e+01,1.404506060449265403e-01,0.000000000000000000e+00,4.300000000000000000e+01,4.355370111190324423e+01,6.000000000000000000e+01
2.402000000000000000e+03,0.000000000000000000e+00,2.378606838240823862e+01,-2.302888170208425844e+00,2.594886739715022017e+01,1.400891554664444316e-01,0.000000000000000000e+00,4.300000000000000000e+01,4.355132399343038685e+01,6.000000000000000000e+01
2.403000000000000000e+03,0.000000000000000000e+00,2.378165272792032425e+01,-2.293001540233075897e+00,2.593492817806065887e+01,1.397260900927393967e-01,0.000000000000000000e+00,4.300000000000000000e+01,4.354895368509733089e+01,6.000000000000000000e+01
2.404000000000000000e+03,0.000000000000000000e+00,2.377726710294740542e+01,-2.283143234185652126e+00,2.592104888788323791e+01,1.393614492498196633e-01,0.000000000000000000e+00,4.300000000000000000e+01,4.354659020466287700e+01,6.000000000000000000e+01
2.405000000000000000e+03,0.000000000000000000e+00,2.377291129985697893e+01,-2.273313325926457740e+00,2.590722935398702731e+01,1.389952717964123563e-01,0.000000000000000000e+00,4.300000000000000000e+01,4.354423356931980038e+01,6.000000000000000000e+01
2.406000000000000000e+03,0.000000000000000000e+00,2.376858511247356631e+01,-2.263511886961649289e+00,2.589346940330640834e+01,1.386275961288066794e-01,0.000000000000000000e+00,4.300000000000000000e+01,4.354188379570187806e+01,6.000000000000000000e+01
2.407000000000000000e+03,0.000000000000000000e+00,2.376428833606797042e+01,-2.253738986472464845e+00,2.587976886235520624e+01,1.382584601852285267e-01,0.000000000000000000e+00,4.300000000000000000e+01,4.353954089989078113e+01,6.000000000000000000e+01
2.408000000000000000e+03,0.000000000000000000e+00,2.376002076734720347e+01,-2.243994691343888626e+00,2.586612755724065238e+01,1.378879014504391376e-01,0.000000000000000000e+00,4.300000000000000000e+01,4.353720489742292443e+01,6.000000000000000000e+01
2.409000000000000000e+03,0.000000000000000000e+00,2.375578220444421618e+01,-2.234279066193139762e+00,2.585254531367716879e+01,1.375159569601846765e-01,0.000000000000000000e+00,4.300000000000000000e+01,4.353487580329621665e+01,6.000000000000000000e+01
2.410000000000000000e+03,0.000000000000000000e+00,2.375157244690796077e+01,-2.224592173397745398e+00,2.583902195699997861e+01,1.371426633057273026e-01,0.000000000000000000e+00,4.300000000000000000e+01,4.353255363197682470e+01,6.000000000000000000e+01
2.411000000000000000e+03,0.000000000000000000e+00,2.374739129569289275e+01,-2.214934073123676406e+00,2.582555731217855666e+01,1.367680566380112261e-01,0.000000000000000000e+00,4.300000000000000000e+01,4.353023839740576051e+01,6.000000000000000000e+01
2.412000000000000000e+03,0.000000000000000000e+00,2.374323855314939991e+01,-2.205304823352740584e+00,2.581215120382990946e+01,1.363921726722326921e-01,0.000000000000000000e+00,4.300000000000000000e+01,4.352793011300546056e+01,6.000000000000000000e+01
2.413000000000000000e+03,0.000000000000000000e+00,2.373911402301385110e+01,-2.195704479909947437e+00,2.579880345623167415e+01,1.360150466921249413e-01,0.000000000000000000e+00,4.300000000000000000e+01,4.352562879168631582e+01,6.000000000000000000e+01
2.414000000000000000e+03,0.000000000000000000e+00,2.373501751039854923e+01,-2.186133096490669114e+00,2.578551389333507515e+01,1.356367135541431124e-01,0.000000000000000000e+00,4.300000000000000000e+01,4.352333444585310218e+01,6.000000000000000000e+01
2.415000000000000000e+03,0.000000000000000000e+00,2.373094882178206788e+01,-2.176590724687381240e+00,2.577228233877770336e+01,1.352572076917486765e-01,0.000000000000000000e+00,4.300000000000000000e+01,4.352104708741136108e+01,6.000000000000000000e+01
2.416000000000000000e+03,0.000000000000000000e+00,2.372690776499953458e+01,-2.167077414016203463e+00,2.575910861589614598e+01,1.348765631195936454e-01,0.000000000000000000e+00,4.300000000000000000e+01,4.351876672777368071e+01,6.000000000000000000e+01
2.417000000000000000e+03,0.000000000000000000e+00,2.372289414923321971e+01,-2.157593211943023448e+00,2.574599254773843882e+01,1.344948134378043947e-01,0.000000000000000000e+00,4.300000000000000000e+01,4.351649337786600569e+01,6.000000000000000000e+01
2.418000000000000000e+03,0.000000000000000000e+00,2.371890778500249652e+01,-2.148138163909737219e+00,2.573293395707637288e+01,1.341119918358624763e-01,0.000000000000000000e+00,4.300000000000000000e+01,4.351422704813376185e+01,6.000000000000000000e+01
2.419000000000000000e+03,0.000000000000000000e+00,2.371494848415486345e+01,-2.138712313359724337e+00,2.571993266641765175e+01,1.337281310969362369e-01,0.000000000000000000e+00,4.300000000000000000e+01,4.351196774854802385e+01,6.000000000000000000e+01
2.420000000000000000e+03,0.000000000000000000e+00,2.371101605985612792e+01,-2.129315701763498936e+00,2.570698849801787489e+01,1.333432636017509998e-01,0.000000000000000000e+00,4.300000000000000000e+01,4.350971548861154048e+01,6.000000000000000000e+01
2.421000000000000000e+03,0.000000000000000000e+00,2.370711032658135764e+01,-2.119948368643770120e+00,2.569410127389238241e+01,1.329574213327455179e-01,0.000000000000000000e+00,4.300000000000000000e+01,4.350747027736476724e+01,6.000000000000000000e+01
2.422000000000000000e+03,0.000000000000000000e+00,2.370323110010532375e+01,-2.110610351600530787e+00,2.568127081582793991e+01,1.325706358779168148e-01,0.000000000000000000e+00,4.300000000000000000e+01,4.350523212339178514e+01,6.000000000000000000e+01
2.423000000000000000e+03,0.000000000000000000e+00,2.369937819749345564e+01,-2.101301686335675711e+00,2.566849694539428839e+01,1.321829384348427172e-01,0.000000000000000000e+00,4.300000000000000000e+01,4.350300103482618397e+01,6.000000000000000000e+01
2.424000000000000000e+03,0.000000000000000000e+00,2.369555143709261813e+01,-2.092022406677469082e+00,2.565577948395551999e+01,1.317943598145672468e-01,0.000000000000000000e+00,4.300000000000000000e+01,4.350077701935687458e+01,6.000000000000000000e+01
2.425000000000000000e+03,0.000000000000000000e+00,2.369175063852210172e+01,-2.082772544604719389e+00,2.564311825268132594e+01,1.314049304454957268e-01,0.000000000000000000e+00,4.300000000000000000e+01,4.349856008423387976e+01,6.000000000000000000e+01
2.426000000000000000e+03,0.000000000000000000e+00,2.368797562266433943e+01,-2.073552130270863714e+00,2.563051307255809874e+01,1.310146803771062574e-01,0.000000000000000000e+00,4.300000000000000000e+01,4.349635023627398311e+01,6.000000000000000000e+01
2.427000000000000000e+03,0.000000000000000000e+00,2.368422621165637310e+01,-2.064361192027462710e+00,2.561796376439987810e+01,1.306236392839583149e-01,0.000000000000000000e+00,4.300000000000000000e+01,4.349414748186642754e+01,6.000000000000000000e+01
2.428000000000000000e+03,0.000000000000000000e+00,2.368050222888049916e+01,-2.055199756447899428e+00,2.560547014885916184e+01,1.302318364692345021e-01,0.000000000000000000e+00,4.300000000000000000e+01,4.349195182697845752e+01,6.000000000000000000e+01
2.429000000000000000e+03,0.000000000000000000e+00,2.367680349895579184e+01,-2.046067848350431095e+00,2.559303204643757823e+01,1.298393008686460903e-01,0.000000000000000000e+00,4.300000000000000000e+01,4.348976327716087553e+01,6.000000000000000000e+01
2.430000000000000000e+03,0.000000000000000000e+00,2.367312984772913254e+01,-2.036965490821299074e+00,2.558064927749641626e+01,1.294460610540165424e-01,0.000000000000000000e+00,4.300000000000000000e+01,4.348758183755349194e+01,6.000000000000000000e+01
2.431000000000000000e+03,0.000000000000000000e+00,2.366948110226664781e+01,-2.027892705237394289e+00,2.556832166226701020e+01,1.290521452370330391e-01,0.000000000000000000e+00,4.300000000000000000e+01,4.348540751289057482e+01,6.000000000000000000e+01
2.432000000000000000e+03,0.000000000000000000e+00,2.366585709084481692e+01,-2.018849511288924425e+00,2.555604902086099983e+01,1.286575812727417667e-01,0.000000000000000000e+00,4.300000000000000000e+01,4.348324030750617908e+01,6.000000000000000000e+01
2.433000000000000000e+03,0.000000000000000000e+00,2.366225764294213363e+01,-2.009835927001578870e+00,2.554383117328044150e+01,1.282623966632722434e-01,0.000000000000000000e+00,4.300000000000000000e+01,4.348108022533944705e+01,6.000000000000000000e+01
2.434000000000000000e+03,0.000000000000000000e+00,2.365868258923065071e+01,-2.000851968758571520e+00,2.553166793942780544e+01,1.278666185614173167e-01,0.000000000000000000e+00,4.300000000000000000e+01,4.347892726993990209e+01,6.000000000000000000e+01
2.435000000000000000e+03,0.000000000000000000e+00,2.365513176156714792e+01,-1.991897651322660945e+00,2.551955913911581320e+01,1.274702737739960290e-01,0.000000000000000000e+00,4.300000000000000000e+01,4.347678144447261417e+01,6.000000000000000000e+01
2.436000000000000000e+03,0.000000000000000000e+00,2.365160499298501406e+01,-1.982972987857630986e+00,2.550750459207716503e+01,1.270733887654821870e-01,0.000000000000000000e+00,4.300000000000000000e+01,4.347464275172333714e+01,6.000000000000000000e+01
2.437000000000000000e+03,0.000000000000000000e+00,2.364810211768596560e+01,-1.974077989949659884e+00,2.549550411797412863e+01,1.266759896614951530e-01,0.000000000000000000e+00,4.300000000000000000e+01,4.347251119410363174e+01,6.000000000000000000e+01
2.438000000000000000e+03,0.000000000000000000e+00,2.364462297103147748e+01,-1.965212667628625898e+00,2.548355753640799648e+01,1.262781022521070884e-01,0.000000000000000000e+00,4.300000000000000000e+01,4.347038677365586068e+01,6.000000000000000000e+01
2.439000000000000000e+03,0.000000000000000000e+00,2.364116738953496721e+01,-1.956377029388882249e+00,2.547166466692842945e+01,1.258797519954196753e-01,0.000000000000000000e+00,4.300000000000000000e+01,4.346826949205821933e+01,6.000000000000000000e+01
2.440000000000000000e+03,0.000000000000000000e+00,2.363773521085323281e+01,-1.947571082210180826e+00,2.545982532904265483e+01,1.254809640207589505e-01,0.000000000000000000e+00,4.300000000000000000e+01,4.346615935062965264e+01,6.000000000000000000e+01
2.441000000000000000e+03,0.000000000000000000e+00,2.363432627377851958e+01,-1.938794831578121158e+00,2.544803934222455055e+01,1.250817631320920442e-01,0.000000000000000000e+00,4.300000000000000000e+01,4.346405635033473658e+01,6.000000000000000000e+01
2.442000000000000000e+03,0.000000000000000000e+00,2.363094041823050517e+01,-1.930048281504453733e+00,2.543630652592361230e+01,1.246821738113483430e-01,0.000000000000000000e+00,4.300000000000000000e+01,4.346196049178850984e+01,6.000000000000000000e+01
2.443000000000000000e+03,0.000000000000000000e+00,2.362757748524831314e+01,-1.921331434547174810e+00,2.542462669957378196e+01,1.242822202217061800e-01,0.000000000000000000e+00,4.300000000000000000e+01,4.345987177526126288e+01,6.000000000000000000e+01
2.444000000000000000e+03,0.000000000000000000e+00,2.362423731698254770e+01,-1.912644291830444265e+00,2.541299968260216957e+01,1.238819262108202118e-01,0.000000000000000000e+00,4.300000000000000000e+01,4.345779020068326304e+01,6.000000000000000000e+01
2.445000000000000000e+03,0.000000000000000000e+00,2.362091975668748134e+01,-1.903986853064238538e+00,2.540142529443764374e+01,1.234813153140760233e-01,0.000000000000000000e+00,4.300000000000000000e+01,4.345571576764947253e+01,6.000000000000000000e+01
2.446000000000000000e+03,0.000000000000000000e+00,2.361762464871299727e+01,-1.895359116563972046e+00,2.538990335451932268e+01,1.230804107576497775e-01,0.000000000000000000e+00,4.300000000000000000e+01,4.345364847542413145e+01,6.000000000000000000e+01
2.447000000000000000e+03,0.000000000000000000e+00,2.361435183849724240e+01,-1.886761079269559493e+00,2.537843368230491947e+01,1.226792354618819608e-01,0.000000000000000000e+00,4.300000000000000000e+01,4.345158832294539764e+01,6.000000000000000000e+01
2.448000000000000000e+03,0.000000000000000000e+00,2.361110117255848095e+01,-1.878192736764712212e+00,2.536701609727899509e+01,1.222778120442001987e-01,0.000000000000000000e+00,4.300000000000000000e+01,4.344953530882984438e+01,6.000000000000000000e+01
2.449000000000000000e+03,0.000000000000000000e+00,2.360787249848783276e+01,-1.869654083295646085e+00,2.535565041896108696e+01,1.218761628223930527e-01,0.000000000000000000e+00,4.300000000000000000e+01,4.344748943137697950e+01,6.000000000000000000e+01
2.450000000000000000e+03,0.000000000000000000e+00,2.360466566494143592e+01,-1.861145111789874518e+00,2.534433646691373099e+01,1.214743098175774666e-01,0.000000000000000000e+00,4.300000000000000000e+01,4.344545068857369330e+01,6.000000000000000000e+01
2.451000000000000000e+03,0.000000000000000000e+00,2.360148052163288668e+01,-1.852665813874710299e+00,2.533307406075035928e+01,1.210722747572386682e-01,0.000000000000000000e+00,4.300000000000000000e+01,4.344341907809863557e+01,6.000000000000000000e+01
2.452000000000000000e+03,0.000000000000000000e+00,2.359831691932595987e+01,-1.844216179895467711e+00,2.532186302014309121e+01,1.206700790783377109e-01,0.000000000000000000e+00,4.300000000000000000e+01,4.344139459732657826e+01,6.000000000000000000e+01
2.453000000000000000e+03,0.000000000000000000e+00,2.359517470982707721e+01,-1.835796198933609347e+00,2.531070316483042504e+01,1.202677439302617113e-01,0.000000000000000000e+00,4.300000000000000000e+01,4.343937724333275696e+01,6.000000000000000000e+01
2.454000000000000000e+03,0.000000000000000000e+00,2.359205374597765470e+01,-1.827405858824800555e+00,2.529959431462480168e+01,1.198652901776549734e-01,0.000000000000000000e+00,4.300000000000000000e+01,4.343736701289705593e+01,6.000000000000000000e+01
2.455000000000000000e+03,0.000000000000000000e+00,2.358895388164742712e+01,-1.819045146176317074e+00,2.528853628942008314e+01,1.194627384036624634e-01,0.000000000000000000e+00,4.300000000000000000e+01,4.343536390250832113e+01,6.000000000000000000e+01
2.456000000000000000e+03,0.000000000000000000e+00,2.358587497172637271e+01,-1.810714046384982234e+00,2.527752890919889950e+01,1.190601089124559003e-01,0.000000000000000000e+00,4.300000000000000000e+01,4.343336790836846006e+01,6.000000000000000000e+01
2.457000000000000000e+03,0.000000000000000000e+00,2.358281687211810151e+01,-1.802412543654219101e+00,2.526657199403990717e+01,1.186574217324132957e-01,0.000000000000000000e+00,4.300000000000000000e+01,4.343137902639660552e+01,6.000000000000000000e+01
2.458000000000000000e+03,0.000000000000000000e+00,2.357977943973241253e+01,-1.794140621011367287e+00,2.525566536412494401e+01,1.182546966188333243e-01,0.000000000000000000e+00,4.300000000000000000e+01,4.342939725223319414e+01,6.000000000000000000e+01
2.459000000000000000e+03,0.000000000000000000e+00,2.357676253247822018e+01,-1.785898260324646714e+00,2.524480883974607082e+01,1.178519530567946338e-01,0.000000000000000000e+00,4.300000000000000000e+01,4.342742258124400223e+01,6.000000000000000000e+01
2.460000000000000000e+03,0.000000000000000000e+00,2.357376600925655552e+01,-1.777685442319942188e+00,2.523400224131251335e+01,1.174492102639848740e-01,0.000000000000000000e+00,4.300000000000000000e+01,4.342545500852416751e+01,6.000000000000000000e+01
2.461000000000000000e+03,0.000000000000000000e+00,2.357078972995337196e+01,-1.769502146597530912e+00,2.522324538935751193e+01,1.170464871933915157e-01,0.000000000000000000e+00,4.300000000000000000e+01,4.342349452890212547e+01,6.000000000000000000e+01
2.462000000000000000e+03,0.000000000000000000e+00,2.356783355543274538e+01,-1.761348351648453381e+00,2.521253810454506095e+01,1.166438025361391517e-01,0.000000000000000000e+00,4.300000000000000000e+01,4.342154113694351736e+01,6.000000000000000000e+01
2.463000000000000000e+03,0.000000000000000000e+00,2.356489734753002097e+01,-1.753224034870767500e+00,2.520188020767654535e+01,1.162411747242429322e-01,0.000000000000000000e+00,4.300000000000000000e+01,4.341959482695510530e+01,6.000000000000000000e+01
2.464000000000000000e+03,0.000000000000000000e+00,2.356198096904461536e+01,-1.745129172585831556e+00,2.519127151969729894e+01,1.158386219331464101e-01,0.000000000000000000e+00,4.300000000000000000e+01,4.341765559298856658e+01,6.000000000000000000e+01
2.465000000000000000e+03,0.000000000000000000e+00,2.355908428373351526e+01,-1.737063740054085592e+00,2.518071186170304898e+01,1.154361620845539282e-01,0.000000000000000000e+00,4.300000000000000000e+01,4.341572342884430213e+01,6.000000000000000000e+01
2.466000000000000000e+03,0.000000000000000000e+00,2.355620715630438866e+01,-1.729027711490890296e+00,2.517020105494626492e+01,1.150338128490144274e-01,0.000000000000000000e+00,4.300000000000000000e+01,4.341379832807518824e+01,6.000000000000000000e+01
2.467000000000000000e+03,0.000000000000000000e+00,2.355334945240884181e+01,-1.721021060082131182e+00,2.515973892084242181e+01,1.146315916485487751e-01,0.000000000000000000e+00,4.300000000000000000e+01,4.341188028399027843e+01,6.000000000000000000e+01
2.468000000000000000e+03,0.000000000000000000e+00,2.355051103863583961e+01,-1.713043757999615391e+00,2.514932528097616427e+01,1.142295156592904870e-01,0.000000000000000000e+00,4.300000000000000000e+01,4.340996928965849122e+01,6.000000000000000000e+01
2.469000000000000000e+03,0.000000000000000000e+00,2.354769178250496253e+01,-1.705095776416408748e+00,2.513895995710737097e+01,1.138276018140008949e-01,0.000000000000000000e+00,4.300000000000000000e+01,4.340806533791224098e+01,6.000000000000000000e+01
2.470000000000000000e+03,0.000000000000000000e+00,2.354489155245984477e+01,-1.697177085521936579e+00,2.512864277117714806e+01,1.134258668046327218e-01,0.000000000000000000e+00,4.300000000000000000e+01,4.340616842135102615e+01,6.000000000000000000e+01
2.471000000000000000e+03,0.000000000000000000e+00,2.354211021786167635e+01,-1.689287654536908212e+00,2.511837354531370181e+01,1.130243270848835802e-01,0.000000000000000000e+00,4.300000000000000000e+01,4.340427853234497491e+01,6.000000000000000000e+01
2.472000000000000000e+03,0.000000000000000000e+00,2.353934764898282950e+01,-1.681427451728063405e+00,2.510815210183815083e+01,1.126229988727403125e-01,0.000000000000000000e+00,4.300000000000000000e+01,4.340239566303839780e+01,6.000000000000000000e+01
2.473000000000000000e+03,0.000000000000000000e+00,2.353660371700010501e+01,-1.673596444422947638e+00,2.509797826327023174e+01,1.122218981528217557e-01,0.000000000000000000e+00,4.300000000000000000e+01,4.340051980535322684e+01,6.000000000000000000e+01
2.474000000000000000e+03,0.000000000000000000e+00,2.353387829398869968e+01,-1.665794599024216449e+00,2.508785185233391601e+01,1.118210406790020039e-01,0.000000000000000000e+00,4.300000000000000000e+01,4.339865095099247583e+01,6.000000000000000000e+01
2.475000000000000000e+03,0.000000000000000000e+00,2.353117125291569423e+01,-1.658021881024025701e+00,2.507777269196294867e+01,1.114204419767717558e-01,0.000000000000000000e+00,4.300000000000000000e+01,4.339678909144366514e+01,6.000000000000000000e+01
2.476000000000000000e+03,0.000000000000000000e+00,2.352848246763359796e+01,-1.650278255018277296e+00,2.506774060530630166e+01,1.110201173455759305e-01,0.000000000000000000e+00,4.300000000000000000e+01,4.339493421798215422e+01,6.000000000000000000e+01
2.477000000000000000e+03,0.000000000000000000e+00,2.352581181287440160e+01,-1.642563684720478312e+00,2.505775541573353138e+01,1.106200818613495146e-01,0.000000000000000000e+00,4.300000000000000000e+01,4.339308632167449531e+01,6.000000000000000000e+01
2.478000000000000000e+03,0.000000000000000000e+00,2.352315916424316811e+01,-1.634878132975689402e+00,2.504781694684006155e+01,1.102203503787974326e-01,0.000000000000000000e+00,4.300000000000000000e+01,4.339124539338173747e+01,6.000000000000000000e+01
2.479000000000000000e+03,0.000000000000000000e+00,2.352052439821182261e+01,-1.627221561774266911e+00,2.503792502245237728e+01,1.098209375337113741e-01,0.000000000000000000e+00,4.300000000000000000e+01,4.338941142376266669e+01,6.000000000000000000e+01
2.480000000000000000e+03,0.000000000000000000e+00,2.351790739211316961e+01,-1.619593932265338321e+00,2.502807946663313388e+01,1.094218577453760360e-01,0.000000000000000000e+00,4.300000000000000000e+01,4.338758440327703170e+01,6.000000000000000000e+01
2.481000000000000000e+03,0.000000000000000000e+00,2.351530802413484622e+01,-1.611995204770219070e+00,2.501828010368620170e+01,1.090231252188660627e-01,0.000000000000000000e+00,4.300000000000000000e+01,4.338576432218876278e+01,6.000000000000000000e+01
2.482000000000000000e+03,0.000000000000000000e+00,2.351272617331302328e+01,-1.604425338795799627e+00,2.500852675816160797e+01,1.086247539472134371e-01,0.000000000000000000e+00,4.300000000000000000e+01,4.338395117056909811e+01,6.000000000000000000e+01
2.483000000000000000e+03,0.000000000000000000e+00,2.351016171952664280e+01,-1.596884293047548198e+00,2.499881925486040757e+01,1.082267577137847048e-01,0.000000000000000000e+00,4.300000000000000000e+01,4.338214493829970309e+01,6.000000000000000000e+01
2.484000000000000000e+03,0.000000000000000000e+00,2.350761454349152046e+01,-1.589372025442484571e+00,2.498915741883947916e+01,1.078291500945233322e-01,0.000000000000000000e+00,4.300000000000000000e+01,4.338034561507579667e+01,6.000000000000000000e+01
2.485000000000000000e+03,0.000000000000000000e+00,2.350508452675407156e+01,-1.581888493122181938e+00,2.497954107541624325e+01,1.074319444600111972e-01,0.000000000000000000e+00,4.300000000000000000e+01,4.337855319040914992e+01,6.000000000000000000e+01
2.486000000000000000e+03,0.000000000000000000e+00,2.350257155168594281e+01,-1.574433652465239586e+00,2.496997005017329485e+01,1.070351539778847949e-01,0.000000000000000000e+00,4.300000000000000000e+01,4.337676765363114839e+01,6.000000000000000000e+01
2.487000000000000000e+03,0.000000000000000000e+00,2.350007550147778090e+01,-1.567007459100017819e+00,2.496044416896296170e+01,1.066387916148385795e-01,0.000000000000000000e+00,4.300000000000000000e+01,4.337498899389575513e+01,6.000000000000000000e+01
2.488000000000000000e+03,0.000000000000000000e+00,2.349759626013371161e+01,-1.559609867916962767e+00,2.495096325791179481e+01,1.062428701388767605e-01,0.000000000000000000e+00,4.300000000000000000e+01,4.337321720018247362e+01,6.000000000000000000e+01
2.489000000000000000e+03,0.000000000000000000e+00,2.349513371246546356e+01,-1.552240833080928972e+00,2.494152714342498101e+01,1.058474021214112631e-01,0.000000000000000000e+00,4.300000000000000000e+01,4.337145226129928943e+01,6.000000000000000000e+01
2.490000000000000000e+03,0.000000000000000000e+00,2.349268774408655958e+01,-1.544900308043413828e+00,2.493213565219067362e+01,1.054523999392988909e-01,0.000000000000000000e+00,4.300000000000000000e+01,4.336969416588551240e+01,6.000000000000000000e+01
2.491000000000000000e+03,0.000000000000000000e+00,2.349025824140700891e+01,-1.537588245554378563e+00,2.492278861118426292e+01,1.050578757771247346e-01,0.000000000000000000e+00,4.300000000000000000e+01,4.336794290241468275e+01,6.000000000000000000e+01
2.492000000000000000e+03,0.000000000000000000e+00,2.348784509162731382e+01,-1.530304597674335243e+00,2.491348584767256469e+01,1.046638416290816970e-01,0.000000000000000000e+00,4.300000000000000000e+01,4.336619845919737060e+01,6.000000000000000000e+01
2.493000000000000000e+03,0.000000000000000000e+00,2.348544818273308366e+01,-1.523049315785989455e+00,2.490422718921793788e+01,1.042703093011345811e-01,0.000000000000000000e+00,4.300000000000000000e+01,4.336446082438396132e+01,6.000000000000000000e+01
2.494000000000000000e+03,0.000000000000000000e+00,2.348306740348960631e+01,-1.515822350605825930e+00,2.489501246368234177e+01,1.038772904130913360e-01,0.000000000000000000e+00,4.300000000000000000e+01,4.336272998596746220e+01,6.000000000000000000e+01
2.495000000000000000e+03,0.000000000000000000e+00,2.348070264343597557e+01,-1.508623652195780762e+00,2.488584149923130440e+01,1.034847964004501769e-01,0.000000000000000000e+00,4.300000000000000000e+01,4.336100593178619533e+01,6.000000000000000000e+01
2.496000000000000000e+03,0.000000000000000000e+00,2.347835379287995750e+01,-1.501453169974441781e+00,2.487671412433784113e+01,1.030928385165609390e-01,0.000000000000000000e+00,4.300000000000000000e+01,4.335928864952650486e+01,6.000000000000000000e+01
2.497000000000000000e+03,0.000000000000000000e+00,2.347602074289257956e+01,-1.494310852728307992e+00,2.486763016778630231e+01,1.027014278345836779e-01,0.000000000000000000e+00,4.300000000000000000e+01,4.335757812672545697e+01,6.000000000000000000e+01
2.498000000000000000e+03,0.000000000000000000e+00,2.347370338530245348e+01,-1.487196648623019479e+00,2.485858945867613201e+01,1.023105752493409654e-01,0.000000000000000000e+00,4.300000000000000000e+01,4.335587435077346186e+01,6.000000000000000000e+01
2.499000000000000000e+03,0.000000000000000000e+00,2.347140161269066994e+01,-1.480110505214261352e+00,2.484959182642558773e+01,1.019202914793464476e-01,0.000000000000000000e+00,4.300000000000000000e+01,4.335417730891688848e+01,6.000000000000000000e+01
2.500000000000000000e+03,0.000000000000000000e+00,2.346911531838546594e+01,-1.473052369458640376e+00,2.484063710077538190e+01,1.015305870687222278e-01,0.000000000000000000e+00,4.300000000000000000e+01,4.335248698826064384e+01,6.000000000000000000e+01
2.501000000000000000e+03,0.000000000000000000e+00,2.346684439645696685e+01,-1.466022187724411063e+00,2.483172511179225594e+01,1.011414723891230216e-01,0.000000000000000000e+00,4.300000000000000000e+01,4.335080337577075227e+01,6.000000000000000000e+01
2.502000000000000000e+03,0.000000000000000000e+00,2.346458874171181108e+01,-1.459019905802203088e+00,2.482285568987248681e+01,1.007529576415286260e-01,0.000000000000000000e+00,4.300000000000000000e+01,4.334912645827684941e+01,6.000000000000000000e+01
2.503000000000000000e+03,0.000000000000000000e+00,2.346234824968819055e+01,-1.452045468915395432e+00,2.481402866574534016e+01,1.003650528582444301e-01,0.000000000000000000e+00,4.300000000000000000e+01,4.334745622247471886e+01,6.000000000000000000e+01
2.504000000000000000e+03,0.000000000000000000e+00,2.346012281665039723e+01,-1.445098821730664618e+00,2.480524387047645973e+01,9.997776790459995955e-02,0.000000000000000000e+00,4.300000000000000000e+01,4.334579265492873645e+01,6.000000000000000000e+01
2.505000000000000000e+03,0.000000000000000000e+00,2.345791233958392041e+01,-1.438179908368151683e+00,2.479650113547118195e+01,9.959111248088919899e-02,0.000000000000000000e+00,4.300000000000000000e+01,4.334413574207430031e+01,6.000000000000000000e+01
2.506000000000000000e+03,0.000000000000000000e+00,2.345571671619046228e+01,-1.431288672411569429e+00,2.478780029247779737e+01,9.920509612423347723e-02,0.000000000000000000e+00,4.300000000000000000e+01,4.334248547022028930e+01,6.000000000000000000e+01
2.507000000000000000e+03,0.000000000000000000e+00,2.345353584488253418e+01,-1.424425056918426025e+00,2.477914117359075519e+01,9.881972821020683362e-02,0.000000000000000000e+00,4.300000000000000000e+01,4.334084182555140785e+01,6.000000000000000000e+01
2.508000000000000000e+03,0.000000000000000000e+00,2.345136962477880971e+01,-1.417589004429778088e+00,2.477052361125379676e+01,9.843501795479084326e-02,0.000000000000000000e+00,4.300000000000000000e+01,4.333920479413058757e+01,6.000000000000000000e+01
2.509000000000000000e+03,0.000000000000000000e+00,2.344921795569879208e+01,-1.410780456980219588e+00,2.476194743826303579e+01,9.805097441597560026e-02,0.000000000000000000e+00,4.300000000000000000e+01,4.333757436190126811e+01,6.000000000000000000e+01
2.510000000000000000e+03,0.000000000000000000e+00,2.344708073815833416e+01,-1.403999356107367369e+00,2.475341248776998171e+01,9.766760649571934461e-02,0.000000000000000000e+00,4.300000000000000000e+01,4.333595051468976322e+01,6.000000000000000000e+01
2.511000000000000000e+03,0.000000000000000000e+00,2.344495787336424186e+01,-1.397245642861702164e+00,2.474491859328449905e+01,9.728492294144371055e-02,0.000000000000000000e+00,4.300000000000000000e+01,4.333433323820749195e+01,6.000000000000000000e+01
2.512000000000000000e+03,0.000000000000000000e+00,2.344284926320981910e+01,-1.390519257815847842e+00,2.473646558867771716e+01,9.690293234794997157e-02,0.000000000000000000e+00,4.300000000000000000e+01,4.333272251805328068e+01,6.000000000000000000e+01
2.513000000000000000e+03,0.000000000000000000e+00,2.344075481026964880e+01,-1.383820141074147081e+00,2.472805330818486524e+01,9.652164315892895752e-02,0.000000000000000000e+00,4.300000000000000000e+01,4.333111833971555171e+01,6.000000000000000000e+01
2.514000000000000000e+03,0.000000000000000000e+00,2.343867441779512362e+01,-1.377148232281761864e+00,2.471968158640807545e+01,9.614106366880836863e-02,0.000000000000000000e+00,4.300000000000000000e+01,4.332952068857454009e+01,6.000000000000000000e+01
2.515000000000000000e+03,0.000000000000000000e+00,2.343660798970958226e+01,-1.370503470633895660e+00,2.471135025831911491e+01,9.576120202436359807e-02,0.000000000000000000e+00,4.300000000000000000e+01,4.332792954990448919e+01,6.000000000000000000e+01
2.516000000000000000e+03,0.000000000000000000e+00,2.343455543060344226e+01,-1.363885794884922786e+00,2.470305915926206453e+01,9.538206622630114595e-02,0.000000000000000000e+00,4.300000000000000000e+01,4.332634490887578949e+01,6.000000000000000000e+01
2.517000000000000000e+03,0.000000000000000000e+00,2.343251664572960991e+01,-1.357295143357285738e+00,2.469480812495594080e+01,9.500366413095406859e-02,0.000000000000000000e+00,4.300000000000000000e+01,4.332476675055710302e+01,6.000000000000000000e+01
2.518000000000000000e+03,0.000000000000000000e+00,2.343049154099886167e+01,-1.350731453950329675e+00,2.468659699149727516e+01,9.462600345191661544e-02,0.000000000000000000e+00,4.300000000000000000e+01,4.332319505991748088e+01,6.000000000000000000e+01
2.519000000000000000e+03,0.000000000000000000e+00,2.342848002297511201e+01,-1.344194664149110041e+00,2.467842559536262925e+01,9.424909176159464164e-02,0.000000000000000000e+00,4.300000000000000000e+01,4.332162982182843081e+01,6.000000000000000000e+01
2.520000000000000000e+03,0.000000000000000000e+00,2.342648199887091209e+01,-1.337684711032991025e+00,2.467029377341106056e+01,9.387293649284284003e-02,0.000000000000000000e+00,4.300000000000000000e+01,4.332007102106598495e+01,6.000000000000000000e+01
2.521000000000000000e+03,0.000000000000000000e+00,2.342449737654277797e+01,-1.331201531284246453e+00,2.466220136288653464e+01,9.349754494049009046e-02,0.000000000000000000e+00,4.300000000000000000e+01,4.331851864231273197e+01,6.000000000000000000e+01
2.522000000000000000e+03,0.000000000000000000e+00,2.342252606448667862e+01,-1.324745061196511031e+00,2.465414820142029484e+01,9.312292426289818514e-02,0.000000000000000000e+00,4.300000000000000000e+01,4.331697267015981367e+01,6.000000000000000000e+01
2.523000000000000000e+03,0.000000000000000000e+00,2.342056797183363059e+01,-1.318315236683084146e+00,2.464613412703316442e+01,9.274908148355169579e-02,0.000000000000000000e+00,4.300000000000000000e+01,4.331543308910892165e+01,6.000000000000000000e+01
2.524000000000000000e+03,0.000000000000000000e+00,2.341862300834511501e+01,-1.311911993285234779e+00,2.463815897813781319e+01,9.237602349253920542e-02,0.000000000000000000e+00,4.300000000000000000e+01,4.331389988357424414e+01,6.000000000000000000e+01
2.525000000000000000e+03,0.000000000000000000e+00,2.341669108440879654e+01,-1.305535266180298137e+00,2.463022259354097088e+01,9.200375704812602251e-02,0.000000000000000000e+00,4.300000000000000000e+01,4.331237303788444137e+01,6.000000000000000000e+01
2.526000000000000000e+03,0.000000000000000000e+00,2.341477211103380540e+01,-1.299184990189891753e+00,2.462232481244559068e+01,9.163228877810929152e-02,0.000000000000000000e+00,4.300000000000000000e+01,4.331085253628450715e+01,6.000000000000000000e+01
2.527000000000000000e+03,0.000000000000000000e+00,2.341286599984682226e+01,-1.292861099787657286e+00,2.461446547445295963e+01,9.126162518152096392e-02,0.000000000000000000e+00,4.300000000000000000e+01,4.330933836293772288e+01,6.000000000000000000e+01
2.528000000000000000e+03,0.000000000000000000e+00,2.341097266308723945e+01,-1.286563529107387804e+00,2.460664441956476978e+01,9.089177262985657924e-02,0.000000000000000000e+00,4.300000000000000000e+01,4.330783050192748362e+01,6.000000000000000000e+01
2.529000000000000000e+03,0.000000000000000000e+00,2.340909201360322101e+01,-1.280292211950623260e+00,2.459886148818512908e+01,9.052273736871549459e-02,0.000000000000000000e+00,4.300000000000000000e+01,4.330632893725917398e+01,6.000000000000000000e+01
2.530000000000000000e+03,0.000000000000000000e+00,2.340722396484723333e+01,-1.274047081794450698e+00,2.459111652112254731e+01,9.015452551913644141e-02,0.000000000000000000e+00,4.300000000000000000e+01,4.330483365286197994e+01,6.000000000000000000e+01
2.531000000000000000e+03,0.000000000000000000e+00,2.340536843087190277e+01,-1.267828071799041556e+00,2.458340935959185458e+01,8.978714307908944314e-02,0.000000000000000000e+00,4.300000000000000000e+01,4.330334463259070787e+01,6.000000000000000000e+01
2.532000000000000000e+03,0.000000000000000000e+00,2.340352532632569904e+01,-1.261635114815216285e+00,2.457573984521607713e+01,8.942059592483843355e-02,0.000000000000000000e+00,4.300000000000000000e+01,4.330186186022756800e+01,6.000000000000000000e+01
2.533000000000000000e+03,0.000000000000000000e+00,2.340169456644877144e+01,-1.255468143391862190e+00,2.456810782002828475e+01,8.905488981234822854e-02,0.000000000000000000e+00,4.300000000000000000e+01,4.330038531948392944e+01,6.000000000000000000e+01
2.534000000000000000e+03,0.000000000000000000e+00,2.339987606706884549e+01,-1.249327089783231814e+00,2.456051312647337070e+01,8.869003037870555606e-02,0.000000000000000000e+00,4.300000000000000000e+01,4.329891499400207522e+01,6.000000000000000000e+01
2.535000000000000000e+03,0.000000000000000000e+00,2.339806974459700584e+01,-1.243211885956243989e+00,2.455295560740980676e+01,8.832602314344295547e-02,0.000000000000000000e+00,4.300000000000000000e+01,4.329745086735690762e+01,6.000000000000000000e+01
2.536000000000000000e+03,0.000000000000000000e+00,2.339627551602373146e+01,-1.237122463597575273e+00,2.454543510611134138e+01,8.796287350996497001e-02,0.000000000000000000e+00,4.300000000000000000e+01,4.329599292305768188e+01,6.000000000000000000e+01
2.537000000000000000e+03,0.000000000000000000e+00,2.339449329891455776e+01,-1.231058754120870402e+00,2.453795146626866241e+01,8.760058676676665823e-02,0.000000000000000000e+00,4.300000000000000000e+01,4.329454114454965463e+01,6.000000000000000000e+01
2.538000000000000000e+03,0.000000000000000000e+00,2.339272301140631072e+01,-1.225020688673598812e+00,2.453050453199101000e+01,8.723916808889926877e-02,0.000000000000000000e+00,4.300000000000000000e+01,4.329309551521575372e+01,6.000000000000000000e+01
2.539000000000000000e+03,0.000000000000000000e+00,2.339096457220301772e+01,-1.219008198143999744e+00,2.452309414780776464e+01,8.687862253925315859e-02,0.000000000000000000e+00,4.300000000000000000e+01,4.329165601837822663e+01,6.000000000000000000e+01
2.540000000000000000e+03,0.000000000000000000e+00,2.338921790057186101e+01,-1.213021213167937873e+00,2.451572015866996423e+01,8.651895506983561801e-02,0.000000000000000000e+00,4.300000000000000000e+01,4.329022263730027476e+01,6.000000000000000000e+01
2.541000000000000000e+03,0.000000000000000000e+00,2.338748291633913112e+01,-1.207059664135699650e+00,2.450838240995181394e+01,8.616017052301638834e-02,0.000000000000000000e+00,4.300000000000000000e+01,4.328879535518763078e+01,6.000000000000000000e+01
2.542000000000000000e+03,0.000000000000000000e+00,2.338575953988647882e+01,-1.201123481198555165e+00,2.450108074745212505e+01,8.580227363290840459e-02,0.000000000000000000e+00,4.300000000000000000e+01,4.328737415519013609e+01,6.000000000000000000e+01
2.543000000000000000e+03,0.000000000000000000e+00,2.338404769214707457e+01,-1.195212594275318008e+00,2.449381501739573963e+01,8.544526902665408596e-02,0.000000000000000000e+00,4.300000000000000000e+01,4.328595902040333954e+01,6.000000000000000000e+01
2.544000000000000000e+03,0.000000000000000000e+00,2.338234729460144123e+01,-1.189326933058994396e+00,2.448658506643489474e+01,8.508916122554116557e-02,0.000000000000000000e+00,4.300000000000000000e+01,4.328454993387001082e+01,6.000000000000000000e+01
2.545000000000000000e+03,0.000000000000000000e+00,2.338065826927385515e+01,-1.183466427023077694e+00,2.447939074165055828e+01,8.473395464637269170e-02,0.000000000000000000e+00,4.300000000000000000e+01,4.328314687858168242e+01,6.000000000000000000e+01
2.546000000000000000e+03,0.000000000000000000e+00,2.337898053872840265e+01,-1.177631005427961952e+00,2.447223189055373282e+01,8.437965360263317838e-02,0.000000000000000000e+00,4.300000000000000000e+01,4.328174983748016302e+01,6.000000000000000000e+01
2.547000000000000000e+03,0.000000000000000000e+00,2.337731402606514663e+01,-1.171820597327235314e+00,2.446510836108669906e+01,8.402626230568524535e-02,0.000000000000000000e+00,4.300000000000000000e+01,4.328035879345898707e+01,6.000000000000000000e+01
2.548000000000000000e+03,0.000000000000000000e+00,2.337565865491666628e+01,-1.166035131573709638e+00,2.445802000162424505e+01,8.367378486613226418e-02,0.000000000000000000e+00,4.300000000000000000e+01,4.327897372936493525e+01,6.000000000000000000e+01
2.549000000000000000e+03,0.000000000000000000e+00,2.337401434944391454e+01,-1.160274536825744329e+00,2.445096666097484928e+01,8.332222529481253526e-02,0.000000000000000000e+00,4.300000000000000000e+01,4.327759462799946277e+01,6.000000000000000000e+01
2.550000000000000000e+03,0.000000000000000000e+00,2.337238103433271874e+01,-1.154538741553186254e+00,2.444394818838182104e+01,8.297158750408348271e-02,0.000000000000000000e+00,4.300000000000000000e+01,4.327622147212014170e+01,6.000000000000000000e+01
2.551000000000000000e+03,0.000000000000000000e+00,2.337075863479001114e+01,-1.148827674043368274e+00,2.443696443352441605e+01,8.262187530896294985e-02,0.000000000000000000e+00,4.300000000000000000e+01,4.327485424444205364e+01,6.000000000000000000e+01
2.552000000000000000e+03,0.000000000000000000e+00,2.336914707654038281e+01,-1.143141262406902836e+00,2.443001524651890222e+01,8.227309242838529157e-02,0.000000000000000000e+00,4.300000000000000000e+01,4.327349292763922506e+01,6.000000000000000000e+01
2.553000000000000000e+03,0.000000000000000000e+00,2.336754628582216853e+01,-1.137479434583649862e+00,2.442310047791961125e+01,8.192524248620640381e-02,0.000000000000000000e+00,4.300000000000000000e+01,4.327213750434599149e+01,6.000000000000000000e+01
2.554000000000000000e+03,0.000000000000000000e+00,2.336595618938395091e+01,-1.131842118348391768e+00,2.441621997871992633e+01,8.157832901241537926e-02,0.000000000000000000e+00,4.300000000000000000e+01,4.327078795715836179e+01,6.000000000000000000e+01
2.555000000000000000e+03,0.000000000000000000e+00,2.336437671448101483e+01,-1.126229241316507590e+00,2.440937360035325909e+01,8.123235544426334054e-02,0.000000000000000000e+00,4.300000000000000000e+01,4.326944426863536108e+01,6.000000000000000000e+01
2.556000000000000000e+03,0.000000000000000000e+00,2.336280778887183374e+01,-1.120640730949557407e+00,2.440256119469399110e+01,8.088732512739778280e-02,0.000000000000000000e+00,4.300000000000000000e+01,4.326810642130038786e+01,6.000000000000000000e+01
2.557000000000000000e+03,0.000000000000000000e+00,2.336124934081430027e+01,-1.115076514560927379e+00,2.439578261405836201e+01,8.054324131686428634e-02,0.000000000000000000e+00,4.300000000000000000e+01,4.326677439764249300e+01,6.000000000000000000e+01
2.558000000000000000e+03,0.000000000000000000e+00,2.335970129906253945e+01,-1.109536519321149273e+00,2.438903771120534714e+01,8.020010717834261116e-02,0.000000000000000000e+00,4.300000000000000000e+01,4.326544818011770843e+01,6.000000000000000000e+01
2.559000000000000000e+03,0.000000000000000000e+00,2.335816359286316413e+01,-1.104020672263426039e+00,2.438232633933748517e+01,7.985792578910559658e-02,0.000000000000000000e+00,4.300000000000000000e+01,4.326412775115029774e+01,6.000000000000000000e+01
2.560000000000000000e+03,0.000000000000000000e+00,2.335663615195207043e+01,-1.098528900288834320e+00,2.437564835210168823e+01,7.951670013921546820e-02,0.000000000000000000e+00,4.300000000000000000e+01,4.326281309313405643e+01,6.000000000000000000e+01
2.561000000000000000e+03,0.000000000000000000e+00,2.335511890655072165e+01,-1.093061130171730344e+00,2.436900360359000572e+01,7.917643313244548953e-02,0.000000000000000000e+00,4.300000000000000000e+01,4.326150418843353407e+01,6.000000000000000000e+01
2.562000000000000000e+03,0.000000000000000000e+00,2.335361178736297560e+01,-1.087617288564834750e+00,2.436239194834037036e+01,7.883712758744164384e-02,0.000000000000000000e+00,4.300000000000000000e+01,4.326020101938529194e+01,6.000000000000000000e+01
2.563000000000000000e+03,0.000000000000000000e+00,2.335211472557151069e+01,-1.082197302004462847e+00,2.435581324133730519e+01,7.849878623866718419e-02,0.000000000000000000e+00,4.300000000000000000e+01,4.325890356829908967e+01,6.000000000000000000e+01
2.564000000000000000e+03,0.000000000000000000e+00,2.335062765283468877e+01,-1.076801096915459333e+00,2.434926733801259147e+01,7.816141173755793148e-02,0.000000000000000000e+00,4.300000000000000000e+01,4.325761181745910733e+01,6.000000000000000000e+01
2.565000000000000000e+03,0.000000000000000000e+00,2.334915050128310554e+01,-1.071428599616281119e+00,2.434275409424592596e+01,7.782500665346103741e-02,0.000000000000000000e+00,4.300000000000000000e+01,4.325632574912514627e+01,6.000000000000000000e+01
2.566000000000000000e+03,0.000000000000000000e+00,2.334768320351613369e+01,-1.066079736323992666e+00,2.433627336636553551e+01,7.748957347459213552e-02,0.000000000000000000e+00,4.300000000000000000e+01,4.325504534553377312e+01,6.000000000000000000e+01
2.567000000000000000e+03,0.000000000000000000e+00,2.334622569259888891e+01,-1.060754433159022847e+00,2.432982501114876328e+01,7.715511460914731279e-02,0.000000000000000000e+00,4.300000000000000000e+01,4.325377058889949922e+01,6.000000000000000000e+01
2.568000000000000000e+03,0.000000000000000000e+00,2.334477790205875536e+01,-1.055452616150071243e+00,2.432340888582262295e+01,7.682163238620147439e-02,0.000000000000000000e+00,4.300000000000000000e+01,4.325250146141590335e+01,6.000000000000000000e+01
2.569000000000000000e+03,0.000000000000000000e+00,2.334333976588231963e+01,-1.050174211238776634e+00,2.431702484806433162e+01,7.648912905676555352e-02,0.000000000000000000e+00,4.300000000000000000e+01,4.325123794525677567e+01,6.000000000000000000e+01
2.570000000000000000e+03,0.000000000000000000e+00,2.334191121851202411e+01,-1.044919144284475854e+00,2.431067275600181077e+01,7.615760679468888683e-02,0.000000000000000000e+00,4.300000000000000000e+01,4.324998002257721907e+01,6.000000000000000000e+01
2.571000000000000000e+03,0.000000000000000000e+00,2.334049219484304061e+01,-1.039687341068783688e+00,2.430435246821415873e+01,7.582706769766503485e-02,0.000000000000000000e+00,4.300000000000000000e+01,4.324872767551474340e+01,6.000000000000000000e+01
2.572000000000000000e+03,0.000000000000000000e+00,2.333908263022014395e+01,-1.034478727300143674e+00,2.429806384373209127e+01,7.549751378819652414e-02,0.000000000000000000e+00,4.300000000000000000e+01,4.324748088619038811e+01,6.000000000000000000e+01
2.573000000000000000e+03,0.000000000000000000e+00,2.333768246043424455e+01,-1.029293228618498146e+00,2.429180674203836077e+01,7.516894701438341098e-02,0.000000000000000000e+00,4.300000000000000000e+01,4.324623963670972415e+01,6.000000000000000000e+01
2.574000000000000000e+03,0.000000000000000000e+00,2.333629162171981974e+01,-1.024130770599454232e+00,2.428558102306815059e+01,7.484136925112609695e-02,0.000000000000000000e+00,4.300000000000000000e+01,4.324500390916396952e+01,6.000000000000000000e+01
2.575000000000000000e+03,0.000000000000000000e+00,2.333491005075131497e+01,-1.018991278758924590e+00,2.427938654720943390e+01,7.451478230080532672e-02,0.000000000000000000e+00,4.300000000000000000e+01,4.324377368563101243e+01,6.000000000000000000e+01
2.576000000000000000e+03,0.000000000000000000e+00,2.333353768464020206e+01,-1.013874678557381115e+00,2.427322317530331119e+01,7.418918789427374205e-02,0.000000000000000000e+00,4.300000000000000000e+01,4.324254894817642025e+01,6.000000000000000000e+01
2.577000000000000000e+03,0.000000000000000000e+00,2.333217446093209801e+01,-1.008780895404053579e+00,2.426709076864431935e+01,7.386458769183462669e-02,0.000000000000000000e+00,4.300000000000000000e+01,4.324132967885448409e+01,6.000000000000000000e+01
2.578000000000000000e+03,0.000000000000000000e+00,2.333082031760347164e+01,-1.003709854661271939e+00,2.426098918898072654e+01,7.354098328401618978e-02,0.000000000000000000e+00,4.300000000000000000e+01,4.324011585970919214e+01,6.000000000000000000e+01
2.579000000000000000e+03,0.000000000000000000e+00,2.332947519305882977e+01,-9.986614816485158697e-01,2.425491829851477732e+01,7.321837619256819918e-02,0.000000000000000000e+00,4.300000000000000000e+01,4.323890747277524582e+01,6.000000000000000000e+01
2.580000000000000000e+03,0.000000000000000000e+00,2.332813902612752699e+01,-9.936357016466407233e-01,2.424887795990294492e+01,7.289676787122532919e-02,0.000000000000000000e+00,4.300000000000000000e+01,4.323770450007901900e+01,6.000000000000000000e+01
2.581000000000000000e+03,0.000000000000000000e+00,2.332681175606089852e+01,-9.886324399018664444e-01,2.424286803625612663e+01,7.257615970663859606e-02,0.000000000000000000e+00,4.300000000000000000e+01,4.323650692363950299e+01,6.000000000000000000e+01
2.582000000000000000e+03,0.000000000000000000e+00,2.332549332252942520e+01,-9.836516216297086501e-01,2.423688839113983562e+01,7.225655301929823082e-02,0.000000000000000000e+00,4.300000000000000000e+01,4.323531472546930843e+01,6.000000000000000000e+01
2.583000000000000000e+03,0.000000000000000000e+00,2.332418366561939393e+01,-9.786931720191451856e-01,2.423093888857436795e+01,7.193794906417314006e-02,0.000000000000000000e+00,4.300000000000000000e+01,4.323412788757552505e+01,6.000000000000000000e+01
2.584000000000000000e+03,0.000000000000000000e+00,2.332288272583060262e+01,-9.737570162361920412e-01,2.422501939303493756e+01,7.162034903185743318e-02,0.000000000000000000e+00,4.300000000000000000e+01,4.323294639196071643e+01,6.000000000000000000e+01
2.585000000000000000e+03,0.000000000000000000e+00,2.332159044407286430e+01,-9.688430794280402658e-01,2.421912976945178997e+01,7.130375404911533377e-02,0.000000000000000000e+00,4.300000000000000000e+01,4.323177022062378683e+01,6.000000000000000000e+01
2.586000000000000000e+03,0.000000000000000000e+00,2.332030676166351313e+01,-9.639512867266618601e-01,2.421326988321029106e+01,7.098816517988459918e-02,0.000000000000000000e+00,4.300000000000000000e+01,4.323059935556089783e+01,6.000000000000000000e+01
2.587000000000000000e+03,0.000000000000000000e+00,2.331903162032440235e+01,-9.590815632526216161e-01,2.420743960015100527e+01,7.067358342601845478e-02,0.000000000000000000e+00,4.300000000000000000e+01,4.322943377876634941e+01,6.000000000000000000e+01
2.588000000000000000e+03,0.000000000000000000e+00,2.331776496217910832e+01,-9.542338341187417416e-01,2.420163878656973466e+01,7.036000972811465304e-02,0.000000000000000000e+00,4.300000000000000000e+01,4.322827347223346806e+01,6.000000000000000000e+01
2.589000000000000000e+03,0.000000000000000000e+00,2.331650672975001726e+01,-9.494080244337957941e-01,2.419586730921755446e+01,7.004744496626023886e-02,0.000000000000000000e+00,4.300000000000000000e+01,4.322711841795542398e+01,6.000000000000000000e+01
2.590000000000000000e+03,0.000000000000000000e+00,2.331525686595589875e+01,-9.446040593059071844e-01,2.419012503530080238e+01,6.973588996100076043e-02,0.000000000000000000e+00,4.300000000000000000e+01,4.322596859792614055e+01,6.000000000000000000e+01
2.591000000000000000e+03,0.000000000000000000e+00,2.331401531410861949e+01,-9.398218638463318175e-01,2.418441183248106796e+01,6.942534547388530541e-02,0.000000000000000000e+00,4.300000000000000000e+01,4.322482399414109722e+01,6.000000000000000000e+01
2.592000000000000000e+03,0.000000000000000000e+00,2.331278201791074522e+01,-9.350613631727975328e-01,2.417872756887515351e+01,6.911581220838737549e-02,0.000000000000000000e+00,4.300000000000000000e+01,4.322368458859817508e+01,6.000000000000000000e+01
2.593000000000000000e+03,0.000000000000000000e+00,2.331155692145258840e+01,-9.303224824130207349e-01,2.417307211305501369e+01,6.880729081059747121e-02,0.000000000000000000e+00,4.300000000000000000e+01,4.322255036329843847e+01,6.000000000000000000e+01
2.594000000000000000e+03,0.000000000000000000e+00,2.331033996920982787e+01,-9.256051467079572381e-01,2.416744533404767026e+01,6.849978187011623865e-02,0.000000000000000000e+00,4.300000000000000000e+01,4.322142130024698758e+01,6.000000000000000000e+01
2.595000000000000000e+03,0.000000000000000000e+00,2.330913110604037897e+01,-9.209092812153482077e-01,2.416184710133511615e+01,6.819328592061126015e-02,0.000000000000000000e+00,4.300000000000000000e+01,4.322029738145371880e+01,6.000000000000000000e+01
2.596000000000000000e+03,0.000000000000000000e+00,2.330793027718199895e+01,-9.162348111128827410e-01,2.415627728485418757e+01,6.788780344069365869e-02,0.000000000000000000e+00,4.300000000000000000e+01,4.321917858893409914e+01,6.000000000000000000e+01
2.597000000000000000e+03,0.000000000000000000e+00,2.330673742824968997e+01,-9.115816616014185136e-01,2.415073575499642899e+01,6.758333485467972468e-02,0.000000000000000000e+00,4.300000000000000000e+01,4.321806490470997630e+01,6.000000000000000000e+01
2.598000000000000000e+03,0.000000000000000000e+00,2.330555250523274324e+01,-9.069497579083509731e-01,2.414522238260792975e+01,6.727988053316293071e-02,0.000000000000000000e+00,4.300000000000000000e+01,4.321695631081028210e+01,6.000000000000000000e+01
2.599000000000000000e+03,0.000000000000000000e+00,2.330437545449256120e+01,-9.023390252905391096e-01,2.413973703898914280e+01,6.697744079395970274e-02,0.000000000000000000e+00,4.300000000000000000e+01,4.321585278927184959e+01,6.000000000000000000e+01
2.600000000000000000e+03,0.000000000000000000e+00,2.330320622275953824e+01,-8.977493890377036267e-01,2.413427959589468941e+01,6.667601590255015087e-02,0.000000000000000000e+00,4.300000000000000000e+01,4.321475432214009516e+01,6.000000000000000000e+01
2.601000000000000000e+03,0.000000000000000000e+00,2.330204475713088641e+01,-8.931807744752641165e-01,2.412884992553313879e+01,6.637560607301168369e-02,0.000000000000000000e+00,4.300000000000000000e+01,4.321366089146975753e+01,6.000000000000000000e+01
2.602000000000000000e+03,0.000000000000000000e+00,2.330089100506802779e+01,-8.886331069674127114e-01,2.412344790056677013e+01,6.607621146866866912e-02,0.000000000000000000e+00,4.300000000000000000e+01,4.321257247932562962e+01,6.000000000000000000e+01
2.603000000000000000e+03,0.000000000000000000e+00,2.329974491439389794e+01,-8.841063119201574283e-01,2.411807339411132745e+01,6.577783220272517828e-02,0.000000000000000000e+00,4.300000000000000000e+01,4.321148906778327614e+01,6.000000000000000000e+01
2.604000000000000000e+03,0.000000000000000000e+00,2.329860643329033820e+01,-8.796003147843072245e-01,2.411272627973573890e+01,6.548046833890953933e-02,0.000000000000000000e+00,4.300000000000000000e+01,4.321041063892968737e+01,6.000000000000000000e+01
2.605000000000000000e+03,0.000000000000000000e+00,2.329747551029596053e+01,-8.751150410581909345e-01,2.410740643146182904e+01,6.518411989232261727e-02,0.000000000000000000e+00,4.300000000000000000e+01,4.320933717486399672e+01,6.000000000000000000e+01
2.606000000000000000e+03,0.000000000000000000e+00,2.329635209430335152e+01,-8.706504162906415489e-01,2.410211372376401329e+01,6.488878682998039382e-02,0.000000000000000000e+00,4.300000000000000000e+01,4.320826865769817005e+01,6.000000000000000000e+01
2.607000000000000000e+03,0.000000000000000000e+00,2.329523613455654285e+01,-8.662063660838634771e-01,2.409684803156897459e+01,6.459446907142957217e-02,0.000000000000000000e+00,4.300000000000000000e+01,4.320720506955762374e+01,6.000000000000000000e+01
2.608000000000000000e+03,0.000000000000000000e+00,2.329412758064891520e+01,-8.617828160960027128e-01,2.409160923025532242e+01,6.430116648959635639e-02,0.000000000000000000e+00,4.300000000000000000e+01,4.320614639258193534e+01,6.000000000000000000e+01
2.609000000000000000e+03,0.000000000000000000e+00,2.329302638252034896e+01,-8.573796920441029146e-01,2.408639719565323034e+01,6.400887891121943840e-02,0.000000000000000000e+00,4.300000000000000000e+01,4.320509260892545456e+01,6.000000000000000000e+01
2.610000000000000000e+03,0.000000000000000000e+00,2.329193249045506064e+01,-8.529969197066461506e-01,2.408121180404407013e+01,6.371760611763871429e-02,0.000000000000000000e+00,4.300000000000000000e+01,4.320404370075794986e+01,6.000000000000000000e+01
2.611000000000000000e+03,0.000000000000000000e+00,2.329084585507917282e+01,-8.486344249262426365e-01,2.407605293216002096e+01,6.342734784539252879e-02,0.000000000000000000e+00,4.300000000000000000e+01,4.320299965026525513e+01,6.000000000000000000e+01
2.612000000000000000e+03,0.000000000000000000e+00,2.328976642735810643e+01,-8.442921336123195841e-01,2.407092045718365370e+01,6.313810378677406354e-02,0.000000000000000000e+00,4.300000000000000000e+01,4.320196043964985222e+01,6.000000000000000000e+01
2.613000000000000000e+03,0.000000000000000000e+00,2.328869415859457348e+01,-8.399699717435448187e-01,2.406581425674752239e+01,6.284987359059750200e-02,0.000000000000000000e+00,4.300000000000000000e+01,4.320092605113150341e+01,6.000000000000000000e+01
2.614000000000000000e+03,0.000000000000000000e+00,2.328762900042598361e+01,-8.356678653704567861e-01,2.406073420893372017e+01,6.256265686271908488e-02,0.000000000000000000e+00,4.300000000000000000e+01,4.319989646694784824e+01,6.000000000000000000e+01
2.615000000000000000e+03,0.000000000000000000e+00,2.328657090482214187e+01,-8.313857406179467890e-01,2.405568019227342802e+01,6.227645316666026443e-02,0.000000000000000000e+00,4.300000000000000000e+01,4.319887166935500744e+01,6.000000000000000000e+01
2.616000000000000000e+03,0.000000000000000000e+00,2.328551982408284005e+01,-8.271235236877709784e-01,2.405065208574644942e+01,6.199126202416067877e-02,0.000000000000000000e+00,4.300000000000000000e+01,4.319785164062813720e+01,6.000000000000000000e+01
2.617000000000000000e+03,0.000000000000000000e+00,2.328447571083576406e+01,-8.228811408608557310e-01,2.404564976878073068e+01,6.170708291588611338e-02,0.000000000000000000e+00,4.300000000000000000e+01,4.319683636306200469e+01,6.000000000000000000e+01
2.618000000000000000e+03,0.000000000000000000e+00,2.328343851803417053e+01,-8.186585184996907349e-01,2.404067312125185651e+01,6.142391528200544931e-02,0.000000000000000000e+00,4.300000000000000000e+01,4.319582581897159912e+01,6.000000000000000000e+01
2.619000000000000000e+03,0.000000000000000000e+00,2.328240819895426839e+01,-8.144555830508710681e-01,2.403572202348254905e+01,6.114175852259052385e-02,0.000000000000000000e+00,4.300000000000000000e+01,4.319481999069260070e+01,6.000000000000000000e+01
2.620000000000000000e+03,0.000000000000000000e+00,2.328138470719363440e+01,-8.102722610470471931e-01,2.403079635624214205e+01,6.086061199853934345e-02,0.000000000000000000e+00,4.300000000000000000e+01,4.319381886058202724e+01,6.000000000000000000e+01
2.621000000000000000e+03,0.000000000000000000e+00,2.328036799666816847e+01,-8.061084791096145841e-01,2.402589600074603382e+01,6.058047503174783521e-02,0.000000000000000000e+00,4.300000000000000000e+01,4.319282241101868181e+01,6.000000000000000000e+01
2.622000000000000000e+03,0.000000000000000000e+00,2.327935802161061218e+01,-8.019641639505752373e-01,2.402102083865514714e+01,6.030134690604081749e-02,0.000000000000000000e+00,4.300000000000000000e+01,4.319183062440375664e+01,6.000000000000000000e+01
2.623000000000000000e+03,0.000000000000000000e+00,2.327835473656774212e+01,-7.978392423750496620e-01,2.401617075207536089e+01,6.002322686743361002e-02,0.000000000000000000e+00,4.300000000000000000e+01,4.319084348316130217e+01,6.000000000000000000e+01
2.624000000000000000e+03,0.000000000000000000e+00,2.327735809639858999e+01,-7.937336412832272092e-01,2.401134562355692026e+01,5.974611412489889972e-02,0.000000000000000000e+00,4.300000000000000000e+01,4.318986096973875277e+01,6.000000000000000000e+01
2.625000000000000000e+03,0.000000000000000000e+00,2.327636805627217242e+01,-7.896472876725532108e-01,2.400654533609386476e+01,5.947000785086088703e-02,0.000000000000000000e+00,4.300000000000000000e+01,4.318888306660745968e+01,6.000000000000000000e+01
2.626000000000000000e+03,0.000000000000000000e+00,2.327538457166509289e+01,-7.855801086399452071e-01,2.400176977312341009e+01,5.919490718162819659e-02,0.000000000000000000e+00,4.300000000000000000e+01,4.318790975626315998e+01,6.000000000000000000e+01
2.627000000000000000e+03,0.000000000000000000e+00,2.327440759835963391e+01,-7.815320313837432753e-01,2.399701881852533347e+01,5.892081121804495364e-02,0.000000000000000000e+00,4.300000000000000000e+01,4.318694102122645262e+01,6.000000000000000000e+01
2.628000000000000000e+03,0.000000000000000000e+00,2.327343709244172842e+01,-7.775029832056900014e-01,2.399229235662134840e+01,5.864771902606984166e-02,0.000000000000000000e+00,4.300000000000000000e+01,4.318597684404332426e+01,6.000000000000000000e+01
2.629000000000000000e+03,0.000000000000000000e+00,2.327247301029846582e+01,-7.734928915131178417e-01,2.398759027217446160e+01,5.837562963712285280e-02,0.000000000000000000e+00,4.300000000000000000e+01,4.318501720728558269e+01,6.000000000000000000e+01
2.630000000000000000e+03,0.000000000000000000e+00,2.327151530861632978e+01,-7.695016838207511256e-01,2.398291245038831576e+01,5.810454204876627088e-02,0.000000000000000000e+00,4.300000000000000000e+01,4.318406209355133285e+01,6.000000000000000000e+01
2.631000000000000000e+03,0.000000000000000000e+00,2.327056394437902398e+01,-7.655292877526863604e-01,2.397825877690653584e+01,5.783445522517391413e-02,0.000000000000000000e+00,4.300000000000000000e+01,4.318311148546545297e+01,6.000000000000000000e+01
2.632000000000000000e+03,0.000000000000000000e+00,2.326961887486523395e+01,-7.615756310443722032e-01,2.397362913781203986e+01,5.756536809756830630e-02,0.000000000000000000e+00,4.300000000000000000e+01,4.318216536568002084e+01,6.000000000000000000e+01
2.633000000000000000e+03,0.000000000000000000e+00,2.326868005764679737e+01,-7.576406415443827091e-01,2.396902341962636029e+01,5.729727956482069673e-02,0.000000000000000000e+00,4.300000000000000000e+01,4.318122371687476857e+01,6.000000000000000000e+01
2.634000000000000000e+03,0.000000000000000000e+00,2.326774745058652982e+01,-7.537242472163082629e-01,2.396444150930893713e+01,5.703018849389997202e-02,0.000000000000000000e+00,4.300000000000000000e+01,4.318028652175750182e+01,6.000000000000000000e+01
2.635000000000000000e+03,0.000000000000000000e+00,2.326682101183633833e+01,-7.498263761404997396e-01,2.395988329425641084e+01,5.676409372042851009e-02,0.000000000000000000e+00,4.300000000000000000e+01,4.317935376306455453e+01,6.000000000000000000e+01
2.636000000000000000e+03,0.000000000000000000e+00,2.326590069983501152e+01,-7.459469565159591031e-01,2.395534866230190829e+01,5.649899404906239681e-02,0.000000000000000000e+00,4.300000000000000000e+01,4.317842542356120106e+01,6.000000000000000000e+01
2.637000000000000000e+03,0.000000000000000000e+00,2.326498647330625147e+01,-7.420859166620542569e-01,2.395083750171429671e+01,5.623488825401085078e-02,0.000000000000000000e+00,4.300000000000000000e+01,4.317750148604204696e+01,6.000000000000000000e+01
2.638000000000000000e+03,0.000000000000000000e+00,2.326407829125691507e+01,-7.382431850201436330e-01,2.394634970119745532e+01,5.597177507960277021e-02,0.000000000000000000e+00,4.300000000000000000e+01,4.317658193333146954e+01,6.000000000000000000e+01
2.639000000000000000e+03,0.000000000000000000e+00,2.326317611297473320e+01,-7.344186901554089486e-01,2.394188514988951866e+01,5.570965324062181201e-02,0.000000000000000000e+00,4.300000000000000000e+01,4.317566674828398732e+01,6.000000000000000000e+01
2.640000000000000000e+03,0.000000000000000000e+00,2.326227989802661256e+01,-7.306123607583917545e-01,2.393744373736211273e+01,5.544852142289388719e-02,0.000000000000000000e+00,4.300000000000000000e+01,4.317475591378467925e+01,6.000000000000000000e+01
2.641000000000000000e+03,0.000000000000000000e+00,2.326138960625648622e+01,-7.268241256467368183e-01,2.393302535361958050e+01,5.518837828364178688e-02,0.000000000000000000e+00,4.300000000000000000e+01,4.317384941274954002e+01,6.000000000000000000e+01
2.642000000000000000e+03,0.000000000000000000e+00,2.326050519778359771e+01,-7.230539137666699423e-01,2.392862988909820388e+01,5.492922245206338649e-02,0.000000000000000000e+00,4.300000000000000000e+01,4.317294722812589924e+01,6.000000000000000000e+01
2.643000000000000000e+03,0.000000000000000000e+00,2.325962663300029121e+01,-7.193016541947416798e-01,2.392425723466540788e+01,5.467105252962249640e-02,0.000000000000000000e+00,4.300000000000000000e+01,4.317204934289275542e+01,6.000000000000000000e+01
2.644000000000000000e+03,0.000000000000000000e+00,2.325875387257040572e+01,-7.155672761392157799e-01,2.391990728161896840e+01,5.441386709065026972e-02,0.000000000000000000e+00,4.300000000000000000e+01,4.317115574006115253e+01,6.000000000000000000e+01
2.645000000000000000e+03,0.000000000000000000e+00,2.325788687742729621e+01,-7.118507089416360456e-01,2.391557992168619151e+01,5.415766468274029605e-02,0.000000000000000000e+00,4.300000000000000000e+01,4.317026640267456372e+01,6.000000000000000000e+01
2.646000000000000000e+03,0.000000000000000000e+00,2.325702560877176595e+01,-7.081518820784215018e-01,2.391127504702309992e+01,5.390244382708914150e-02,0.000000000000000000e+00,4.300000000000000000e+01,4.316938131380920396e+01,6.000000000000000000e+01
2.647000000000000000e+03,0.000000000000000000e+00,2.325617002807052813e+01,-7.044707251621674660e-01,2.390699255021360514e+01,5.364820301908896499e-02,0.000000000000000000e+00,4.300000000000000000e+01,4.316850045657440660e+01,6.000000000000000000e+01
2.648000000000000000e+03,0.000000000000000000e+00,2.325532009705408498e+01,-7.008071679432109624e-01,2.390273232426866201e+01,5.339494072863185115e-02,0.000000000000000000e+00,4.300000000000000000e+01,4.316762381411294314e+01,6.000000000000000000e+01
2.649000000000000000e+03,0.000000000000000000e+00,2.325447577771508634e+01,-6.971611403109613248e-01,2.389849426262543375e+01,5.314265540061355320e-02,0.000000000000000000e+00,4.300000000000000000e+01,4.316675136960138559e+01,6.000000000000000000e+01
2.650000000000000000e+03,0.000000000000000000e+00,2.325363703230626555e+01,-6.935325722954066574e-01,2.389427825914643577e+01,5.289134545523769410e-02,0.000000000000000000e+00,4.300000000000000000e+01,4.316588310625039071e+01,6.000000000000000000e+01
2.651000000000000000e+03,0.000000000000000000e+00,2.325280382333897222e+01,-6.899213940682966673e-01,2.389008420811866529e+01,5.264100928860193651e-02,0.000000000000000000e+00,4.300000000000000000e+01,4.316501900730505525e+01,6.000000000000000000e+01
2.652000000000000000e+03,0.000000000000000000e+00,2.325197611358109029e+01,-6.863275359446193713e-01,2.388591200425274153e+01,5.239164527296887031e-02,0.000000000000000000e+00,4.300000000000000000e+01,4.316415905604522862e+01,6.000000000000000000e+01
2.653000000000000000e+03,0.000000000000000000e+00,2.325115386605529721e+01,-6.827509283839022780e-01,2.388176154268201756e+01,5.214325175718349109e-02,0.000000000000000000e+00,4.300000000000000000e+01,4.316330323578580419e+01,6.000000000000000000e+01
2.654000000000000000e+03,0.000000000000000000e+00,2.325033704403742973e+01,-6.791915019914235296e-01,2.387763271896170636e+01,5.189582706714480909e-02,0.000000000000000000e+00,4.300000000000000000e+01,4.316245152987703904e+01,6.000000000000000000e+01
2.655000000000000000e+03,0.000000000000000000e+00,2.324952561105456184e+01,-6.756491875195418384e-01,2.387352542906797126e+01,5.164936950613506494e-02,0.000000000000000000e+00,4.300000000000000000e+01,4.316160392170485238e+01,6.000000000000000000e+01
2.656000000000000000e+03,0.000000000000000000e+00,2.324871953088330656e+01,-6.721239158689373827e-01,2.386943956939703426e+01,5.140387735520905721e-02,0.000000000000000000e+00,4.300000000000000000e+01,4.316076039469108139e+01,6.000000000000000000e+01
2.657000000000000000e+03,0.000000000000000000e+00,2.324791876754831321e+01,-6.686156180896765111e-01,2.386537503676427008e+01,5.115934887372204642e-02,0.000000000000000000e+00,4.300000000000000000e+01,4.315992093229384352e+01,6.000000000000000000e+01
2.658000000000000000e+03,0.000000000000000000e+00,2.324712328531997230e+01,-6.651242253827178708e-01,2.386133172840328243e+01,5.091578229940859485e-02,0.000000000000000000e+00,4.300000000000000000e+01,4.315908551800772130e+01,6.000000000000000000e+01
2.659000000000000000e+03,0.000000000000000000e+00,2.324633304871344208e+01,-6.616496691006814590e-01,2.385730954196498033e+01,5.067317584914434597e-02,0.000000000000000000e+00,4.300000000000000000e+01,4.315825413536411759e+01,6.000000000000000000e+01
2.660000000000000000e+03,0.000000000000000000e+00,2.324554802248632512e+01,-6.581918807493258861e-01,2.385330837551665439e+01,5.043152771899494374e-02,0.000000000000000000e+00,4.300000000000000000e+01,4.315742676793148291e+01,6.000000000000000000e+01
2.661000000000000000e+03,0.000000000000000000e+00,2.324476817163730047e+01,-6.547507919884945071e-01,2.384932812754103892e+01,5.019083608475720382e-02,0.000000000000000000e+00,4.300000000000000000e+01,4.315660339931558553e+01,6.000000000000000000e+01
2.662000000000000000e+03,0.000000000000000000e+00,2.324399346140442546e+01,-6.513263346332376358e-01,2.384536869693536687e+01,4.995109910229809935e-02,0.000000000000000000e+00,4.300000000000000000e+01,4.315578401315977430e+01,6.000000000000000000e+01
2.663000000000000000e+03,0.000000000000000000e+00,2.324322385726340556e+01,-6.479184406549066688e-01,2.384142998301041416e+01,4.971231490789809748e-02,0.000000000000000000e+00,4.300000000000000000e+01,4.315496859314523448e+01,6.000000000000000000e+01
2.664000000000000000e+03,0.000000000000000000e+00,2.324245932492593170e+01,-6.445270421822175688e-01,2.383751188548955113e+01,4.947448161859863136e-02,0.000000000000000000e+00,4.300000000000000000e+01,4.315415712299123641e+01,6.000000000000000000e+01
2.665000000000000000e+03,0.000000000000000000e+00,2.324169983033803888e+01,-6.411520715022852590e-01,2.383361430450777263e+01,4.923759733255323595e-02,0.000000000000000000e+00,4.300000000000000000e+01,4.315334958645536290e+01,6.000000000000000000e+01
2.666000000000000000e+03,0.000000000000000000e+00,2.324094533967861054e+01,-6.377934610615694222e-01,2.382973714061074233e+01,4.900166012943742155e-02,0.000000000000000000e+00,4.300000000000000000e+01,4.315254596733376502e+01,6.000000000000000000e+01
2.667000000000000000e+03,0.000000000000000000e+00,2.324019581935758083e+01,-6.344511434669383165e-01,2.382588029475380154e+01,4.876666807072028986e-02,0.000000000000000000e+00,4.300000000000000000e+01,4.315174624946137527e+01,6.000000000000000000e+01
2.668000000000000000e+03,0.000000000000000000e+00,2.323945123601452067e+01,-6.311250514865551775e-01,2.382204366830099573e+01,4.853261920008285213e-02,0.000000000000000000e+00,4.300000000000000000e+01,4.315095041671216336e+01,6.000000000000000000e+01
2.669000000000000000e+03,0.000000000000000000e+00,2.323871155651679032e+01,-6.278151180509422558e-01,2.381822716302409049e+01,4.829951154364254401e-02,0.000000000000000000e+00,4.300000000000000000e+01,4.315015845299933517e+01,6.000000000000000000e+01
2.670000000000000000e+03,0.000000000000000000e+00,2.323797674795815027e+01,-6.245212762538084883e-01,2.381443068110157668e+01,4.806734311038264595e-02,0.000000000000000000e+00,4.300000000000000000e+01,4.314937034227555301e+01,6.000000000000000000e+01
2.671000000000000000e+03,0.000000000000000000e+00,2.323724677765717317e+01,-6.212434593529648774e-01,2.381065412511766866e+01,4.783611189246977230e-02,0.000000000000000000e+00,4.300000000000000000e+01,4.314858606853314882e+01,6.000000000000000000e+01
2.672000000000000000e+03,0.000000000000000000e+00,2.323652161315567355e+01,-6.179816007712120030e-01,2.380689739806130945e+01,4.760581586557719597e-02,0.000000000000000000e+00,4.300000000000000000e+01,4.314780561580434437e+01,6.000000000000000000e+01
2.673000000000000000e+03,0.000000000000000000e+00,2.323580122221705935e+01,-6.147356340972554012e-01,2.380316040332515470e+01,4.737645298915851844e-02,0.000000000000000000e+00,4.300000000000000000e+01,4.314702896816143607e+01,6.000000000000000000e+01
2.674000000000000000e+03,0.000000000000000000e+00,2.323508557282493214e+01,-6.115054930864742833e-01,2.379944304470456728e+01,4.714802120684032788e-02,0.000000000000000000e+00,4.300000000000000000e+01,4.314625610971700098e+01,6.000000000000000000e+01
2.675000000000000000e+03,0.000000000000000000e+00,2.323437463318152041e+01,-6.082911116617784053e-01,2.379574522639659406e+01,4.692051844670543093e-02,0.000000000000000000e+00,4.300000000000000000e+01,4.314548702462411711e+01,6.000000000000000000e+01
2.676000000000000000e+03,0.000000000000000000e+00,2.323366837170591381e+01,-6.050924239145242245e-01,2.379206685299893564e+01,4.669394262150161623e-02,0.000000000000000000e+00,4.300000000000000000e+01,4.314472169707648419e+01,6.000000000000000000e+01
2.677000000000000000e+03,0.000000000000000000e+00,2.323296675703313596e+01,-6.019093641050173860e-01,2.378840782950893384e+01,4.646829162922165579e-02,0.000000000000000000e+00,4.300000000000000000e+01,4.314396011130868658e+01,6.000000000000000000e+01
2.678000000000000000e+03,0.000000000000000000e+00,2.323226975801201633e+01,-5.987418666636058484e-01,2.378476806132252719e+01,4.624356335309298682e-02,0.000000000000000000e+00,4.300000000000000000e+01,4.314320225159632116e+01,6.000000000000000000e+01
2.679000000000000000e+03,0.000000000000000000e+00,2.323157734370409955e+01,-5.955898661912122360e-01,2.378114745423322063e+01,4.601975566209124541e-02,0.000000000000000000e+00,4.300000000000000000e+01,4.314244810225619631e+01,6.000000000000000000e+01
2.680000000000000000e+03,0.000000000000000000e+00,2.323088948338201476e+01,-5.924532974601610658e-01,2.377754591443103038e+01,4.579686641114334017e-02,0.000000000000000000e+00,4.300000000000000000e+01,4.314169764764648818e+01,6.000000000000000000e+01
2.681000000000000000e+03,0.000000000000000000e+00,2.323020614652811133e+01,-5.893320954148286717e-01,2.377396334850145720e+01,4.557489344148186322e-02,0.000000000000000000e+00,4.300000000000000000e+01,4.314095087216692548e+01,6.000000000000000000e+01
2.682000000000000000e+03,0.000000000000000000e+00,2.322952730283287437e+01,-5.862261951724119236e-01,2.377039966342442057e+01,4.535383458086516412e-02,0.000000000000000000e+00,4.300000000000000000e+01,4.314020776025894577e+01,6.000000000000000000e+01
2.683000000000000000e+03,0.000000000000000000e+00,2.322885292219352849e+01,-5.831355320235784845e-01,2.376685476657321416e+01,4.513368764389249360e-02,0.000000000000000000e+00,4.300000000000000000e+01,4.313946829640584468e+01,6.000000000000000000e+01
2.684000000000000000e+03,0.000000000000000000e+00,2.322818297471268068e+01,-5.800600414330867594e-01,2.376332856571344010e+01,4.491445043232513562e-02,0.000000000000000000e+00,4.300000000000000000e+01,4.313873246513293225e+01,6.000000000000000000e+01
2.685000000000000000e+03,0.000000000000000000e+00,2.322751743069687080e+01,-5.769996590404367076e-01,2.375982096900194662e+01,4.469612073535807889e-02,0.000000000000000000e+00,4.300000000000000000e+01,4.313800025100770341e+01,6.000000000000000000e+01
2.686000000000000000e+03,0.000000000000000000e+00,2.322685626065501197e+01,-5.739543206605787207e-01,2.375633188498577297e+01,4.447869632981805293e-02,0.000000000000000000e+00,4.300000000000000000e+01,4.313727163863995173e+01,6.000000000000000000e+01
2.687000000000000000e+03,0.000000000000000000e+00,2.322619943529724651e+01,-5.709239622843865769e-01,2.375286122260106580e+01,4.426217498056827376e-02,0.000000000000000000e+00,4.300000000000000000e+01,4.313654661268193991e+01,6.000000000000000000e+01
2.688000000000000000e+03,0.000000000000000000e+00,2.322554692553331179e+01,-5.679085200793666521e-01,2.374940889117201337e+01,4.404655444066530451e-02,0.000000000000000000e+00,4.300000000000000000e+01,4.313582515782852056e+01,6.000000000000000000e+01
2.689000000000000000e+03,0.000000000000000000e+00,2.322489870247130028e+01,-5.649079303901605176e-01,2.374597480040976194e+01,4.383183245169787468e-02,0.000000000000000000e+00,4.300000000000000000e+01,4.313510725881729257e+01,6.000000000000000000e+01
2.690000000000000000e+03,0.000000000000000000e+00,2.322425473741611768e+01,-5.619221297391946424e-01,2.374255886041134644e+01,4.361800674396490440e-02,0.000000000000000000e+00,4.300000000000000000e+01,4.313439290042868635e+01,6.000000000000000000e+01
2.691000000000000000e+03,0.000000000000000000e+00,2.322361500186848104e+01,-5.589510548270353318e-01,2.373916098165859978e+01,4.340507503691671404e-02,0.000000000000000000e+00,4.300000000000000000e+01,4.313368206748614853e+01,6.000000000000000000e+01
2.692000000000000000e+03,0.000000000000000000e+00,2.322297946752308562e+01,-5.559946425331571129e-01,2.373578107501706214e+01,4.319303503918057313e-02,0.000000000000000000e+00,4.300000000000000000e+01,4.313297474485622729e+01,6.000000000000000000e+01
2.693000000000000000e+03,0.000000000000000000e+00,2.322234810626757096e+01,-5.530528299162972283e-01,2.373241905173489741e+01,4.298188444897000499e-02,0.000000000000000000e+00,4.300000000000000000e+01,4.313227091744869313e+01,6.000000000000000000e+01
2.694000000000000000e+03,0.000000000000000000e+00,2.322172089018117092e+01,-5.501255542149579014e-01,2.372907482344179897e+01,4.277162095432841121e-02,0.000000000000000000e+00,4.300000000000000000e+01,4.313157057021666674e+01,6.000000000000000000e+01
2.695000000000000000e+03,0.000000000000000000e+00,2.322109779153327835e+01,-5.472127528479387992e-01,2.372574830214789188e+01,4.256224223332857187e-02,0.000000000000000000e+00,4.300000000000000000e+01,4.313087368815673273e+01,6.000000000000000000e+01
2.696000000000000000e+03,0.000000000000000000e+00,2.322047878278213773e+01,-5.443143634148090992e-01,2.372243940024263509e+01,4.235374595431350836e-02,0.000000000000000000e+00,4.300000000000000000e+01,4.313018025630903196e+01,6.000000000000000000e+01
2.697000000000000000e+03,0.000000000000000000e+00,2.321986383657363007e+01,-5.414303236962922927e-01,2.371914803049372011e+01,4.214612977620354334e-02,0.000000000000000000e+00,4.300000000000000000e+01,4.312949025975738948e+01,6.000000000000000000e+01
2.698000000000000000e+03,0.000000000000000000e+00,2.321925292573981636e+01,-5.385605716547978705e-01,2.371587410604596968e+01,4.193939134864466817e-02,0.000000000000000000e+00,4.300000000000000000e+01,4.312880368362937133e+01,6.000000000000000000e+01
2.699000000000000000e+03,0.000000000000000000e+00,2.321864602329799254e+01,-5.357050454346576895e-01,2.371261754042022574e+01,4.173352831242212180e-02,0.000000000000000000e+00,4.300000000000000000e+01,4.312812051309645511e+01,6.000000000000000000e+01
2.700000000000000000e+03,0.000000000000000000e+00,2.321804310244881719e+01,-5.328636833628352942e-01,2.370937824751224454e+01,4.152853829940518493e-02,0.000000000000000000e+00,4.300000000000000000e+01,4.312744073337404416e+01,6.000000000000000000e+01
2.701000000000000000e+03,0.000000000000000000e+00,2.321744413657569694e+01,-5.300364239489852025e-01,2.370615614159158113e+01,4.132441893310143805e-02,0.000000000000000000e+00,4.300000000000000000e+01,4.312676432972162388e+01,6.000000000000000000e+01
2.702000000000000000e+03,0.000000000000000000e+00,2.321684909924299944e+01,-5.272232058861024973e-01,2.370295113730048087e+01,4.112116782862250408e-02,0.000000000000000000e+00,4.300000000000000000e+01,4.312609128744280440e+01,6.000000000000000000e+01
2.703000000000000000e+03,0.000000000000000000e+00,2.321625796419514742e+01,-5.244239680507009060e-01,2.369976314965275677e+01,4.091878259309267296e-02,0.000000000000000000e+00,4.300000000000000000e+01,4.312542159188542001e+01,6.000000000000000000e+01
2.704000000000000000e+03,0.000000000000000000e+00,2.321567070535525801e+01,-5.216386495032259152e-01,2.369659209403267752e+01,4.071726082580932188e-02,0.000000000000000000e+00,4.300000000000000000e+01,4.312475522844163578e+01,6.000000000000000000e+01
2.705000000000000000e+03,0.000000000000000000e+00,2.321508729682370742e+01,-5.188671894884983038e-01,2.369343788619384128e+01,4.051660011836479697e-02,0.000000000000000000e+00,4.300000000000000000e+01,4.312409218254798304e+01,6.000000000000000000e+01
2.706000000000000000e+03,0.000000000000000000e+00,2.321450771287723214e+01,-5.161095274358618035e-01,2.369030044225806009e+01,4.031679805503539382e-02,0.000000000000000000e+00,4.300000000000000000e+01,4.312343243968544471e+01,6.000000000000000000e+01
2.707000000000000000e+03,0.000000000000000000e+00,2.321393192796764637e+01,-5.133656029595381476e-01,2.368717967871423369e+01,4.011785221295091630e-02,0.000000000000000000e+00,4.300000000000000000e+01,4.312277598537957601e+01,6.000000000000000000e+01
2.708000000000000000e+03,0.000000000000000000e+00,2.321335991672020072e+01,-5.106353558591285591e-01,2.368407551241721620e+01,3.991976016211504913e-02,0.000000000000000000e+00,4.300000000000000000e+01,4.312212280520047614e+01,6.000000000000000000e+01
2.709000000000000000e+03,0.000000000000000000e+00,2.321279165393321264e+01,-5.079187261194963998e-01,2.368098786058670413e+01,3.972251946600250522e-02,0.000000000000000000e+00,4.300000000000000000e+01,4.312147288476295159e+01,6.000000000000000000e+01
2.710000000000000000e+03,0.000000000000000000e+00,2.321222711457601662e+01,-5.052156539114465161e-01,2.367791664080608882e+01,3.952612768137199473e-02,0.000000000000000000e+00,4.300000000000000000e+01,4.312082620972653046e+01,6.000000000000000000e+01
2.711000000000000000e+03,0.000000000000000000e+00,2.321166627378822156e+01,-5.025260795917844137e-01,2.367486177102133738e+01,3.933058235867011726e-02,0.000000000000000000e+00,4.300000000000000000e+01,4.312018276579551213e+01,6.000000000000000000e+01
2.712000000000000000e+03,0.000000000000000000e+00,2.321110910687860240e+01,-4.998499437035229809e-01,2.367182316953985577e+01,3.913588104227005982e-02,0.000000000000000000e+00,4.300000000000000000e+01,4.311954253871905962e+01,6.000000000000000000e+01
2.713000000000000000e+03,0.000000000000000000e+00,2.321055558932362572e+01,-4.971871869762667928e-01,2.366880075502936265e+01,3.894202127052871776e-02,0.000000000000000000e+00,4.300000000000000000e+01,4.311890551429121388e+01,6.000000000000000000e+01
2.714000000000000000e+03,0.000000000000000000e+00,2.321000569676661485e+01,-4.945377503262712304e-01,2.366579444651674180e+01,3.874900057614280580e-02,0.000000000000000000e+00,4.300000000000000000e+01,4.311827167835099317e+01,6.000000000000000000e+01
2.715000000000000000e+03,0.000000000000000000e+00,2.320945940501620441e+01,-4.919015748568561497e-01,2.366280416338691239e+01,3.855681648615023188e-02,0.000000000000000000e+00,4.300000000000000000e+01,4.311764101678237893e+01,6.000000000000000000e+01
2.716000000000000000e+03,0.000000000000000000e+00,2.320891669004572222e+01,-4.892786018583467622e-01,2.365982982538169566e+01,3.836546652237190352e-02,0.000000000000000000e+00,4.300000000000000000e+01,4.311701351551441519e+01,6.000000000000000000e+01
2.717000000000000000e+03,0.000000000000000000e+00,2.320837752799155851e+01,-4.866687728084874709e-01,2.365687135259866380e+01,3.817494820138282036e-02,0.000000000000000000e+00,4.300000000000000000e+01,4.311638916052123705e+01,6.000000000000000000e+01
2.718000000000000000e+03,0.000000000000000000e+00,2.320784189515221740e+01,-4.840720293725599421e-01,2.365392866549001738e+01,3.798525903476045185e-02,0.000000000000000000e+00,4.300000000000000000e+01,4.311576793782207773e+01,6.000000000000000000e+01
2.719000000000000000e+03,0.000000000000000000e+00,2.320730976798740741e+01,-4.814883134034128043e-01,2.365100168486142351e+01,3.779639652939874306e-02,0.000000000000000000e+00,4.300000000000000000e+01,4.311514983348135388e+01,6.000000000000000000e+01
2.720000000000000000e+03,0.000000000000000000e+00,2.320678112311657770e+01,-4.789175669418160863e-01,2.364809033187089682e+01,3.760835818749783122e-02,0.000000000000000000e+00,4.300000000000000000e+01,4.311453483360867267e+01,6.000000000000000000e+01
2.721000000000000000e+03,0.000000000000000000e+00,2.320625593731800151e+01,-4.763597322164909720e-01,2.364519452802763411e+01,3.742114150685727642e-02,0.000000000000000000e+00,4.300000000000000000e+01,4.311392292435886731e+01,6.000000000000000000e+01
2.722000000000000000e+03,0.000000000000000000e+00,2.320573418752767125e+01,-4.738147516442574037e-01,2.364231419519089172e+01,3.723474398103915339e-02,0.000000000000000000e+00,4.300000000000000000e+01,4.311331409193201836e+01,6.000000000000000000e+01
2.723000000000000000e+03,0.000000000000000000e+00,2.320521585083827532e+01,-4.712825678301227894e-01,2.363944925556882382e+01,3.704916309957505954e-02,0.000000000000000000e+00,4.300000000000000000e+01,4.311270832257351060e+01,6.000000000000000000e+01
2.724000000000000000e+03,0.000000000000000000e+00,2.320470090449785161e+01,-4.687631235675184804e-01,2.363659963171734901e+01,3.686439634802129300e-02,0.000000000000000000e+00,4.300000000000000000e+01,4.311210560257401880e+01,6.000000000000000000e+01
2.725000000000000000e+03,0.000000000000000000e+00,2.320418932590904504e+01,-4.662563618382405406e-01,2.363376524653899935e+01,3.668044120828562599e-02,0.000000000000000000e+00,4.300000000000000000e+01,4.311150591826954326e+01,6.000000000000000000e+01
2.726000000000000000e+03,0.000000000000000000e+00,2.320368109262792089e+01,-4.637622258125976837e-01,2.363094602328177984e+01,3.649729515873895852e-02,0.000000000000000000e+00,4.300000000000000000e+01,4.311090925604146662e+01,6.000000000000000000e+01
2.727000000000000000e+03,0.000000000000000000e+00,2.320317618236260060e+01,-4.612806588496474736e-01,2.362814188553801387e+01,3.631495567423680126e-02,0.000000000000000000e+00,4.300000000000000000e+01,4.311031560231648996e+01,6.000000000000000000e+01
2.728000000000000000e+03,0.000000000000000000e+00,2.320267457297287805e+01,-4.588116044969305363e-01,2.362535275724319916e+01,3.613342022660730873e-02,0.000000000000000000e+00,4.300000000000000000e+01,4.310972494356672513e+01,6.000000000000000000e+01
2.729000000000000000e+03,0.000000000000000000e+00,2.320217624246851074e+01,-4.563550064908545867e-01,2.362257856267486744e+01,3.595268628450024734e-02,0.000000000000000000e+00,4.300000000000000000e+01,4.310913726630967346e+01,6.000000000000000000e+01
2.730000000000000000e+03,0.000000000000000000e+00,2.320168116900850208e+01,-4.539108087566060545e-01,2.361981922645142262e+01,3.577275131368683192e-02,0.000000000000000000e+00,4.300000000000000000e+01,4.310855255710822576e+01,6.000000000000000000e+01
2.731000000000000000e+03,0.000000000000000000e+00,2.320118933090011382e+01,-4.514789554081496403e-01,2.361707467353100753e+01,3.559361277725642952e-02,0.000000000000000000e+00,4.300000000000000000e+01,4.310797080257069069e+01,6.000000000000000000e+01
2.732000000000000000e+03,0.000000000000000000e+00,2.320070070659769357e+01,-4.490593907483468872e-01,2.361434482921034927e+01,3.541526813568973003e-02,0.000000000000000000e+00,4.300000000000000000e+01,4.310739198935080196e+01,6.000000000000000000e+01
2.733000000000000000e+03,0.000000000000000000e+00,2.320021527470163392e+01,-4.466520592689856572e-01,2.361162961912360814e+01,3.523771484700947282e-02,0.000000000000000000e+00,4.300000000000000000e+01,4.310681610414768983e+01,6.000000000000000000e+01
2.734000000000000000e+03,0.000000000000000000e+00,2.319973301395762988e+01,-4.442569056506617819e-01,2.360892896924123363e+01,3.506095036705860618e-02,0.000000000000000000e+00,4.300000000000000000e+01,4.310624313370591665e+01,6.000000000000000000e+01
2.735000000000000000e+03,0.000000000000000000e+00,2.319925390325539993e+01,-4.418738747629269437e-01,2.360624280586881341e+01,3.488497214951154224e-02,0.000000000000000000e+00,4.300000000000000000e+01,4.310567306481546268e+01,6.000000000000000000e+01
2.736000000000000000e+03,0.000000000000000000e+00,2.319877792162777652e+01,-4.395029116642296119e-01,2.360357105564592928e+01,3.470977764607745958e-02,0.000000000000000000e+00,4.300000000000000000e+01,4.310510588431172607e+01,6.000000000000000000e+01
2.737000000000000000e+03,0.000000000000000000e+00,2.319830504824972550e+01,-4.371439616019148766e-01,2.360091364554500615e+01,3.453536430663459861e-02,0.000000000000000000e+00,4.300000000000000000e+01,4.310454157907550155e+01,6.000000000000000000e+01
2.738000000000000000e+03,0.000000000000000000e+00,2.319783526243746152e+01,-4.347969700121359637e-01,2.359827050287016093e+01,3.436172957943799816e-02,0.000000000000000000e+00,4.300000000000000000e+01,4.310398013603299461e+01,6.000000000000000000e+01
2.739000000000000000e+03,0.000000000000000000e+00,2.319736854364732181e+01,-4.324618825199132988e-01,2.359564155525605855e+01,3.418887091117534666e-02,0.000000000000000000e+00,4.300000000000000000e+01,4.310342154215580734e+01,6.000000000000000000e+01
2.740000000000000000e+03,0.000000000000000000e+00,2.319690487147482116e+01,-4.301386449390752764e-01,2.359302673066676448e+01,3.401678574712918568e-02,0.000000000000000000e+00,4.300000000000000000e+01,4.310286578446090289e+01,6.000000000000000000e+01
2.741000000000000000e+03,0.000000000000000000e+00,2.319644422565389519e+01,-4.278272032721107121e-01,2.359042595739459358e+01,3.384547153141058418e-02,0.000000000000000000e+00,4.300000000000000000e+01,4.310231285001064094e+01,6.000000000000000000e+01
2.742000000000000000e+03,0.000000000000000000e+00,2.319598658605555386e+01,-4.255275037103163904e-01,2.358783916405896974e+01,3.367492570690155257e-02,0.000000000000000000e+00,4.300000000000000000e+01,4.310176272591270674e+01,6.000000000000000000e+01
2.743000000000000000e+03,0.000000000000000000e+00,2.319553193268738411e+01,-4.232394926335016350e-01,2.358526627960527122e+01,3.350514571561435950e-02,0.000000000000000000e+00,4.300000000000000000e+01,4.310121539932013945e+01,6.000000000000000000e+01
2.744000000000000000e+03,0.000000000000000000e+00,2.319508024569222471e+01,-4.209631166101066579e-01,2.358270723330369023e+01,3.333612899864082935e-02,0.000000000000000000e+00,4.300000000000000000e+01,4.310067085743126825e+01,6.000000000000000000e+01
2.745000000000000000e+03,0.000000000000000000e+00,2.319463150534761198e+01,-4.186983223969362733e-01,2.358016195474808541e+01,3.316787299646305198e-02,0.000000000000000000e+00,4.300000000000000000e+01,4.310012908748974070e+01,6.000000000000000000e+01
2.746000000000000000e+03,0.000000000000000000e+00,2.319418569206444403e+01,-4.164450569392784685e-01,2.357763037385483784e+01,3.300037514888493062e-02,0.000000000000000000e+00,4.300000000000000000e+01,4.309959007678446596e+01,6.000000000000000000e+01
2.747000000000000000e+03,0.000000000000000000e+00,2.319374278638633413e+01,-4.142032673706677048e-01,2.357511242086170355e+01,3.283363289529876716e-02,0.000000000000000000e+00,4.300000000000000000e+01,4.309905381264960056e+01,6.000000000000000000e+01
2.748000000000000000e+03,0.000000000000000000e+00,2.319330276898860888e+01,-4.119729010128259095e-01,2.357260802632666952e+01,3.266764367476848036e-02,0.000000000000000000e+00,4.300000000000000000e+01,4.309852028246450573e+01,6.000000000000000000e+01
2.749000000000000000e+03,0.000000000000000000e+00,2.319286562067754787e+01,-4.097539053754851723e-01,2.357011712112681678e+01,3.250240492621722654e-02,0.000000000000000000e+00,4.300000000000000000e+01,4.309798947365375454e+01,6.000000000000000000e+01
2.750000000000000000e+03,0.000000000000000000e+00,2.319243132238916516e+01,-4.075462281564173894e-01,2.356763963645717297e+01,3.233791408840949733e-02,0.000000000000000000e+00,4.300000000000000000e+01,4.309746137368708219e+01,6.000000000000000000e+01
2.751000000000000000e+03,0.000000000000000000e+00,2.319199985518849516e+01,-4.053498172412272060e-01,2.356517550382956827e+01,3.217416860015468588e-02,0.000000000000000000e+00,4.300000000000000000e+01,4.309693597007932198e+01,6.000000000000000000e+01
2.752000000000000000e+03,0.000000000000000000e+00,2.319157120026896024e+01,-4.031646207030861184e-01,2.356272465507149505e+01,3.201116590055179401e-02,0.000000000000000000e+00,4.300000000000000000e+01,4.309641325039044091e+01,6.000000000000000000e+01
2.753000000000000000e+03,0.000000000000000000e+00,2.319114533895092478e+01,-4.009905868028804665e-01,2.356028702232497452e+01,3.184890342883201636e-02,0.000000000000000000e+00,4.300000000000000000e+01,4.309589320222544018e+01,6.000000000000000000e+01
2.754000000000000000e+03,0.000000000000000000e+00,2.319072225268134346e+01,-3.988276639887972097e-01,2.355786253804540564e+01,3.168737862473512690e-02,0.000000000000000000e+00,4.300000000000000000e+01,4.309537581323435518e+01,6.000000000000000000e+01
2.755000000000000000e+03,0.000000000000000000e+00,2.319030192303259241e+01,-3.966758008963244264e-01,2.355545113500044252e+01,3.152658892847472888e-02,0.000000000000000000e+00,4.300000000000000000e+01,4.309486107111219155e+01,6.000000000000000000e+01
2.756000000000000000e+03,0.000000000000000000e+00,2.318988433170181196e+01,-3.945349463479851382e-01,2.355305274626884326e+01,3.136653178095366590e-02,0.000000000000000000e+00,4.300000000000000000e+01,4.309434896359893230e+01,6.000000000000000000e+01
2.757000000000000000e+03,0.000000000000000000e+00,2.318946946050966318e+01,-3.924050493533667305e-01,2.355066730523934027e+01,3.120720462368938714e-02,0.000000000000000000e+00,4.300000000000000000e+01,4.309383947847943830e+01,6.000000000000000000e+01
2.758000000000000000e+03,0.000000000000000000e+00,2.318905729139995131e+01,-3.902860591087074504e-01,2.354829474560949976e+01,3.104860489915739832e-02,0.000000000000000000e+00,4.300000000000000000e+01,4.309333260358341988e+01,6.000000000000000000e+01
2.759000000000000000e+03,0.000000000000000000e+00,2.318864780643865231e+01,-3.881779249967781120e-01,2.354593500138459561e+01,3.089073005083590659e-02,0.000000000000000000e+00,4.300000000000000000e+01,4.309282832678542263e+01,6.000000000000000000e+01
2.760000000000000000e+03,0.000000000000000000e+00,2.318824098781283993e+01,-3.860805965868229217e-01,2.354358800687646891e+01,3.073357752319236594e-02,0.000000000000000000e+00,4.300000000000000000e+01,4.309232663600477053e+01,6.000000000000000000e+01
2.761000000000000000e+03,0.000000000000000000e+00,2.318783681782991479e+01,-3.839940236343231672e-01,2.354125369670240175e+01,3.057714476183612945e-02,0.000000000000000000e+00,4.300000000000000000e+01,4.309182751920547361e+01,6.000000000000000000e+01
2.762000000000000000e+03,0.000000000000000000e+00,2.318743527891716383e+01,-3.819181560806130249e-01,2.353893200578397682e+01,3.042142921379832610e-02,0.000000000000000000e+00,4.300000000000000000e+01,4.309133096439624921e+01,6.000000000000000000e+01
2.763000000000000000e+03,0.000000000000000000e+00,2.318703635362034987e+01,-3.798529440529681001e-01,2.353662286934596537e+01,3.026642832735210523e-02,0.000000000000000000e+00,4.300000000000000000e+01,4.309083695963042260e+01,6.000000000000000000e+01
2.764000000000000000e+03,0.000000000000000000e+00,2.318664002460329954e+01,-3.777983378641918133e-01,2.353432622291517973e+01,3.011213955231319128e-02,0.000000000000000000e+00,4.300000000000000000e+01,4.309034549300587713e+01,6.000000000000000000e+01
2.765000000000000000e+03,0.000000000000000000e+00,2.318624627464707899e+01,-3.757542880124086215e-01,2.353204200231936127e+01,2.995856034012719590e-02,0.000000000000000000e+00,4.300000000000000000e+01,4.308985655266504011e+01,6.000000000000000000e+01
2.766000000000000000e+03,0.000000000000000000e+00,2.318585508664885353e+01,-3.737207451810046765e-01,2.352977014368604358e+01,2.980568814381330534e-02,0.000000000000000000e+00,4.300000000000000000e+01,4.308937012679476908e+01,6.000000000000000000e+01
2.767000000000000000e+03,0.000000000000000000e+00,2.318546644362157494e+01,-3.716976602381551475e-01,2.352751058344143331e+01,2.965352041829723284e-02,0.000000000000000000e+00,4.300000000000000000e+01,4.308888620362635180e+01,6.000000000000000000e+01
2.768000000000000000e+03,0.000000000000000000e+00,2.318508032869275226e+01,-3.696849842368241656e-01,2.352526325830929466e+01,2.950205462028094097e-02,0.000000000000000000e+00,4.300000000000000000e+01,4.308840477143541392e+01,6.000000000000000000e+01
2.769000000000000000e+03,0.000000000000000000e+00,2.318469672510391177e+01,-3.676826684143807422e-01,2.352302810530981603e+01,2.935128820847915723e-02,0.000000000000000000e+00,4.300000000000000000e+01,4.308792581854187631e+01,6.000000000000000000e+01
2.770000000000000000e+03,0.000000000000000000e+00,2.318431561620971948e+01,-3.656906641924214107e-01,2.352080506175849450e+01,2.920121864364702211e-02,0.000000000000000000e+00,4.300000000000000000e+01,4.308744933330987692e+01,6.000000000000000000e+01
2.771000000000000000e+03,0.000000000000000000e+00,2.318393698547731674e+01,-3.637089231764449870e-01,2.351859406526502028e+01,2.905184338874349306e-02,0.000000000000000000e+00,4.300000000000000000e+01,4.308697530414773524e+01,6.000000000000000000e+01
2.772000000000000000e+03,0.000000000000000000e+00,2.318356081648537170e+01,-3.617373971557050205e-01,2.351639505373215755e+01,2.890315990891839312e-02,0.000000000000000000e+00,4.300000000000000000e+01,4.308650371950787417e+01,6.000000000000000000e+01
2.773000000000000000e+03,0.000000000000000000e+00,2.318318709292341140e+01,-3.597760381028847765e-01,2.351420796535463253e+01,2.875516567166553836e-02,0.000000000000000000e+00,4.300000000000000000e+01,4.308603456788675601e+01,6.000000000000000000e+01
2.774000000000000000e+03,0.000000000000000000e+00,2.318281579859109343e+01,-3.578247981738309491e-01,2.351203273861801435e+01,2.860785814691033449e-02,0.000000000000000000e+00,4.300000000000000000e+01,4.308556783782482569e+01,6.000000000000000000e+01
2.775000000000000000e+03,0.000000000000000000e+00,2.318244691739735330e+01,-3.558836297073175725e-01,2.350986931229760657e+01,2.846123480706385864e-02,0.000000000000000000e+00,4.300000000000000000e+01,4.308510351790643256e+01,6.000000000000000000e+01
2.776000000000000000e+03,0.000000000000000000e+00,2.318208043335977209e+01,-3.539524852247207254e-01,2.350771762545733523e+01,2.831529312715583627e-02,0.000000000000000000e+00,4.300000000000000000e+01,4.308464159675978067e+01,6.000000000000000000e+01
2.777000000000000000e+03,0.000000000000000000e+00,2.318171633060368109e+01,-3.520313174298118630e-01,2.350557761744864393e+01,2.817003058484840450e-02,0.000000000000000000e+00,4.300000000000000000e+01,4.308418206305682929e+01,6.000000000000000000e+01
2.778000000000000000e+03,0.000000000000000000e+00,2.318135459336167870e+01,-3.501200792083438706e-01,2.350344922790938185e+01,2.802544466064166295e-02,0.000000000000000000e+00,4.300000000000000000e+01,4.308372490551326450e+01,6.000000000000000000e+01
2.779000000000000000e+03,0.000000000000000000e+00,2.318099520597256102e+01,-3.482187236279330467e-01,2.350133239676270591e+01,2.788153283778983804e-02,0.000000000000000000e+00,4.300000000000000000e+01,4.308327011288840680e+01,6.000000000000000000e+01
2.780000000000000000e+03,0.000000000000000000e+00,2.318063815288076768e+01,-3.463272039376748546e-01,2.349922706421597240e+01,2.773829260247100484e-02,0.000000000000000000e+00,4.300000000000000000e+01,4.308281767398513296e+01,6.000000000000000000e+01
2.781000000000000000e+03,0.000000000000000000e+00,2.318028341863570319e+01,-3.444454735678187940e-01,2.349713317075963204e+01,2.759572144389009843e-02,0.000000000000000000e+00,4.300000000000000000e+01,4.308236757764981206e+01,6.000000000000000000e+01
2.782000000000000000e+03,0.000000000000000000e+00,2.317993098789095541e+01,-3.425734861295025024e-01,2.349505065716613927e+01,2.745381685431984992e-02,0.000000000000000000e+00,4.300000000000000000e+01,4.308191981277224158e+01,6.000000000000000000e+01
2.783000000000000000e+03,0.000000000000000000e+00,2.317958084540349972e+01,-3.407111954144856902e-01,2.349297946448884744e+01,2.731257632913892258e-02,0.000000000000000000e+00,4.300000000000000000e+01,4.308147436828554078e+01,6.000000000000000000e+01
2.784000000000000000e+03,0.000000000000000000e+00,2.317923297603324073e+01,-3.388585553947071061e-01,2.349091953406091449e+01,2.717199736703262286e-02,0.000000000000000000e+00,4.300000000000000000e+01,4.308103123316612937e+01,6.000000000000000000e+01
2.785000000000000000e+03,0.000000000000000000e+00,2.317888736474187183e+01,-3.370155202221955526e-01,2.348887080749421585e+01,2.703207746984952198e-02,0.000000000000000000e+00,4.300000000000000000e+01,4.308059039643357124e+01,6.000000000000000000e+01
2.786000000000000000e+03,0.000000000000000000e+00,2.317854399659280418e+01,-3.351820442284200174e-01,2.348683322667823603e+01,2.689281414299097769e-02,0.000000000000000000e+00,4.300000000000000000e+01,4.308015184715058865e+01,6.000000000000000000e+01
2.787000000000000000e+03,0.000000000000000000e+00,2.317820285674976333e+01,-3.333580819243484594e-01,2.348480673377899919e+01,2.675420489511326494e-02,0.000000000000000000e+00,4.300000000000000000e+01,4.307971557442290589e+01,6.000000000000000000e+01
2.788000000000000000e+03,0.000000000000000000e+00,2.317786393047667914e+01,-3.315435879997981616e-01,2.348279127123796783e+01,2.661624723851084562e-02,0.000000000000000000e+00,4.300000000000000000e+01,4.307928156739922088e+01,6.000000000000000000e+01
2.789000000000000000e+03,0.000000000000000000e+00,2.317752720313661641e+01,-3.297385173233169375e-01,2.348078678177095568e+01,2.647893868897784400e-02,0.000000000000000000e+00,4.300000000000000000e+01,4.307884981527109858e+01,6.000000000000000000e+01
2.790000000000000000e+03,0.000000000000000000e+00,2.317719266019129520e+01,-3.279428249417403740e-01,2.347879320836705475e+01,2.634227676598186949e-02,0.000000000000000000e+00,4.300000000000000000e+01,4.307842030727288574e+01,6.000000000000000000e+01
2.791000000000000000e+03,0.000000000000000000e+00,2.317686028720044789e+01,-3.261564660798367266e-01,2.347681049428754108e+01,2.620625899274334550e-02,0.000000000000000000e+00,4.300000000000000000e+01,4.307799303268165403e+01,6.000000000000000000e+01
2.792000000000000000e+03,0.000000000000000000e+00,2.317653006982093444e+01,-3.243793961400709414e-01,2.347483858306480542e+01,2.607088289619929194e-02,0.000000000000000000e+00,4.300000000000000000e+01,4.307756798081709348e+01,6.000000000000000000e+01
2.793000000000000000e+03,0.000000000000000000e+00,2.317620199380626644e+01,-3.226115707021611212e-01,2.347287741850126608e+01,2.593614600716231608e-02,0.000000000000000000e+00,4.300000000000000000e+01,4.307714514104142722e+01,6.000000000000000000e+01
2.794000000000000000e+03,0.000000000000000000e+00,2.317587604500596044e+01,-3.208529455227239202e-01,2.347092694466829954e+01,2.580204586038612607e-02,0.000000000000000000e+00,4.300000000000000000e+01,4.307672450275936171e+01,6.000000000000000000e+01
2.795000000000000000e+03,0.000000000000000000e+00,2.317555220936458582e+01,-3.191034765350677649e-01,2.346898710590516757e+01,2.566857999448891869e-02,0.000000000000000000e+00,4.300000000000000000e+01,4.307630605541795887e+01,6.000000000000000000e+01
2.796000000000000000e+03,0.000000000000000000e+00,2.317523047292146288e+01,-3.173631198486608351e-01,2.346705784681794071e+01,2.553574595218485385e-02,0.000000000000000000e+00,4.300000000000000000e+01,4.307588978850654371e+01,6.000000000000000000e+01
2.797000000000000000e+03,0.000000000000000000e+00,2.317491082181005169e+01,-3.156318317487469272e-01,2.346513911227843607e+01,2.540354128036204778e-02,0.000000000000000000e+00,4.300000000000000000e+01,4.307547569155667588e+01,6.000000000000000000e+01
2.798000000000000000e+03,0.000000000000000000e+00,2.317459324225681883e+01,-3.139095686962272702e-01,2.346323084742314080e+01,2.527196352990744230e-02,0.000000000000000000e+00,4.300000000000000000e+01,4.307506375414200761e+01,6.000000000000000000e+01
2.799000000000000000e+03,0.000000000000000000e+00,2.317427772058107394e+01,-3.121962873270694439e-01,2.346133299765215696e+01,2.514101025598416972e-02,0.000000000000000000e+00,4.300000000000000000e+01,4.307465396587819839e+01,6.000000000000000000e+01
2.800000000000000000e+03,0.000000000000000000e+00,2.317396424319424852e+01,-3.104919444519527172e-01,2.345944550862813216e+01,2.501067901806968904e-02,0.000000000000000000e+00,4.300000000000000000e+01,4.307424631642285817e+01,6.000000000000000000e+01
2.801000000000000000e+03,0.000000000000000000e+00,2.317365279659905752e+01,-3.087964970560317379e-01,2.345756832627520794e+01,2.488096737988120324e-02,0.000000000000000000e+00,4.300000000000000000e+01,4.307384079547543365e+01,6.000000000000000000e+01
2.802000000000000000e+03,0.000000000000000000e+00,2.317334336738901612e+01,-3.071099022984636329e-01,2.345570139677795396e+01,2.475187290952640673e-02,0.000000000000000000e+00,4.300000000000000000e+01,4.307343739277709460e+01,6.000000000000000000e+01
2.803000000000000000e+03,0.000000000000000000e+00,2.317303594224802410e+01,-3.054321175119351639e-01,2.345384466658031286e+01,2.462339317964397367e-02,0.000000000000000000e+00,4.300000000000000000e+01,4.307303609811069833e+01,6.000000000000000000e+01
2.804000000000000000e+03,0.000000000000000000e+00,2.317273050794926803e+01,-3.037631002025150129e-01,2.345199808238455219e+01,2.449552576723153935e-02,0.000000000000000000e+00,4.300000000000000000e+01,4.307263690130065470e+01,6.000000000000000000e+01
2.805000000000000000e+03,0.000000000000000000e+00,2.317242705135499037e+01,-3.021028080490922307e-01,2.345016159115021281e+01,2.436826825387091930e-02,0.000000000000000000e+00,4.300000000000000000e+01,4.307223979221284083e+01,6.000000000000000000e+01
2.806000000000000000e+03,0.000000000000000000e+00,2.317212555941577179e+01,-3.004511989030216879e-01,2.344833514009305020e+01,2.424161822574521716e-02,0.000000000000000000e+00,4.300000000000000000e+01,4.307184476075450874e+01,6.000000000000000000e+01
2.807000000000000000e+03,0.000000000000000000e+00,2.317182601916995210e+01,-2.988082307877398258e-01,2.344651867668400769e+01,2.411557327368226214e-02,0.000000000000000000e+00,4.300000000000000000e+01,4.307145179687419301e+01,6.000000000000000000e+01
2.808000000000000000e+03,0.000000000000000000e+00,2.317152841774296590e+01,-2.971738618983805758e-01,2.344471214864815067e+01,2.399013099319511830e-02,0.000000000000000000e+00,4.300000000000000000e+01,4.307106089056162546e+01,6.000000000000000000e+01
2.809000000000000000e+03,0.000000000000000000e+00,2.317123274234671371e+01,-2.955480506014205311e-01,2.344291550396364343e+01,2.386528898449226041e-02,0.000000000000000000e+00,4.300000000000000000e+01,4.307067203184760729e+01,6.000000000000000000e+01
2.810000000000000000e+03,0.000000000000000000e+00,2.317093898027920673e+01,-2.939307554341473727e-01,2.344112869086070106e+01,2.374104485265226411e-02,0.000000000000000000e+00,4.300000000000000000e+01,4.307028521080395933e+01,6.000000000000000000e+01
2.811000000000000000e+03,0.000000000000000000e+00,2.317064711892358275e+01,-2.923219351044525904e-01,2.343935165782055208e+01,2.361739620748370960e-02,0.000000000000000000e+00,4.300000000000000000e+01,4.306990041754337994e+01,6.000000000000000000e+01
2.812000000000000000e+03,0.000000000000000000e+00,2.317035714574792493e+01,-2.907215484902406777e-01,2.343758435357441172e+01,2.349434066375255536e-02,0.000000000000000000e+00,4.300000000000000000e+01,4.306951764221936685e+01,6.000000000000000000e+01
2.813000000000000000e+03,0.000000000000000000e+00,2.317006904830448377e+01,-2.891295546391041138e-01,2.343582672710244097e+01,2.337187584114619812e-02,0.000000000000000000e+00,4.300000000000000000e+01,4.306913687502612476e+01,6.000000000000000000e+01
2.814000000000000000e+03,0.000000000000000000e+00,2.316978281422908381e+01,-2.875459127679389493e-01,2.343407872763272692e+01,2.324999936429505976e-02,0.000000000000000000e+00,4.300000000000000000e+01,4.306875810619846590e+01,6.000000000000000000e+01
2.815000000000000000e+03,0.000000000000000000e+00,2.316949843124053743e+01,-2.859705822625313032e-01,2.343234030464024897e+01,2.312870886282022281e-02,0.000000000000000000e+00,4.300000000000000000e+01,4.306838132601168923e+01,6.000000000000000000e+01
2.816000000000000000e+03,0.000000000000000000e+00,2.316921588714026470e+01,-2.844035226770549318e-01,2.343061140784585916e+01,2.300800197146038797e-02,0.000000000000000000e+00,4.300000000000000000e+01,4.306800652478150226e+01,6.000000000000000000e+01
2.817000000000000000e+03,0.000000000000000000e+00,2.316893516981153667e+01,-2.828446937337459888e-01,2.342889198721525901e+01,2.288787633002501570e-02,0.000000000000000000e+00,4.300000000000000000e+01,4.306763369286392873e+01,6.000000000000000000e+01
2.818000000000000000e+03,0.000000000000000000e+00,2.316865626721886784e+01,-2.812940553225190543e-01,2.342718199295797987e+01,2.276832958340566093e-02,0.000000000000000000e+00,4.300000000000000000e+01,4.306726282065517353e+01,6.000000000000000000e+01
2.819000000000000000e+03,0.000000000000000000e+00,2.316837916740771419e+01,-2.797515675004056401e-01,2.342548137552636689e+01,2.264935938175179769e-02,0.000000000000000000e+00,4.300000000000000000e+01,4.306689389859154460e+01,6.000000000000000000e+01
2.820000000000000000e+03,0.000000000000000000e+00,2.316810385850375198e+01,-2.782171904912288940e-01,2.342379008561456644e+01,2.253096338041431917e-02,0.000000000000000000e+00,4.300000000000000000e+01,4.306652691714935344e+01,6.000000000000000000e+01
2.821000000000000000e+03,0.000000000000000000e+00,2.316783032871229864e+01,-2.766908846851900972e-01,2.342210807415751361e+01,2.241313923997552415e-02,0.000000000000000000e+00,4.300000000000000000e+01,4.306616186684480851e+01,6.000000000000000000e+01
2.822000000000000000e+03,0.000000000000000000e+00,2.316755856631780475e+01,-2.751726106384253523e-01,2.342043529232992327e+01,2.229588462630456222e-02,0.000000000000000000e+00,4.300000000000000000e+01,4.306579873823389448e+01,6.000000000000000000e+01
2.823000000000000000e+03,0.000000000000000000e+00,2.316728855968344902e+01,-2.736623290725030411e-01,2.341877169154528815e+01,2.217919721066418867e-02,0.000000000000000000e+00,4.300000000000000000e+01,4.306543752191231533e+01,6.000000000000000000e+01
2.824000000000000000e+03,0.000000000000000000e+00,2.316702029725024303e+01,-2.721600008741876797e-01,2.341711722345486635e+01,2.206307466956240054e-02,0.000000000000000000e+00,4.300000000000000000e+01,4.306507820851531676e+01,6.000000000000000000e+01
2.825000000000000000e+03,0.000000000000000000e+00,2.316675376753707027e+01,-2.706655870947007880e-01,2.341547183994669012e+01,2.194751468508226652e-02,0.000000000000000000e+00,4.300000000000000000e+01,4.306472078871765063e+01,6.000000000000000000e+01
2.826000000000000000e+03,0.000000000000000000e+00,2.316648895913962747e+01,-2.691790489495733962e-01,2.341383549314456403e+01,2.183251494463859729e-02,0.000000000000000000e+00,4.300000000000000000e+01,4.306436525323345421e+01,6.000000000000000000e+01
2.827000000000000000e+03,0.000000000000000000e+00,2.316622586073000534e+01,-2.677003478181436136e-01,2.341220813540706658e+01,2.171807314108158832e-02,0.000000000000000000e+00,4.300000000000000000e+01,4.306401159281611513e+01,6.000000000000000000e+01
2.828000000000000000e+03,0.000000000000000000e+00,2.316596446105641505e+01,-2.662294452429949665e-01,2.341058971932656263e+01,2.160418697284849018e-02,0.000000000000000000e+00,4.300000000000000000e+01,4.306365979825818613e+01,6.000000000000000000e+01
2.829000000000000000e+03,0.000000000000000000e+00,2.316570474894251674e+01,-2.647663029296019599e-01,2.340898019772820504e+01,2.149085414391214977e-02,0.000000000000000000e+00,4.300000000000000000e+01,4.306330986039129982e+01,6.000000000000000000e+01
2.830000000000000000e+03,0.000000000000000000e+00,2.316544671328671257e+01,-2.633108827459754164e-01,2.340737952366895769e+01,2.137807236373309022e-02,0.000000000000000000e+00,4.300000000000000000e+01,4.306296177008601234e+01,6.000000000000000000e+01
2.831000000000000000e+03,0.000000000000000000e+00,2.316519034306208269e+01,-2.618631467220122189e-01,2.340578765043660425e+01,2.126583934749018065e-02,0.000000000000000000e+00,4.300000000000000000e+01,4.306261551825174649e+01,6.000000000000000000e+01
2.832000000000000000e+03,0.000000000000000000e+00,2.316493562731541900e+01,-2.604230570492591101e-01,2.340420453154876768e+01,2.115415281591008848e-02,0.000000000000000000e+00,4.300000000000000000e+01,4.306227109583666390e+01,6.000000000000000000e+01
2.833000000000000000e+03,0.000000000000000000e+00,2.316468255516693020e+01,-2.589905760803805079e-01,2.340263012075192606e+01,2.104301049538372104e-02,0.000000000000000000e+00,4.300000000000000000e+01,4.306192849382753707e+01,6.000000000000000000e+01
2.834000000000000000e+03,0.000000000000000000e+00,2.316443111580989367e+01,-2.575656663286267634e-01,2.340106437202044631e+01,2.093241011807469090e-02,0.000000000000000000e+00,4.300000000000000000e+01,4.306158770324968543e+01,6.000000000000000000e+01
2.835000000000000000e+03,0.000000000000000000e+00,2.316418129850980279e+01,-2.561482904675680961e-01,2.339950723955559653e+01,2.082234942177259990e-02,0.000000000000000000e+00,4.300000000000000000e+01,4.306124871516684038e+01,6.000000000000000000e+01
2.836000000000000000e+03,0.000000000000000000e+00,2.316393309260408984e+01,-2.547384113305329878e-01,2.339795867778459026e+01,2.071282615003164004e-02,0.000000000000000000e+00,4.300000000000000000e+01,4.306091152068102446e+01,6.000000000000000000e+01
2.837000000000000000e+03,0.000000000000000000e+00,2.316368648750174586e+01,-2.533359919101062507e-01,2.339641864135960603e+01,2.060383805224470788e-02,0.000000000000000000e+00,4.300000000000000000e+01,4.306057611093247317e+01,6.000000000000000000e+01
2.838000000000000000e+03,0.000000000000000000e+00,2.316344147268256748e+01,-2.519409953578032879e-01,2.339488708515682447e+01,2.049538288354720711e-02,0.000000000000000000e+00,4.300000000000000000e+01,4.306024247709951425e+01,6.000000000000000000e+01
2.839000000000000000e+03,0.000000000000000000e+00,2.316319803769679098e+01,-2.505533849835682725e-01,2.339336396427546561e+01,2.038745840489265132e-02,0.000000000000000000e+00,4.300000000000000000e+01,4.305991061039843970e+01,6.000000000000000000e+01
2.840000000000000000e+03,0.000000000000000000e+00,2.316295617216474056e+01,-2.491731242552419345e-01,2.339184923403683314e+01,2.028006238315062382e-02,0.000000000000000000e+00,4.300000000000000000e+01,4.305958050208343479e+01,6.000000000000000000e+01
2.841000000000000000e+03,0.000000000000000000e+00,2.316271586577606101e+01,-2.478001767982661308e-01,2.339034284998334812e+01,2.017319259097778358e-02,0.000000000000000000e+00,4.300000000000000000e+01,4.305925214344641461e+01,6.000000000000000000e+01
2.842000000000000000e+03,0.000000000000000000e+00,2.316247710828965367e+01,-2.464345063950040826e-01,2.338884476787760391e+01,2.006684680705560220e-02,0.000000000000000000e+00,4.300000000000000000e+01,4.305892552581697430e+01,6.000000000000000000e+01
2.843000000000000000e+03,0.000000000000000000e+00,2.316223988953274215e+01,-2.450760769845335418e-01,2.338735494370140700e+01,1.996102281587135499e-02,0.000000000000000000e+00,4.300000000000000000e+01,4.305860064056224701e+01,6.000000000000000000e+01
2.844000000000000000e+03,0.000000000000000000e+00,2.316200419940064492e+01,-2.437248526620558187e-01,2.338587333365482834e+01,1.985571840787197367e-02,0.000000000000000000e+00,4.300000000000000000e+01,4.305827747908676173e+01,6.000000000000000000e+01
2.845000000000000000e+03,0.000000000000000000e+00,2.316177002785656924e+01,-2.423807976783045881e-01,2.338439989415526554e+01,1.975093137960740042e-02,0.000000000000000000e+00,4.300000000000000000e+01,4.305795603283240780e+01,6.000000000000000000e+01
2.846000000000000000e+03,0.000000000000000000e+00,2.316153736493053472e+01,-2.410438764393983135e-01,2.338293458183648355e+01,1.964665953345115859e-02,0.000000000000000000e+00,4.300000000000000000e+01,4.305763629327826436e+01,6.000000000000000000e+01
2.847000000000000000e+03,0.000000000000000000e+00,2.316130620071942303e+01,-2.397140535061308142e-01,2.338147735354769097e+01,1.954290067786313562e-02,0.000000000000000000e+00,4.300000000000000000e+01,4.305731825194050089e+01,6.000000000000000000e+01
2.848000000000000000e+03,0.000000000000000000e+00,2.316107652538639528e+01,-2.383912935935577071e-01,2.338002816635259506e+01,1.943965262735906918e-02,0.000000000000000000e+00,4.300000000000000000e+01,4.305700190037228481e+01,6.000000000000000000e+01
2.849000000000000000e+03,0.000000000000000000e+00,2.316084832916029868e+01,-2.370755615706121033e-01,2.337858697752845671e+01,1.933691320245460935e-02,0.000000000000000000e+00,4.300000000000000000e+01,4.305668723016364652e+01,6.000000000000000000e+01
2.850000000000000000e+03,0.000000000000000000e+00,2.316062160233541434e+01,-2.357668224595431683e-01,2.337715374456517736e+01,1.923468022977837741e-02,0.000000000000000000e+00,4.300000000000000000e+01,4.305637423294137989e+01,6.000000000000000000e+01
2.851000000000000000e+03,0.000000000000000000e+00,2.316039633527089237e+01,-2.344650414355023693e-01,2.337572842516435401e+01,1.913295154203965495e-02,0.000000000000000000e+00,4.300000000000000000e+01,4.305606290036892858e+01,6.000000000000000000e+01
2.852000000000000000e+03,0.000000000000000000e+00,2.316017251839033975e+01,-2.331701838260707427e-01,2.337431097723835904e+01,1.903172497805332569e-02,0.000000000000000000e+00,4.300000000000000000e+01,4.305575322414627237e+01,6.000000000000000000e+01
2.853000000000000000e+03,0.000000000000000000e+00,2.315995014218139403e+01,-2.318822151107859109e-01,2.337290135890941656e+01,1.893099838276312424e-02,0.000000000000000000e+00,4.300000000000000000e+01,4.305544519600981346e+01,6.000000000000000000e+01
2.854000000000000000e+03,0.000000000000000000e+00,2.315972919719527567e+01,-2.306011009206693219e-01,2.337149952850868218e+01,1.883076960726330282e-02,0.000000000000000000e+00,4.300000000000000000e+01,4.305513880773227697e+01,6.000000000000000000e+01
2.855000000000000000e+03,0.000000000000000000e+00,2.315950967404627647e+01,-2.293268070378125245e-01,2.337010544457532291e+01,1.873103650876373205e-02,0.000000000000000000e+00,4.300000000000000000e+01,4.305483405112256179e+01,6.000000000000000000e+01
2.856000000000000000e+03,0.000000000000000000e+00,2.315929156341158901e+01,-2.280592993947566094e-01,2.336871906585559699e+01,1.863179695075013395e-02,0.000000000000000000e+00,4.300000000000000000e+01,4.305453091802567656e+01,6.000000000000000000e+01
2.857000000000000000e+03,0.000000000000000000e+00,2.315907485603053217e+01,-2.267985440742261438e-01,2.336734035130195508e+01,1.853304880280296635e-02,0.000000000000000000e+00,4.300000000000000000e+01,4.305422940032259760e+01,6.000000000000000000e+01
2.858000000000000000e+03,0.000000000000000000e+00,2.315885954270430958e+01,-2.255445073085382279e-01,2.336596926007211650e+01,1.843478994073153437e-02,0.000000000000000000e+00,4.300000000000000000e+01,4.305392948993014102e+01,6.000000000000000000e+01
2.859000000000000000e+03,0.000000000000000000e+00,2.315864561429574309e+01,-2.242971554790705035e-01,2.336460575152817043e+01,1.833701824664389288e-02,0.000000000000000000e+00,4.300000000000000000e+01,4.305363117880089874e+01,6.000000000000000000e+01
2.860000000000000000e+03,0.000000000000000000e+00,2.315843306172844507e+01,-2.230564551159951725e-01,2.336324978523567353e+01,1.823973160876415922e-02,0.000000000000000000e+00,4.300000000000000000e+01,4.305333445892307509e+01,6.000000000000000000e+01
2.861000000000000000e+03,0.000000000000000000e+00,2.315822187598678994e+01,-2.218223728975994014e-01,2.336190132096274041e+01,1.814292792164776472e-02,0.000000000000000000e+00,4.300000000000000000e+01,4.305303932232038733e+01,6.000000000000000000e+01
2.862000000000000000e+03,0.000000000000000000e+00,2.315801204811541680e+01,-2.205948756498714025e-01,2.336056031867915550e+01,1.804660508613423198e-02,0.000000000000000000e+00,4.300000000000000000e+01,4.305274576105198747e+01,6.000000000000000000e+01
2.863000000000000000e+03,0.000000000000000000e+00,2.315780356921851535e+01,-2.193739303461756107e-01,2.335922673855547060e+01,1.795076100922054357e-02,0.000000000000000000e+00,4.300000000000000000e+01,4.305245376721227757e+01,6.000000000000000000e+01
2.864000000000000000e+03,0.000000000000000000e+00,2.315759643045998928e+01,-2.181595041064841034e-01,2.335790054096211676e+01,1.785539360435617340e-02,0.000000000000000000e+00,4.300000000000000000e+01,4.305216333293087416e+01,6.000000000000000000e+01
2.865000000000000000e+03,0.000000000000000000e+00,2.315739062306242957e+01,-2.169515641972289133e-01,2.335658168646851607e+01,1.776050079113977373e-02,0.000000000000000000e+00,4.300000000000000000e+01,4.305187445037243776e+01,6.000000000000000000e+01
2.866000000000000000e+03,0.000000000000000000e+00,2.315718613830715711e+01,-2.157500780305929011e-01,2.335527013584218992e+01,1.766608049555969812e-02,0.000000000000000000e+00,4.300000000000000000e+01,4.305158711173656627e+01,6.000000000000000000e+01
2.867000000000000000e+03,0.000000000000000000e+00,2.315698296753378216e+01,-2.145550131640663050e-01,2.335396585004787795e+01,1.757213064997031199e-02,0.000000000000000000e+00,4.300000000000000000e+01,4.305130130925773102e+01,6.000000000000000000e+01
2.868000000000000000e+03,0.000000000000000000e+00,2.315678110213938723e+01,-2.133663373001808139e-01,2.335266879024666054e+01,1.747864919290470498e-02,0.000000000000000000e+00,4.300000000000000000e+01,4.305101703520507783e+01,6.000000000000000000e+01
2.869000000000000000e+03,0.000000000000000000e+00,2.315658053357881485e+01,-2.121840182856822021e-01,2.335137891779507413e+01,1.738563406942333217e-02,0.000000000000000000e+00,4.300000000000000000e+01,4.305073428188239859e+01,6.000000000000000000e+01
2.870000000000000000e+03,0.000000000000000000e+00,2.315638125336361242e+01,-2.110080241114119792e-01,2.335009619424424443e+01,1.729308323077804327e-02,0.000000000000000000e+00,4.300000000000000000e+01,4.305045304162794650e+01,6.000000000000000000e+01
2.871000000000000000e+03,0.000000000000000000e+00,2.315618325306217429e+01,-2.098383229115391990e-01,2.334882058133900884e+01,1.720099463470480677e-02,0.000000000000000000e+00,4.300000000000000000e+01,4.305017330681436505e+01,6.000000000000000000e+01
2.872000000000000000e+03,0.000000000000000000e+00,2.315598652429903126e+01,-2.086748829632648072e-01,2.334755204101704251e+01,1.710936624525587549e-02,0.000000000000000000e+00,4.300000000000000000e+01,4.304989506984856718e+01,6.000000000000000000e+01
2.873000000000000000e+03,0.000000000000000000e+00,2.315579105875452370e+01,-2.075176726863192656e-01,2.334629053540800570e+01,1.701819603283618101e-02,0.000000000000000000e+00,4.300000000000000000e+01,4.304961832317160031e+01,6.000000000000000000e+01
2.874000000000000000e+03,0.000000000000000000e+00,2.315559684816456354e+01,-2.063666606424011396e-01,2.334503602683267331e+01,1.692748197429227650e-02,0.000000000000000000e+00,4.300000000000000000e+01,4.304934305925856108e+01,6.000000000000000000e+01
2.875000000000000000e+03,0.000000000000000000e+00,2.315540388432004804e+01,-2.052218155348224382e-01,2.334378847780206812e+01,1.683722205280251474e-02,0.000000000000000000e+00,4.300000000000000000e+01,4.304906927061844613e+01,6.000000000000000000e+01
2.876000000000000000e+03,0.000000000000000000e+00,2.315521215906674612e+01,-2.040831062078879987e-01,2.334254785101661156e+01,1.674741425802247705e-02,0.000000000000000000e+00,4.300000000000000000e+01,4.304879694979408100e+01,6.000000000000000000e+01
2.877000000000000000e+03,0.000000000000000000e+00,2.315502166430458075e+01,-2.029505016466000011e-01,2.334131410936526407e+01,1.665805658591763133e-02,0.000000000000000000e+00,4.300000000000000000e+01,4.304852608936195679e+01,6.000000000000000000e+01
2.878000000000000000e+03,0.000000000000000000e+00,2.315483239198766441e+01,-2.018239709759782341e-01,2.334008721592467950e+01,1.656914703896535807e-02,0.000000000000000000e+00,4.300000000000000000e+01,4.304825668193215904e+01,6.000000000000000000e+01
2.879000000000000000e+03,0.000000000000000000e+00,2.315464433412357437e+01,-2.007034834607645812e-01,2.333886713395835244e+01,1.648068362598521797e-02,0.000000000000000000e+00,4.300000000000000000e+01,4.304798872014822564e+01,6.000000000000000000e+01
2.880000000000000000e+03,0.000000000000000000e+00,2.315445748277319282e+01,-1.995890085048320217e-01,2.333765382691576917e+01,1.639266436225617421e-02,0.000000000000000000e+00,4.300000000000000000e+01,4.304772219668704025e+01,6.000000000000000000e+01
2.881000000000000000e+03,0.000000000000000000e+00,2.315427183005031608e+01,-1.984805156507413182e-01,2.333644725843156920e+01,1.630508726948811868e-02,0.000000000000000000e+00,4.300000000000000000e+01,4.304745710425871863e+01,6.000000000000000000e+01
2.882000000000000000e+03,0.000000000000000000e+00,2.315408736812125667e+01,-1.973779745792681450e-01,2.333524739232470324e+01,1.621795037582288851e-02,0.000000000000000000e+00,4.300000000000000000e+01,4.304719343560649492e+01,6.000000000000000000e+01
2.883000000000000000e+03,0.000000000000000000e+00,2.315390408920450227e+01,-1.962813551089303277e-01,2.333405419259759839e+01,1.613125171583521325e-02,0.000000000000000000e+00,4.300000000000000000e+01,4.304693118350660797e+01,6.000000000000000000e+01
2.884000000000000000e+03,0.000000000000000000e+00,2.315372198557033556e+01,-1.951906271955149985e-01,2.333286762343531606e+01,1.604498933053359264e-02,0.000000000000000000e+00,4.300000000000000000e+01,4.304667034076818055e+01,6.000000000000000000e+01
2.885000000000000000e+03,0.000000000000000000e+00,2.315354104954053938e+01,-1.941057609315761379e-01,2.333168764920472782e+01,1.595916126738864196e-02,0.000000000000000000e+00,4.300000000000000000e+01,4.304641090023311278e+01,6.000000000000000000e+01
2.886000000000000000e+03,0.000000000000000000e+00,2.315336127348800233e+01,-1.930267265459914006e-01,2.333051423445368755e+01,1.587376558030445181e-02,0.000000000000000000e+00,4.300000000000000000e+01,4.304615285477596132e+01,6.000000000000000000e+01
2.887000000000000000e+03,0.000000000000000000e+00,2.315318264983638841e+01,-1.919534944034596291e-01,2.332934734391020015e+01,1.578880032964695423e-02,0.000000000000000000e+00,4.300000000000000000e+01,4.304589619730382566e+01,6.000000000000000000e+01
2.888000000000000000e+03,0.000000000000000000e+00,2.315300517105982081e+01,-1.908860350040281206e-01,2.332818694248160440e+01,1.570426358224282642e-02,0.000000000000000000e+00,4.300000000000000000e+01,4.304564092075624160e+01,6.000000000000000000e+01
2.889000000000000000e+03,0.000000000000000000e+00,2.315282882968244849e+01,-1.898243189826492316e-01,2.332703299525374518e+01,1.562015341135093542e-02,0.000000000000000000e+00,4.300000000000000000e+01,4.304538701810505330e+01,6.000000000000000000e+01
2.890000000000000000e+03,0.000000000000000000e+00,2.315265361827823654e+01,-1.887683171086485256e-01,2.332588546749016700e+01,1.553646789671832285e-02,0.000000000000000000e+00,4.300000000000000000e+01,4.304513448235431383e+01,6.000000000000000000e+01
2.891000000000000000e+03,0.000000000000000000e+00,2.315247952947050081e+01,-1.877180002853111040e-01,2.332474432463128977e+01,1.545320512452225126e-02,0.000000000000000000e+00,4.300000000000000000e+01,4.304488330654015726e+01,6.000000000000000000e+01
2.892000000000000000e+03,0.000000000000000000e+00,2.315230655593167697e+01,-1.866733395493494485e-01,2.332360953229360234e+01,1.537036318742632419e-02,0.000000000000000000e+00,4.300000000000000000e+01,4.304463348373069209e+01,6.000000000000000000e+01
2.893000000000000000e+03,0.000000000000000000e+00,2.315213469038294747e+01,-1.856343060704603587e-01,2.332248105626885959e+01,1.528794018455018229e-02,0.000000000000000000e+00,4.300000000000000000e+01,4.304438500702588755e+01,6.000000000000000000e+01
2.894000000000000000e+03,0.000000000000000000e+00,2.315196392559387917e+01,-1.846008711508520528e-01,2.332135886252326173e+01,1.520593422146880418e-02,0.000000000000000000e+00,4.300000000000000000e+01,4.304413786955745280e+01,6.000000000000000000e+01
2.895000000000000000e+03,0.000000000000000000e+00,2.315179425438216754e+01,-1.835730062247417360e-01,2.332024291719666920e+01,1.512434341023937909e-02,0.000000000000000000e+00,4.300000000000000000e+01,4.304389206448874461e+01,6.000000000000000000e+01
2.896000000000000000e+03,0.000000000000000000e+00,2.315162566961313217e+01,-1.825506828579714635e-01,2.331913318660178902e+01,1.504316586931622214e-02,0.000000000000000000e+00,4.300000000000000000e+01,4.304364758501460386e+01,6.000000000000000000e+01
2.897000000000000000e+03,0.000000000000000000e+00,2.315145816419980562e+01,-1.815338727473284341e-01,2.331802963722338617e+01,1.496239972374682238e-02,0.000000000000000000e+00,4.300000000000000000e+01,4.304340442436131298e+01,6.000000000000000000e+01
2.898000000000000000e+03,0.000000000000000000e+00,2.315129173110200611e+01,-1.805225477203677154e-01,2.331693223571748774e+01,1.488204310488644780e-02,0.000000000000000000e+00,4.300000000000000000e+01,4.304316257578641824e+01,6.000000000000000000e+01
2.899000000000000000e+03,0.000000000000000000e+00,2.315112636332657559e+01,-1.795166797346733345e-01,2.331584094891059067e+01,1.480209415065536493e-02,0.000000000000000000e+00,4.300000000000000000e+01,4.304292203257865168e+01,6.000000000000000000e+01
2.900000000000000000e+03,0.000000000000000000e+00,2.315096205392672957e+01,-1.785162408775333998e-01,2.331475574379887306e+01,1.472255100539302843e-02,0.000000000000000000e+00,4.300000000000000000e+01,4.304268278805780312e+01,6.000000000000000000e+01
2.901000000000000000e+03,0.000000000000000000e+00,2.315079879600191859e+01,-1.775212033654078869e-01,2.331367658754741257e+01,1.464341181991495738e-02,0.000000000000000000e+00,4.300000000000000000e+01,4.304244483557461365e+01,6.000000000000000000e+01
2.902000000000000000e+03,0.000000000000000000e+00,2.315063658269739477e+01,-1.765315395434856327e-01,2.331260344748939772e+01,1.456467475148313928e-02,0.000000000000000000e+00,4.300000000000000000e+01,4.304220816851065479e+01,6.000000000000000000e+01
2.903000000000000000e+03,0.000000000000000000e+00,2.315047540720400576e+01,-1.755472218851818200e-01,2.331153629112535342e+01,1.448633796383351144e-02,0.000000000000000000e+00,4.300000000000000000e+01,4.304197278027822904e+01,6.000000000000000000e+01
2.904000000000000000e+03,0.000000000000000000e+00,2.315031526275775775e+01,-1.745682229917241979e-01,2.331047508612236285e+01,1.440839962711896668e-02,0.000000000000000000e+00,4.300000000000000000e+01,4.304173866432024909e+01,6.000000000000000000e+01
2.905000000000000000e+03,0.000000000000000000e+00,2.315015614263958454e+01,-1.735945155916508442e-01,2.330941980031329663e+01,1.433085791793885580e-02,0.000000000000000000e+00,4.300000000000000000e+01,4.304150581411010990e+01,6.000000000000000000e+01
2.906000000000000000e+03,0.000000000000000000e+00,2.314999804017514506e+01,-1.726260725402780360e-01,2.330837040169603114e+01,1.425371101939400947e-02,0.000000000000000000e+00,4.300000000000000000e+01,4.304127422315160345e+01,6.000000000000000000e+01
2.907000000000000000e+03,0.000000000000000000e+00,2.314984094873431886e+01,-1.716628668193458385e-01,2.330732685843269181e+01,1.417695712097279126e-02,0.000000000000000000e+00,4.300000000000000000e+01,4.304104388497879086e+01,6.000000000000000000e+01
2.908000000000000000e+03,0.000000000000000000e+00,2.314968486173100715e+01,-1.707048715364860303e-01,2.330628913884888220e+01,1.410059441861015277e-02,0.000000000000000000e+00,4.300000000000000000e+01,4.304081479315588155e+01,6.000000000000000000e+01
2.909000000000000000e+03,0.000000000000000000e+00,2.314952977262292322e+01,-1.697520599247197004e-01,2.330525721143292728e+01,1.402462111471510127e-02,0.000000000000000000e+00,4.300000000000000000e+01,4.304058694127714091e+01,6.000000000000000000e+01
2.910000000000000000e+03,0.000000000000000000e+00,2.314937567491111636e+01,-1.688044053420731938e-01,2.330423104483510244e+01,1.394903541808617184e-02,0.000000000000000000e+00,4.300000000000000000e+01,4.304036032296675529e+01,6.000000000000000000e+01
2.911000000000000000e+03,0.000000000000000000e+00,2.314922256213987239e+01,-1.678618812710165054e-01,2.330321060786689102e+01,1.387383554399786688e-02,0.000000000000000000e+00,4.300000000000000000e+01,4.304013493187874673e+01,6.000000000000000000e+01
2.912000000000000000e+03,0.000000000000000000e+00,2.314907042789619851e+01,-1.669244613181087022e-01,2.330219586950021693e+01,1.379901971408846115e-02,0.000000000000000000e+00,4.300000000000000000e+01,4.303991076169683083e+01,6.000000000000000000e+01
2.913000000000000000e+03,0.000000000000000000e+00,2.314891926580977000e+01,-1.659921192134069245e-01,2.330118679886670208e+01,1.372458615647574078e-02,0.000000000000000000e+00,4.300000000000000000e+01,4.303968780613434575e+01,6.000000000000000000e+01
2.914000000000000000e+03,0.000000000000000000e+00,2.314876906955233338e+01,-1.650648288101707883e-01,2.330018336525691325e+01,1.365053310558949316e-02,0.000000000000000000e+00,4.300000000000000000e+01,4.303946605893408162e+01,6.000000000000000000e+01
2.915000000000000000e+03,0.000000000000000000e+00,2.314861983283787339e+01,-1.641425640841531475e-01,2.329918553811962312e+01,1.357685880240091722e-02,0.000000000000000000e+00,4.300000000000000000e+01,4.303924551386821662e+01,6.000000000000000000e+01
2.916000000000000000e+03,0.000000000000000000e+00,2.314847154942194862e+01,-1.632252991333341674e-01,2.329819328706106063e+01,1.350356149422334701e-02,0.000000000000000000e+00,4.300000000000000000e+01,4.303902616473819620e+01,6.000000000000000000e+01
2.917000000000000000e+03,0.000000000000000000e+00,2.314832421310150323e+01,-1.623130081774189493e-01,2.329720658184417559e+01,1.343063943474688028e-02,0.000000000000000000e+00,4.300000000000000000e+01,4.303880800537461937e+01,6.000000000000000000e+01
2.918000000000000000e+03,0.000000000000000000e+00,2.314817781771457916e+01,-1.614056655573646304e-01,2.329622539238789969e+01,1.335809088404308481e-02,0.000000000000000000e+00,4.300000000000000000e+01,4.303859102963710370e+01,6.000000000000000000e+01
2.919000000000000000e+03,0.000000000000000000e+00,2.314803235714024510e+01,-1.605032457348189168e-01,2.329524968876641111e+01,1.328591410865198955e-02,0.000000000000000000e+00,4.300000000000000000e+01,4.303837523141420718e+01,6.000000000000000000e+01
2.920000000000000000e+03,0.000000000000000000e+00,2.314788782529805644e+01,-1.596057232917950930e-01,2.329427944120840621e+01,1.321410738144287653e-02,0.000000000000000000e+00,4.300000000000000000e+01,4.303816060462332160e+01,6.000000000000000000e+01
2.921000000000000000e+03,0.000000000000000000e+00,2.314774421614773203e+01,-1.587130729302286269e-01,2.329331462009636766e+01,1.314266898159470627e-02,0.000000000000000000e+00,4.300000000000000000e+01,4.303794714321051629e+01,6.000000000000000000e+01
2.922000000000000000e+03,0.000000000000000000e+00,2.314760152368928559e+01,-1.578252694713270787e-01,2.329235519596584325e+01,1.307159719477061707e-02,0.000000000000000000e+00,4.300000000000000000e+01,4.303773484115048120e+01,6.000000000000000000e+01
2.923000000000000000e+03,0.000000000000000000e+00,2.314745974196227962e+01,-1.569422878553336509e-01,2.329140113950471758e+01,1.300089031289503212e-02,0.000000000000000000e+00,4.300000000000000000e+01,4.303752369244637066e+01,6.000000000000000000e+01
2.924000000000000000e+03,0.000000000000000000e+00,2.314731886504594982e+01,-1.560641031408771529e-01,2.329045242155249440e+01,1.293054663433146866e-02,0.000000000000000000e+00,4.300000000000000000e+01,4.303731369112973937e+01,6.000000000000000000e+01
2.925000000000000000e+03,0.000000000000000000e+00,2.314717888705856197e+01,-1.551906905047058249e-01,2.328950901309957899e+01,1.286056446369026815e-02,0.000000000000000000e+00,4.300000000000000000e+01,4.303710483126038611e+01,6.000000000000000000e+01
2.926000000000000000e+03,0.000000000000000000e+00,2.314703980215753631e+01,-1.543220252410374693e-01,2.328857088528656405e+01,1.279094211200737692e-02,0.000000000000000000e+00,4.300000000000000000e+01,4.303689710692627557e+01,6.000000000000000000e+01
2.927000000000000000e+03,0.000000000000000000e+00,2.314690160453888979e+01,-1.534580827612340714e-01,2.328763800940351558e+01,1.272167789660807145e-02,0.000000000000000000e+00,4.300000000000000000e+01,4.303669051224342468e+01,6.000000000000000000e+01
2.928000000000000000e+03,0.000000000000000000e+00,2.314676428843705480e+01,-1.525988385933292613e-01,2.328671035688926949e+01,1.265277014111764430e-02,0.000000000000000000e+00,4.300000000000000000e+01,4.303648504135576758e+01,6.000000000000000000e+01
2.929000000000000000e+03,0.000000000000000000e+00,2.314662784812480822e+01,-1.517442683814665683e-01,2.328578789933072102e+01,1.258421717555396196e-02,0.000000000000000000e+00,4.300000000000000000e+01,4.303628068843509880e+01,6.000000000000000000e+01
2.930000000000000000e+03,0.000000000000000000e+00,2.314649227791256081e+01,-1.508943478856631937e-01,2.328487060846211421e+01,1.251601733611084483e-02,0.000000000000000000e+00,4.300000000000000000e+01,4.303607744768089560e+01,6.000000000000000000e+01
2.931000000000000000e+03,0.000000000000000000e+00,2.314635757214870893e+01,-1.500490529810711293e-01,2.328395845616435622e+01,1.244816896542429163e-02,0.000000000000000000e+00,4.300000000000000000e+01,4.303587531332026117e+01,6.000000000000000000e+01
2.932000000000000000e+03,0.000000000000000000e+00,2.314622372521892046e+01,-1.492083596577407356e-01,2.328305141446431037e+01,1.238067041235246975e-02,0.000000000000000000e+00,4.300000000000000000e+01,4.303567427960781799e+01,6.000000000000000000e+01
2.933000000000000000e+03,0.000000000000000000e+00,2.314609073154588259e+01,-1.483722440201774573e-01,2.328214945553409621e+01,1.231352003196346280e-02,0.000000000000000000e+00,4.300000000000000000e+01,4.303547434082555156e+01,6.000000000000000000e+01
2.934000000000000000e+03,0.000000000000000000e+00,2.314595858558943320e+01,-1.475406822866917322e-01,2.328125255169040742e+01,1.224671618571658224e-02,0.000000000000000000e+00,4.300000000000000000e+01,4.303527549128274643e+01,6.000000000000000000e+01
2.935000000000000000e+03,0.000000000000000000e+00,2.314582728184595339e+01,-1.467136507891329544e-01,2.328036067539381548e+01,1.218025724127336576e-02,0.000000000000000000e+00,4.300000000000000000e+01,4.303507772531586539e+01,6.000000000000000000e+01
2.936000000000000000e+03,0.000000000000000000e+00,2.314569681484824315e+01,-1.458911259723871534e-01,2.327947379924808757e+01,1.211414157254175721e-02,0.000000000000000000e+00,4.300000000000000000e+01,4.303488103728843583e+01,6.000000000000000000e+01
2.937000000000000000e+03,0.000000000000000000e+00,2.314556717916527973e+01,-1.450730843939040671e-01,2.327859189599949374e+01,1.204836755968972939e-02,0.000000000000000000e+00,4.300000000000000000e+01,4.303468542159095023e+01,6.000000000000000000e+01
2.938000000000000000e+03,0.000000000000000000e+00,2.314543836940195121e+01,-1.442595027232835558e-01,2.327771493853613194e+01,1.198293358910291172e-02,0.000000000000000000e+00,4.300000000000000000e+01,4.303449087264074535e+01,6.000000000000000000e+01
2.939000000000000000e+03,0.000000000000000000e+00,2.314531038019890019e+01,-1.434503577417730880e-01,2.327684289988724586e+01,1.191783805342771368e-02,0.000000000000000000e+00,4.300000000000000000e+01,4.303429738488192413e+01,6.000000000000000000e+01
2.940000000000000000e+03,0.000000000000000000e+00,2.314518320623205838e+01,-1.426456263419427217e-01,2.327597575322255352e+01,1.185307935144630162e-02,0.000000000000000000e+00,4.300000000000000000e+01,4.303410495278521353e+01,6.000000000000000000e+01
2.941000000000000000e+03,0.000000000000000000e+00,2.314505684221268211e+01,-1.418452855270940505e-01,2.327511347185156865e+01,1.178865588820791899e-02,0.000000000000000000e+00,4.300000000000000000e+01,4.303391357084786506e+01,6.000000000000000000e+01
2.942000000000000000e+03,0.000000000000000000e+00,2.314493128288707169e+01,-1.410493124108465335e-01,2.327425602922293280e+01,1.172456607498603004e-02,0.000000000000000000e+00,4.300000000000000000e+01,4.303372323359358376e+01,6.000000000000000000e+01
2.943000000000000000e+03,0.000000000000000000e+00,2.314480652303603136e+01,-1.402576842168418159e-01,2.327340339892374388e+01,1.166080832912826624e-02,0.000000000000000000e+00,4.300000000000000000e+01,4.303353393557237183e+01,6.000000000000000000e+01
2.944000000000000000e+03,0.000000000000000000e+00,2.314468255747504344e+01,-1.394703782780937762e-01,2.327255555467889181e+01,1.159738107424701861e-02,0.000000000000000000e+00,4.300000000000000000e+01,4.303334567136045763e+01,6.000000000000000000e+01
2.945000000000000000e+03,0.000000000000000000e+00,2.314455938105377442e+01,-1.386873720366929297e-01,2.327171247035040125e+01,1.153428274006661029e-02,0.000000000000000000e+00,4.300000000000000000e+01,4.303315843556016773e+01,6.000000000000000000e+01
2.946000000000000000e+03,0.000000000000000000e+00,2.314443698865598975e+01,-1.379086430432744648e-01,2.327087411993676369e+01,1.147151176250118046e-02,0.000000000000000000e+00,4.300000000000000000e+01,4.303297222279984169e+01,6.000000000000000000e+01
2.947000000000000000e+03,0.000000000000000000e+00,2.314431537519918081e+01,-1.371341689566635547e-01,2.327004047757228378e+01,1.140906658356203966e-02,0.000000000000000000e+00,4.300000000000000000e+01,4.303278702773371833e+01,6.000000000000000000e+01
2.948000000000000000e+03,0.000000000000000000e+00,2.314419453563440499e+01,-1.363639275434027354e-01,2.326921151752642558e+01,1.134694565138149799e-02,0.000000000000000000e+00,4.300000000000000000e+01,4.303260284504180788e+01,6.000000000000000000e+01
2.949000000000000000e+03,0.000000000000000000e+00,2.314407446494622889e+01,-1.355978966772197480e-01,2.326838721420315892e+01,1.128514742029012620e-02,0.000000000000000000e+00,4.300000000000000000e+01,4.303241966942983510e+01,6.000000000000000000e+01
2.950000000000000000e+03,0.000000000000000000e+00,2.314395515815213145e+01,-1.348360543387912835e-01,2.326756754214030920e+01,1.122367035061340793e-02,0.000000000000000000e+00,4.300000000000000000e+01,4.303223749562909006e+01,6.000000000000000000e+01
2.951000000000000000e+03,0.000000000000000000e+00,2.314383661030262829e+01,-1.340783786151222290e-01,2.326675247600891083e+01,1.116251290884021606e-02,0.000000000000000000e+00,4.300000000000000000e+01,4.303205631839633583e+01,6.000000000000000000e+01
2.952000000000000000e+03,0.000000000000000000e+00,2.314371881648096263e+01,-1.333248476991616693e-01,2.326594199061256418e+01,1.110167356755950921e-02,0.000000000000000000e+00,4.300000000000000000e+01,4.303187613251373023e+01,6.000000000000000000e+01
2.953000000000000000e+03,0.000000000000000000e+00,2.314360177180266120e+01,-1.325754398894776753e-01,2.326513606088679254e+01,1.104115080534629964e-02,0.000000000000000000e+00,4.300000000000000000e+01,4.303169693278868380e+01,6.000000000000000000e+01
2.954000000000000000e+03,0.000000000000000000e+00,2.314348547141564438e+01,-1.318301335896663595e-01,2.326433466189840615e+01,1.098094310690319458e-02,0.000000000000000000e+00,4.300000000000000000e+01,4.303151871405377449e+01,6.000000000000000000e+01
2.955000000000000000e+03,0.000000000000000000e+00,2.314336991049983538e+01,-1.310889073079971323e-01,2.326353776884486280e+01,1.092104896297201901e-02,0.000000000000000000e+00,4.300000000000000000e+01,4.303134147116665531e+01,6.000000000000000000e+01
2.956000000000000000e+03,0.000000000000000000e+00,2.314325508426688316e+01,-1.303517396570286757e-01,2.326274535705363533e+01,1.086146687027899314e-02,0.000000000000000000e+00,4.300000000000000000e+01,4.303116519900991932e+01,6.000000000000000000e+01
2.957000000000000000e+03,0.000000000000000000e+00,2.314314098796018015e+01,-1.296186093530473094e-01,2.326195740198157935e+01,1.080219533164886690e-02,0.000000000000000000e+00,4.300000000000000000e+01,4.303098989249103568e+01,6.000000000000000000e+01
2.958000000000000000e+03,0.000000000000000000e+00,2.314302761685434717e+01,-1.288894952158011753e-01,2.326117387921431146e+01,1.074323285583592136e-02,0.000000000000000000e+00,4.300000000000000000e+01,4.303081554654221463e+01,6.000000000000000000e+01
2.959000000000000000e+03,0.000000000000000000e+00,2.314291496625527245e+01,-1.281643761679385762e-01,2.326039476446556975e+01,1.068457795764184669e-02,0.000000000000000000e+00,4.300000000000000000e+01,4.303064215612031518e+01,6.000000000000000000e+01
2.960000000000000000e+03,0.000000000000000000e+00,2.314280303149984164e+01,-1.274432312346239493e-01,2.325962003357660635e+01,1.062622915786036806e-02,0.000000000000000000e+00,4.300000000000000000e+01,4.303046971620675976e+01,6.000000000000000000e+01
2.961000000000000000e+03,0.000000000000000000e+00,2.314269180795557190e+01,-1.267260395431831221e-01,2.325884966251555497e+01,1.056818498319812664e-02,0.000000000000000000e+00,4.300000000000000000e+01,4.303029822180739927e+01,6.000000000000000000e+01
2.962000000000000000e+03,0.000000000000000000e+00,2.314258129102066519e+01,-1.260127803225419563e-01,2.325808362737681634e+01,1.051044396639369376e-02,0.000000000000000000e+00,4.300000000000000000e+01,4.303012766795244204e+01,6.000000000000000000e+01
2.963000000000000000e+03,0.000000000000000000e+00,2.314247147612359612e+01,-1.253034329029306948e-01,2.325732190438044711e+01,1.045300464608065263e-02,0.000000000000000000e+00,4.300000000000000000e+01,4.302995804969634719e+01,6.000000000000000000e+01
2.964000000000000000e+03,0.000000000000000000e+00,2.314236235872289171e+01,-1.245979767154407336e-01,2.325656446987153814e+01,1.039586556679771186e-02,0.000000000000000000e+00,4.300000000000000000e+01,4.302978936211768968e+01,6.000000000000000000e+01
2.965000000000000000e+03,0.000000000000000000e+00,2.314225393430725930e+01,-1.238963912914631676e-01,2.325581130031961408e+01,1.033902527910825035e-02,0.000000000000000000e+00,4.300000000000000000e+01,4.302962160031910344e+01,6.000000000000000000e+01
2.966000000000000000e+03,0.000000000000000000e+00,2.314214619839497544e+01,-1.231986562624523274e-01,2.325506237231801876e+01,1.028248233940882994e-02,0.000000000000000000e+00,4.300000000000000000e+01,4.302945475942717479e+01,6.000000000000000000e+01
2.967000000000000000e+03,0.000000000000000000e+00,2.314203914653377225e+01,-1.225047513594825221e-01,2.325431766258331123e+01,1.022623530994353803e-02,0.000000000000000000e+00,4.300000000000000000e+01,4.302928883459230747e+01,6.000000000000000000e+01
2.968000000000000000e+03,0.000000000000000000e+00,2.314193277430090134e+01,-1.218146564126865311e-01,2.325357714795466180e+01,1.017028275892746178e-02,0.000000000000000000e+00,4.300000000000000000e+01,4.302912382098864441e+01,6.000000000000000000e+01
2.969000000000000000e+03,0.000000000000000000e+00,2.314182707730277144e+01,-1.211283513509305437e-01,2.325284080539325871e+01,1.011462326044147361e-02,0.000000000000000000e+00,4.300000000000000000e+01,4.302895971381400386e+01,6.000000000000000000e+01
2.970000000000000000e+03,0.000000000000000000e+00,2.314172205117442971e+01,-1.204458162015482059e-01,2.325210861198170065e+01,1.005925539427914364e-02,0.000000000000000000e+00,4.300000000000000000e+01,4.302879650828969460e+01,6.000000000000000000e+01
2.971000000000000000e+03,0.000000000000000000e+00,2.314161769158010529e+01,-1.197670310895722345e-01,2.325138054492340700e+01,1.000417774627216337e-02,0.000000000000000000e+00,4.300000000000000000e+01,4.302863419966050174e+01,6.000000000000000000e+01
2.972000000000000000e+03,0.000000000000000000e+00,2.314151399421228206e+01,-1.190919762376753399e-01,2.325065658154202453e+01,9.949388907932746329e-03,0.000000000000000000e+00,4.300000000000000000e+01,4.302847278319454460e+01,6.000000000000000000e+01
2.973000000000000000e+03,0.000000000000000000e+00,2.314141095479186916e+01,-1.184206319655791567e-01,2.324993669928083406e+01,9.894887476616064104e-03,0.000000000000000000e+00,4.300000000000000000e+01,4.302831225418317729e+01,6.000000000000000000e+01
2.974000000000000000e+03,0.000000000000000000e+00,2.314130856906804112e+01,-1.177529786896405611e-01,2.324922087570217499e+01,9.840672055506370294e-03,0.000000000000000000e+00,4.300000000000000000e+01,4.302815260794089625e+01,6.000000000000000000e+01
2.975000000000000000e+03,0.000000000000000000e+00,2.314120683281795010e+01,-1.170889969224674365e-01,2.324850908848684128e+01,9.786741253576553695e-03,0.000000000000000000e+00,4.300000000000000000e+01,4.302799383980526216e+01,6.000000000000000000e+01
2.976000000000000000e+03,0.000000000000000000e+00,2.314110574184641322e+01,-1.164286672725936417e-01,2.324780131543351303e+01,9.733093685495382633e-03,0.000000000000000000e+00,4.300000000000000000e+01,4.302783594513677201e+01,6.000000000000000000e+01
2.977000000000000000e+03,0.000000000000000000e+00,2.314100529198595524e+01,-1.157719704439470892e-01,2.324709753445817029e+01,9.679727971733819228e-03,0.000000000000000000e+00,4.300000000000000000e+01,4.302767891931876676e+01,6.000000000000000000e+01
2.978000000000000000e+03,0.000000000000000000e+00,2.314090547909658113e+01,-1.151188872354654974e-01,2.324639772359351753e+01,9.626642738526406187e-03,0.000000000000000000e+00,4.300000000000000000e+01,4.302752275775734603e+01,6.000000000000000000e+01
2.979000000000000000e+03,0.000000000000000000e+00,2.314080629906547415e+01,-1.144693985407418263e-01,2.324570186098840807e+01,9.573836617807760310e-03,0.000000000000000000e+00,4.300000000000000000e+01,4.302736745588126865e+01,6.000000000000000000e+01
2.980000000000000000e+03,0.000000000000000000e+00,2.314070774780686790e+01,-1.138234853476105674e-01,2.324500992490726858e+01,9.521308247208464665e-03,0.000000000000000000e+00,4.300000000000000000e+01,4.302721300914184610e+01,6.000000000000000000e+01
2.981000000000000000e+03,0.000000000000000000e+00,2.314060982126190424e+01,-1.131811287377043618e-01,2.324432189372953061e+01,9.469056270078783991e-03,0.000000000000000000e+00,4.300000000000000000e+01,4.302705941301285009e+01,6.000000000000000000e+01
2.982000000000000000e+03,0.000000000000000000e+00,2.314051251539845566e+01,-1.125423098860699467e-01,2.324363774594906928e+01,9.417079335455691078e-03,0.000000000000000000e+00,4.300000000000000000e+01,4.302690666299042732e+01,6.000000000000000000e+01
2.983000000000000000e+03,0.000000000000000000e+00,2.314041582621081261e+01,-1.119070100608134527e-01,2.324295746017362418e+01,9.365376098004600872e-03,0.000000000000000000e+00,4.300000000000000000e+01,4.302675475459297871e+01,6.000000000000000000e+01
2.984000000000000000e+03,0.000000000000000000e+00,2.314031974971975103e+01,-1.112752106225980420e-01,2.324228101512424516e+01,9.313945218102774246e-03,0.000000000000000000e+00,4.300000000000000000e+01,4.302660368336108831e+01,6.000000000000000000e+01
2.985000000000000000e+03,0.000000000000000000e+00,2.314022428197210957e+01,-1.106468930243483806e-01,2.324160838963473452e+01,9.262785361724276342e-03,0.000000000000000000e+00,4.300000000000000000e+01,4.302645344485742385e+01,6.000000000000000000e+01
2.986000000000000000e+03,0.000000000000000000e+00,2.314012941904069010e+01,-1.100220388108369279e-01,2.324093956265108218e+01,9.211895200442927339e-03,0.000000000000000000e+00,4.300000000000000000e+01,4.302630403466661591e+01,6.000000000000000000e+01
2.987000000000000000e+03,0.000000000000000000e+00,2.314003515702424707e+01,-1.094006296181815330e-01,2.324027451323091142e+01,9.161273411517656048e-03,0.000000000000000000e+00,4.300000000000000000e+01,4.302615544839520112e+01,6.000000000000000000e+01
2.988000000000000000e+03,0.000000000000000000e+00,2.313994149204703987e+01,-1.087826471736090123e-01,2.323961322054292467e+01,9.110918677724228268e-03,0.000000000000000000e+00,4.300000000000000000e+01,4.302600768167148715e+01,6.000000000000000000e+01
2.989000000000000000e+03,0.000000000000000000e+00,2.313984842025896782e+01,-1.081680732948936963e-01,2.323895566386635991e+01,9.060829687501320909e-03,0.000000000000000000e+00,4.300000000000000000e+01,4.302586073014551005e+01,6.000000000000000000e+01
2.990000000000000000e+03,0.000000000000000000e+00,2.313975593783498041e+01,-1.075568898901800713e-01,2.323830182259043298e+01,9.011005134728711577e-03,0.000000000000000000e+00,4.300000000000000000e+01,4.302571458948887795e+01,6.000000000000000000e+01
2.991000000000000000e+03,0.000000000000000000e+00,2.313966404097542195e+01,-1.069490789573326744e-01,2.323765167621379391e+01,8.961443718961124502e-03,0.000000000000000000e+00,4.300000000000000000e+01,4.302556925539472843e+01,6.000000000000000000e+01
2.992000000000000000e+03,0.000000000000000000e+00,2.313957272590543113e+01,-1.063446225837587494e-01,2.323700520434398342e+01,8.912144145205583984e-03,0.000000000000000000e+00,4.300000000000000000e+01,4.302542472357761483e+01,6.000000000000000000e+01
2.993000000000000000e+03,0.000000000000000000e+00,2.313948198887495167e+01,-1.057435029459354442e-01,2.323636238669689646e+01,8.863105123989320142e-03,0.000000000000000000e+00,4.300000000000000000e+01,4.302528098977339255e+01,6.000000000000000000e+01
2.994000000000000000e+03,0.000000000000000000e+00,2.313939182615871815e+01,-1.051457023089369391e-01,2.323572320309623507e+01,8.814325371423015199e-03,0.000000000000000000e+00,4.300000000000000000e+01,4.302513804973916933e+01,6.000000000000000000e+01
2.995000000000000000e+03,0.000000000000000000e+00,2.313930223405576214e+01,-1.045512030262276126e-01,2.323508763347297545e+01,8.765803609011947606e-03,0.000000000000000000e+00,4.300000000000000000e+01,4.302499589925318446e+01,6.000000000000000000e+01
2.996000000000000000e+03,0.000000000000000000e+00,2.313921320888943001e+01,-1.039599875391596651e-01,2.323445565786483513e+01,8.717538563755360473e-03,0.000000000000000000e+00,4.300000000000000000e+01,4.302485453411471639e+01,6.000000000000000000e+01
2.997000000000000000e+03,0.000000000000000000e+00,2.313912474700727628e+01,-1.033720383765889261e-01,2.323382725641573643e+01,8.669528968128916574e-03,0.000000000000000000e+00,4.300000000000000000e+01,4.302471395014399036e+01,6.000000000000000000e+01
2.998000000000000000e+03,0.000000000000000000e+00,2.313903684478086120e+01,-1.027873381544906345e-01,2.323320240937528425e+01,8.621773560068345110e-03,0.000000000000000000e+00,4.300000000000000000e+01,4.302457414318211448e+01,6.000000000000000000e+01
2.999000000000000000e+03,0.000000000000000000e+00,2.313894949860537764e+01,-1.022058695756935670e-01,2.323258109709822961e+01,8.574271082844076713e-03,0.000000000000000000e+00,4.300000000000000000e+01,4.302443510909093050e+01,6.000000000000000000e+01
